ISO-10303-21;
HEADER;
FILE_DESCRIPTION(('Open CASCADE Model'),'2;1');
FILE_NAME('Open CASCADE Shape Model','2026-09-29T11:29:01',('Author'),(
    'Open CASCADE'),'Open CASCADE STEP processor 7.9','Open CASCADE 7.9'
  ,'Unknown');
FILE_SCHEMA(('AUTOMOTIVE_DESIGN { 1 0 10303 214 1 1 1 1 }'));
ENDSEC;
DATA;
#1 = APPLICATION_PROTOCOL_DEFINITION('international standard',
  'automotive_design',2000,#2);
#2 = APPLICATION_CONTEXT(
  'core data for automotive mechanical design processes');
#3 = SHAPE_DEFINITION_REPRESENTATION(#4,#10);
#4 = PRODUCT_DEFINITION_SHAPE('','',#5);
#5 = PRODUCT_DEFINITION('design','',#6,#9);
#6 = PRODUCT_DEFINITION_FORMATION('','',#7);
#7 = PRODUCT('Open CASCADE STEP translator 7.9 1',
  'Open CASCADE STEP translator 7.9 1','',(#8));
#8 = PRODUCT_CONTEXT('',#2,'mechanical');
#9 = PRODUCT_DEFINITION_CONTEXT('part definition',#2,'design');
#10 = ADVANCED_BREP_SHAPE_REPRESENTATION('',(#11,#15),#12877);
#11 = AXIS2_PLACEMENT_3D('',#12,#13,#14);
#12 = CARTESIAN_POINT('',(0.,0.,0.));
#13 = DIRECTION('',(0.,0.,1.));
#14 = DIRECTION('',(1.,0.,-0.));
#15 = MANIFOLD_SOLID_BREP('',#16);
#16 = CLOSED_SHELL('',(#17,#897,#3375,#3673,#5668,#7290,#7403,#7455,
    #7482,#7509,#7536,#7563,#7590,#7617,#7650,#7707,#7715,#7974,#10055,
    #10363,#12281,#12673,#12681,#12708,#12735,#12762,#12789,#12816,
    #12843,#12870));
#17 = ADVANCED_FACE('',(#18),#66,.T.);
#18 = FACE_BOUND('',#19,.T.);
#19 = EDGE_LOOP('',(#20,#445,#474,#871));
#20 = ORIENTED_EDGE('',*,*,#21,.T.);
#21 = EDGE_CURVE('',#22,#24,#26,.T.);
#22 = VERTEX_POINT('',#23);
#23 = CARTESIAN_POINT('',(31.958734122635,-7.827632289617E-15,
    7.307189591035));
#24 = VERTEX_POINT('',#25);
#25 = CARTESIAN_POINT('',(-11.23960834475,-29.91708359746,8.));
#26 = SURFACE_CURVE('',#27,(#65,#111),.PCURVE_S1.);
#27 = B_SPLINE_CURVE_WITH_KNOTS('',8,(#28,#29,#30,#31,#32,#33,#34,#35,
    #36,#37,#38,#39,#40,#41,#42,#43,#44,#45,#46,#47,#48,#49,#50,#51,#52,
    #53,#54,#55,#56,#57,#58,#59,#60,#61,#62,#63,#64),.UNSPECIFIED.,.F.,
  .F.,(9,7,7,7,7,9),(0.,0.15673078432,0.410653134122,0.605872998822,
    0.792529331222,1.),.UNSPECIFIED.);
#28 = CARTESIAN_POINT('',(31.958734122635,-5.684341886081E-14,
    7.307189591035));
#29 = CARTESIAN_POINT('',(31.958743381691,3.683021418584,7.32553130819)
  );
#30 = CARTESIAN_POINT('',(31.47359798186,7.370169655961,7.343909140735)
  );
#31 = CARTESIAN_POINT('',(30.501750981984,10.979997205612,7.362257733282
    ));
#32 = CARTESIAN_POINT('',(29.059284425963,14.438717377058,7.380583956662
    ));
#33 = CARTESIAN_POINT('',(27.174004803939,17.67774774324,7.398915796636)
  );
#34 = CARTESIAN_POINT('',(24.883502338898,20.633179048487,7.41726941568)
  );
#35 = CARTESIAN_POINT('',(22.237174098709,23.247169577058,7.435634387817
    ));
#36 = CARTESIAN_POINT('',(14.547278805777,29.074633352054,7.483694100922
    ));
#37 = CARTESIAN_POINT('',(8.98180115941,31.694593964842,7.513668168446)
  );
#38 = CARTESIAN_POINT('',(2.911095370164,33.054684514816,7.543454809038)
  );
#39 = CARTESIAN_POINT('',(-3.338382636941,33.102613362088,7.573177235817
    ));
#40 = CARTESIAN_POINT('',(-9.452496566972,31.807887052476,7.602927098752
    ));
#41 = CARTESIAN_POINT('',(-15.12953139977,29.262902410098,7.632713945887
    ));
#42 = CARTESIAN_POINT('',(-20.05976088305,25.584429984726,7.662680069889
    ));
#43 = CARTESIAN_POINT('',(-27.02833945936,17.659793117369,7.71523309454)
  );
#44 = CARTESIAN_POINT('',(-29.50155217975,13.707933236287,7.738143633662
    ));
#45 = CARTESIAN_POINT('',(-31.30250727008,9.369370142171,7.761009350435)
  );
#46 = CARTESIAN_POINT('',(-32.37290191315,4.779377197349,7.783858075399)
  );
#47 = CARTESIAN_POINT('',(-32.67467474156,7.573593677906E-02,
    7.806713869737));
#48 = CARTESIAN_POINT('',(-32.20417292491,-4.598620538845,7.829586849084
    ));
#49 = CARTESIAN_POINT('',(-30.97814527916,-9.09684470878,7.852499154266)
  );
#50 = CARTESIAN_POINT('',(-27.25295021482,-17.25898481402,7.897173046472
    ));
#51 = CARTESIAN_POINT('',(-24.80153320363,-20.97306871425,7.919063174367
    ));
#52 = CARTESIAN_POINT('',(-21.77483874031,-24.27872239925,7.940918108339
    ));
#53 = CARTESIAN_POINT('',(-18.25621488051,-27.07665076455,7.962761144174
    ));
#54 = CARTESIAN_POINT('',(-14.34314181145,-29.28940514229,7.984621391999
    ));
#55 = CARTESIAN_POINT('',(-10.14398257416,-30.85590823137,8.006501149792
    ));
#56 = CARTESIAN_POINT('',(-5.781642129668,-31.73591808098,8.028379507));
#57 = CARTESIAN_POINT('',(3.469372233752,-32.14164138021,8.074480938462)
  );
#58 = CARTESIAN_POINT('',(8.395616449378,-31.50714341587,8.098887579694)
  );
#59 = CARTESIAN_POINT('',(13.173855331648,-30.00430784968,8.123184208796
    ));
#60 = CARTESIAN_POINT('',(17.634380787152,-27.68579046338,8.14743049965)
  );
#61 = CARTESIAN_POINT('',(21.621039700516,-24.62380297852,8.171728874384
    ));
#62 = CARTESIAN_POINT('',(25.003030130836,-20.92925388939,8.196038466816
    ));
#63 = CARTESIAN_POINT('',(27.660731515633,-16.73330862118,8.220415944244
    ));
#64 = CARTESIAN_POINT('',(29.526025811965,-12.23006485969,8.244692993337
    ));
#65 = PCURVE('',#66,#71);
#66 = CYLINDRICAL_SURFACE('',#67,31.958734122635);
#67 = AXIS2_PLACEMENT_3D('',#68,#69,#70);
#68 = CARTESIAN_POINT('',(0.,0.,0.));
#69 = DIRECTION('',(0.,0.,1.));
#70 = DIRECTION('',(1.,0.,-0.));
#71 = DEFINITIONAL_REPRESENTATION('',(#72),#110);
#72 = B_SPLINE_CURVE_WITH_KNOTS('',8,(#73,#74,#75,#76,#77,#78,#79,#80,
    #81,#82,#83,#84,#85,#86,#87,#88,#89,#90,#91,#92,#93,#94,#95,#96,#97,
    #98,#99,#100,#101,#102,#103,#104,#105,#106,#107,#108,#109),
  .UNSPECIFIED.,.F.,.F.,(9,7,7,7,7,9),(0.,0.15673078432,0.410653134122,
    0.605872998822,0.792529331222,1.),.UNSPECIFIED.);
#73 = CARTESIAN_POINT('',(0.,7.307189591035));
#74 = CARTESIAN_POINT('',(0.115244457993,7.32553130819));
#75 = CARTESIAN_POINT('',(0.230608566072,7.343909140735));
#76 = CARTESIAN_POINT('',(0.345909338094,7.362257733282));
#77 = CARTESIAN_POINT('',(0.461140712883,7.380583956662));
#78 = CARTESIAN_POINT('',(0.576382101445,7.398915796636));
#79 = CARTESIAN_POINT('',(0.691706851767,7.41726941568));
#80 = CARTESIAN_POINT('',(0.807090631194,7.435634387817));
#81 = CARTESIAN_POINT('',(1.109003709929,7.483694100922));
#82 = CARTESIAN_POINT('',(1.297279863298,7.513668168446));
#83 = CARTESIAN_POINT('',(1.484413312776,7.543454809038));
#84 = CARTESIAN_POINT('',(1.671306717937,7.573177235817));
#85 = CARTESIAN_POINT('',(1.858198881829,7.602927098752));
#86 = CARTESIAN_POINT('',(2.045338497702,7.632713945887));
#87 = CARTESIAN_POINT('',(2.233613652597,7.662680069889));
#88 = CARTESIAN_POINT('',(2.563818574642,7.71523309454));
#89 = CARTESIAN_POINT('',(2.707777103313,7.738143633662));
#90 = CARTESIAN_POINT('',(2.851455025767,7.761009350435));
#91 = CARTESIAN_POINT('',(2.995017004236,7.783858075399));
#92 = CARTESIAN_POINT('',(3.13858234984,7.806713869737));
#93 = CARTESIAN_POINT('',(3.282273558498,7.829586849084));
#94 = CARTESIAN_POINT('',(3.426243016981,7.852499154266));
#95 = CARTESIAN_POINT('',(3.706981526767,7.897173046472));
#96 = CARTESIAN_POINT('',(3.844556446351,7.919063174367));
#97 = CARTESIAN_POINT('',(3.981911164607,7.940918108339));
#98 = CARTESIAN_POINT('',(4.119160249625,7.962761144174));
#99 = CARTESIAN_POINT('',(4.256406820556,7.984621391999));
#100 = CARTESIAN_POINT('',(4.393757761138,8.006501149792));
#101 = CARTESIAN_POINT('',(4.531334005963,8.028379507));
#102 = CARTESIAN_POINT('',(4.821080287686,8.074480938462));
#103 = CARTESIAN_POINT('',(4.974199393498,8.098887579694));
#104 = CARTESIAN_POINT('',(5.126939920757,8.123184208796));
#105 = CARTESIAN_POINT('',(5.279531566054,8.14743049965));
#106 = CARTESIAN_POINT('',(5.432121105945,8.171728874384));
#107 = CARTESIAN_POINT('',(5.584851678457,8.196038466816));
#108 = CARTESIAN_POINT('',(5.737968150011,8.220415944244));
#109 = CARTESIAN_POINT('',(5.890486672828,8.244692993337));
#110 = ( GEOMETRIC_REPRESENTATION_CONTEXT(2) 
PARAMETRIC_REPRESENTATION_CONTEXT() REPRESENTATION_CONTEXT('2D SPACE',''
  ) );
#111 = PCURVE('',#112,#405);
#112 = B_SPLINE_SURFACE_WITH_KNOTS('',1,10,(
    (#113,#114,#115,#116,#117,#118,#119,#120,#121,#122,#123,#124,#125
      ,#126,#127,#128,#129,#130,#131,#132,#133,#134,#135,#136,#137,#138
      ,#139,#140,#141,#142,#143,#144,#145,#146,#147,#148,#149,#150,#151
      ,#152,#153,#154,#155,#156,#157,#158,#159,#160,#161,#162,#163,#164
      ,#165,#166,#167,#168,#169,#170,#171,#172,#173,#174,#175,#176,#177
      ,#178,#179,#180,#181,#182,#183,#184,#185,#186,#187,#188,#189,#190
      ,#191,#192,#193,#194,#195,#196,#197,#198,#199,#200,#201,#202,#203
      ,#204,#205,#206,#207,#208,#209,#210,#211,#212,#213,#214,#215,#216
      ,#217,#218,#219,#220,#221,#222,#223,#224,#225,#226,#227,#228,#229
      ,#230,#231,#232,#233,#234,#235,#236,#237,#238,#239,#240,#241,#242
      ,#243,#244,#245,#246,#247,#248,#249,#250,#251,#252,#253,#254,#255
      ,#256,#257,#258)
    ,(#259,#260,#261,#262,#263,#264,#265,#266,#267,#268,#269,#270,#271
      ,#272,#273,#274,#275,#276,#277,#278,#279,#280,#281,#282,#283,#284
      ,#285,#286,#287,#288,#289,#290,#291,#292,#293,#294,#295,#296,#297
      ,#298,#299,#300,#301,#302,#303,#304,#305,#306,#307,#308,#309,#310
      ,#311,#312,#313,#314,#315,#316,#317,#318,#319,#320,#321,#322,#323
      ,#324,#325,#326,#327,#328,#329,#330,#331,#332,#333,#334,#335,#336
      ,#337,#338,#339,#340,#341,#342,#343,#344,#345,#346,#347,#348,#349
      ,#350,#351,#352,#353,#354,#355,#356,#357,#358,#359,#360,#361,#362
      ,#363,#364,#365,#366,#367,#368,#369,#370,#371,#372,#373,#374,#375
      ,#376,#377,#378,#379,#380,#381,#382,#383,#384,#385,#386,#387,#388
      ,#389,#390,#391,#392,#393,#394,#395,#396,#397,#398,#399,#400,#401
      ,#402,#403,#404
    )),.UNSPECIFIED.,.F.,.F.,.F.,(2,2),(11,9,9,9,9,9,9,9,9,9,9,9,9,9,9,9
    ,11),(0.,0.758620302397),(0.,4.771698848675,9.543397697351,
    14.315096546026,19.086795394702,23.858494243377,28.630193092053,
    33.401891940728,38.173590789404,42.945289638079,47.716988486755,
    52.48868733543,57.260386184106,62.032085032781,66.803783881457,
    71.575482730132,76.347181578808),.UNSPECIFIED.);
#113 = CARTESIAN_POINT('',(32.499999929725,3.049635211028E-09,
    -1.937500002261));
#114 = CARTESIAN_POINT('',(32.499999924627,15.315264490635,
    -1.862499970294));
#115 = CARTESIAN_POINT('',(24.481570114736,30.630998479457,
    -1.787500092127));
#116 = CARTESIAN_POINT('',(8.438906238289,41.219449705649,
    -1.712499844085));
#117 = CARTESIAN_POINT('',(-12.42114330104,42.374600720136,
    -1.637500133051));
#118 = CARTESIAN_POINT('',(-31.82287455458,31.822874490668,
    -1.562499990824));
#119 = CARTESIAN_POINT('',(-42.37460068666,12.421143356267,
    -1.487499881986));
#120 = CARTESIAN_POINT('',(-41.21944971793,-8.43890629264,
    -1.412500141579));
#121 = CARTESIAN_POINT('',(-30.63099847222,-24.48157009802,
    -1.337499916123));
#122 = CARTESIAN_POINT('',(-15.31526448456,-32.49999993353,
    -1.262500022975));
#123 = CARTESIAN_POINT('',(15.315264490645,-32.49999992526,
    -1.112499975817));
#124 = CARTESIAN_POINT('',(30.630998479461,-24.48157011376,
    -1.037500083689));
#125 = CARTESIAN_POINT('',(41.219449705611,-8.438906239498,
    -0.962499854542));
#126 = CARTESIAN_POINT('',(42.374600720214,12.421143302279,
    -0.88750012245));
#127 = CARTESIAN_POINT('',(31.822874490571,31.822874553565,
    -0.81249999959));
#128 = CARTESIAN_POINT('',(12.421143356349,42.37460068734,
    -0.737499876163));
#129 = CARTESIAN_POINT('',(-8.438906292688,41.219449717585,
    -0.66250014457));
#130 = CARTESIAN_POINT('',(-24.48157009801,30.630998472346,
    -0.587499915039));
#131 = CARTESIAN_POINT('',(-32.49999993353,15.315264484542,
    -0.512500023167));
#132 = CARTESIAN_POINT('',(-32.49999992525,-15.31526449063,
    -0.362499975722));
#133 = CARTESIAN_POINT('',(-24.48157011378,-30.63099847946,
    -0.287500083833));
#134 = CARTESIAN_POINT('',(-8.438906239463,-41.21944970562,
    -0.212499854364));
#135 = CARTESIAN_POINT('',(12.421143302226,-42.37460072016,
    -0.13750012263));
#136 = CARTESIAN_POINT('',(31.822874553619,-31.82287449063,
    -6.249999944128E-02));
#137 = CARTESIAN_POINT('',(42.374600687301,-12.42114335628,
    1.250012373826E-02));
#138 = CARTESIAN_POINT('',(41.219449717604,8.438906292649,
    8.749985548023E-02));
#139 = CARTESIAN_POINT('',(30.630998472341,24.481570098026,
    0.162500084942));
#140 = CARTESIAN_POINT('',(15.315264484542,32.499999933534,
    0.237499976836));
#141 = CARTESIAN_POINT('',(-15.31526449063,32.49999992526,0.387500024276
    ));
#142 = CARTESIAN_POINT('',(-30.63099847948,24.481570113767,0.46249991617
    ));
#143 = CARTESIAN_POINT('',(-41.21944970558,8.438906239494,0.537500145633
    ));
#144 = CARTESIAN_POINT('',(-42.37460072024,-12.42114330227,
    0.612499877373));
#145 = CARTESIAN_POINT('',(-31.82287449054,-31.82287455356,
    0.687500000556));
#146 = CARTESIAN_POINT('',(-12.42114335636,-42.37460068733,0.76250012374
    ));
#147 = CARTESIAN_POINT('',(8.438906292693,-41.21944971758,0.837499855479
    ));
#148 = CARTESIAN_POINT('',(24.481570098012,-30.63099847234,
    0.912500084943));
#149 = CARTESIAN_POINT('',(32.499999933536,-15.31526448454,
    0.987499976836));
#150 = CARTESIAN_POINT('',(32.499999925259,15.315264490636,
    1.137500024276));
#151 = CARTESIAN_POINT('',(24.481570113764,30.630998479464,1.21249991617
    ));
#152 = CARTESIAN_POINT('',(8.438906239506,41.219449705621,1.287500145633
    ));
#153 = CARTESIAN_POINT('',(-12.42114330229,42.374600720187,
    1.362499877372));
#154 = CARTESIAN_POINT('',(-31.82287455354,31.822874490603,
    1.437500000557));
#155 = CARTESIAN_POINT('',(-42.37460068736,12.421143356324,
    1.512500123739));
#156 = CARTESIAN_POINT('',(-41.21944971757,-8.438906292672,1.58749985548
    ));
#157 = CARTESIAN_POINT('',(-30.63099847235,-24.48157009801,
    1.662500084942));
#158 = CARTESIAN_POINT('',(-15.31526448454,-32.49999993353,
    1.737499976836));
#159 = CARTESIAN_POINT('',(15.315264490632,-32.49999992526,
    1.887500024276));
#160 = CARTESIAN_POINT('',(30.630998479488,-24.48157011376,
    1.962499916171));
#161 = CARTESIAN_POINT('',(41.219449705565,-8.438906239495,2.03750014563
    ));
#162 = CARTESIAN_POINT('',(42.374600720272,12.421143302272,
    2.112499877378));
#163 = CARTESIAN_POINT('',(31.822874490515,31.822874553576,2.18750000055
    ));
#164 = CARTESIAN_POINT('',(12.421143356388,42.374600687327,
    2.262500123745));
#165 = CARTESIAN_POINT('',(-8.438906292707,41.219449717596,
    2.337499855476));
#166 = CARTESIAN_POINT('',(-24.481570098,30.63099847234,2.412500084944)
  );
#167 = CARTESIAN_POINT('',(-32.49999993353,15.315264484544,
    2.487499976836));
#168 = CARTESIAN_POINT('',(-32.49999992525,-15.31526449063,
    2.637500024276));
#169 = CARTESIAN_POINT('',(-24.48157011377,-30.63099847944,
    2.712499916168));
#170 = CARTESIAN_POINT('',(-8.438906239482,-41.21944970566,
    2.787500145636));
#171 = CARTESIAN_POINT('',(12.421143302258,-42.37460072011,
    2.862499877367));
#172 = CARTESIAN_POINT('',(31.822874553585,-31.82287449068,
    2.937500000562));
#173 = CARTESIAN_POINT('',(42.374600687327,-12.42114335625,
    3.012500123736));
#174 = CARTESIAN_POINT('',(41.219449717591,8.438906292633,3.087499855481
    ));
#175 = CARTESIAN_POINT('',(30.630998472344,24.481570098032,
    3.162500084942));
#176 = CARTESIAN_POINT('',(15.315264484542,32.499999933532,
    3.237499976836));
#177 = CARTESIAN_POINT('',(-15.31526449063,32.499999925262,
    3.387500024276));
#178 = CARTESIAN_POINT('',(-30.63099847947,24.48157011376,3.46249991617)
  );
#179 = CARTESIAN_POINT('',(-41.2194497056,8.438906239503,3.537500145632)
  );
#180 = CARTESIAN_POINT('',(-42.3746007202,-12.42114330228,3.612499877375
    ));
#181 = CARTESIAN_POINT('',(-31.82287449058,-31.82287455355,
    3.687500000553));
#182 = CARTESIAN_POINT('',(-12.42114335632,-42.37460068734,
    3.762500123743));
#183 = CARTESIAN_POINT('',(8.438906292675,-41.21944971758,3.837499855478
    ));
#184 = CARTESIAN_POINT('',(24.481570098016,-30.63099847234,
    3.912500084943));
#185 = CARTESIAN_POINT('',(32.499999933537,-15.31526448454,
    3.987499976836));
#186 = CARTESIAN_POINT('',(32.499999925256,15.315264490638,
    4.137500024276));
#187 = CARTESIAN_POINT('',(24.481570113785,30.630998479447,
    4.212499916168));
#188 = CARTESIAN_POINT('',(8.438906239452,41.21944970567,4.287500145637)
  );
#189 = CARTESIAN_POINT('',(-12.4211433022,42.374600720098,4.362499877367
    ));
#190 = CARTESIAN_POINT('',(-31.82287455363,31.822874490716,
    4.437500000562));
#191 = CARTESIAN_POINT('',(-42.37460068728,12.421143356225,
    4.512500123736));
#192 = CARTESIAN_POINT('',(-41.21944971761,-8.438906292615,
    4.587499855481));
#193 = CARTESIAN_POINT('',(-30.63099847233,-24.48157009803,
    4.662500084943));
#194 = CARTESIAN_POINT('',(-15.31526448454,-32.49999993353,
    4.737499976836));
#195 = CARTESIAN_POINT('',(15.31526449064,-32.49999992526,4.887500024276
    ));
#196 = CARTESIAN_POINT('',(30.630998479446,-24.48157011377,
    4.962499916168));
#197 = CARTESIAN_POINT('',(41.219449705667,-8.438906239486,
    5.037500145638));
#198 = CARTESIAN_POINT('',(42.374600720108,12.421143302262,
    5.112499877364));
#199 = CARTESIAN_POINT('',(31.822874490702,31.822874553579,
    5.187500000566));
#200 = CARTESIAN_POINT('',(12.421143356237,42.374600687332,
    5.262500123732));
#201 = CARTESIAN_POINT('',(-8.438906292621,41.219449717589,
    5.337499855483));
#202 = CARTESIAN_POINT('',(-24.48157009803,30.630998472344,
    5.412500084942));
#203 = CARTESIAN_POINT('',(-32.49999993353,15.315264484542,
    5.487499976836));
#204 = CARTESIAN_POINT('',(-32.49999992526,-15.31526449063,
    5.637500024276));
#205 = CARTESIAN_POINT('',(-24.48157011376,-30.63099847945,5.71249991617
    ));
#206 = CARTESIAN_POINT('',(-8.438906239501,-41.21944970563,
    5.787500145633));
#207 = CARTESIAN_POINT('',(12.421143302289,-42.37460072015,
    5.862499877373));
#208 = CARTESIAN_POINT('',(31.822874553544,-31.82287449065,
    5.937500000556));
#209 = CARTESIAN_POINT('',(42.374600687365,-12.42114335627,6.01250012374
    ));
#210 = CARTESIAN_POINT('',(41.219449717566,8.43890629264,6.087499855479)
  );
#211 = CARTESIAN_POINT('',(30.630998472356,24.48157009803,6.162500084943
    ));
#212 = CARTESIAN_POINT('',(15.315264484538,32.499999933533,
    6.237499976836));
#213 = CARTESIAN_POINT('',(-15.31526449063,32.499999925261,
    6.387500024276));
#214 = CARTESIAN_POINT('',(-30.63099847949,24.481570113764,
    6.462499916172));
#215 = CARTESIAN_POINT('',(-41.21944970554,8.438906239498,6.537500145625
    ));
#216 = CARTESIAN_POINT('',(-42.3746007203,-12.42114330227,6.612499877387
    ));
#217 = CARTESIAN_POINT('',(-31.82287449048,-31.82287455356,6.68750000054
    ));
#218 = CARTESIAN_POINT('',(-12.4211433564,-42.37460068733,6.762500123753
    ));
#219 = CARTESIAN_POINT('',(8.438906292711,-41.21944971759,6.837499855473
    ));
#220 = CARTESIAN_POINT('',(24.481570098005,-30.63099847234,
    6.912500084944));
#221 = CARTESIAN_POINT('',(32.499999933537,-15.31526448454,
    6.987499976836));
#222 = CARTESIAN_POINT('',(32.499999925258,15.315264490636,
    7.137500024276));
#223 = CARTESIAN_POINT('',(24.481570113769,30.630998479469,
    7.212499916169));
#224 = CARTESIAN_POINT('',(8.438906239494,41.219449705609,7.287500145634
    ));
#225 = CARTESIAN_POINT('',(-12.42114330228,42.374600720205,
    7.362499877371));
#226 = CARTESIAN_POINT('',(-31.82287455354,31.822874490592,
    7.437500000558));
#227 = CARTESIAN_POINT('',(-42.37460068737,12.421143356322,
    7.512500123739));
#228 = CARTESIAN_POINT('',(-41.21944971755,-8.438906292667,7.58749985548
    ));
#229 = CARTESIAN_POINT('',(-30.63099847235,-24.48157009802,
    7.662500084942));
#230 = CARTESIAN_POINT('',(-15.31526448453,-32.49999993353,
    7.737499976837));
#231 = CARTESIAN_POINT('',(15.31526449063,-32.49999992526,7.887500024276
    ));
#232 = CARTESIAN_POINT('',(30.630998479494,-24.48157011376,
    7.962499916173));
#233 = CARTESIAN_POINT('',(41.21944970555,-8.438906239494,8.037500145625
    ));
#234 = CARTESIAN_POINT('',(42.374600720293,12.421143302273,
    8.112499877387));
#235 = CARTESIAN_POINT('',(31.822874490498,31.822874553568,8.18750000054
    ));
#236 = CARTESIAN_POINT('',(12.421143356394,42.374600687342,
    8.262500123752));
#237 = CARTESIAN_POINT('',(-8.438906292707,41.219449717584,
    8.337499855472));
#238 = CARTESIAN_POINT('',(-24.481570098,30.630998472346,8.412500084946)
  );
#239 = CARTESIAN_POINT('',(-32.49999993353,15.315264484543,
    8.487499976835));
#240 = CARTESIAN_POINT('',(-32.49999992525,-15.31526449063,
    8.637500024279));
#241 = CARTESIAN_POINT('',(-24.48157011376,-30.63099847946,
    8.712499916152));
#242 = CARTESIAN_POINT('',(-8.438906239493,-41.21944970562,
    8.787500145681));
#243 = CARTESIAN_POINT('',(12.421143302283,-42.37460072017,
    8.862499877281));
#244 = CARTESIAN_POINT('',(31.822874553545,-31.82287449062,
    8.937500000694));
#245 = CARTESIAN_POINT('',(42.374600687371,-12.42114335629,
    9.012500123571));
#246 = CARTESIAN_POINT('',(41.219449717557,8.43890629265,9.087499855649)
  );
#247 = CARTESIAN_POINT('',(30.630998472364,24.481570098026,
    9.162500084803));
#248 = CARTESIAN_POINT('',(15.315264484532,32.499999933534,
    9.237499976929));
#249 = CARTESIAN_POINT('',(-15.31526449061,32.49999992526,9.387500024088
    ));
#250 = CARTESIAN_POINT('',(-30.63099847957,24.481570113764,
    9.462499917233));
#251 = CARTESIAN_POINT('',(-41.21944970531,8.4389062395,9.537500142697)
  );
#252 = CARTESIAN_POINT('',(-42.37460072078,-12.42114330228,
    9.612499883088));
#253 = CARTESIAN_POINT('',(-31.82287448969,-31.82287455354,
    9.687499991947));
#254 = CARTESIAN_POINT('',(-12.42114335744,-42.37460068738,
    9.762500134155));
#255 = CARTESIAN_POINT('',(8.438906293805,-41.21944971752,9.837499845201
    ));
#256 = CARTESIAN_POINT('',(24.481570097087,-30.6309984724,9.912500093239
    ));
#257 = CARTESIAN_POINT('',(32.499999934153,-15.31526448449,
    9.987499971406));
#258 = CARTESIAN_POINT('',(32.499999929074,3.021472521253E-09,
    10.062500003374));
#259 = CARTESIAN_POINT('',(31.808734053869,-8.563958431296E-10,
    -1.624999998923));
#260 = CARTESIAN_POINT('',(31.808734032314,14.989512689249,
    -1.550000007782));
#261 = CARTESIAN_POINT('',(23.960853698019,29.979487757687,
    -1.474999974017));
#262 = CARTESIAN_POINT('',(8.259414832813,40.342718608125,-1.40000004276
    ));
#263 = CARTESIAN_POINT('',(-12.15695370438,41.473312444649,
    -1.324999962674));
#264 = CARTESIAN_POINT('',(-31.14600364012,31.146003293895,
    -1.250000002096));
#265 = CARTESIAN_POINT('',(-41.47331222923,12.156954085476,
    -1.175000032252));
#266 = CARTESIAN_POINT('',(-40.34271869163,-8.259415110561,
    -1.099999960315));
#267 = CARTESIAN_POINT('',(-29.97948774315,-23.96085356186,
    -1.025000022794));
#268 = CARTESIAN_POINT('',(-14.98951269081,-31.80873406775,
    -0.949999993182));
#269 = CARTESIAN_POINT('',(14.989512689171,-31.80873403607,
    -0.800000006251));
#270 = CARTESIAN_POINT('',(29.979487757827,-23.96085369226,
    -0.724999976357));
#271 = CARTESIAN_POINT('',(40.342718607917,-8.259414839955,
    -0.650000039858));
#272 = CARTESIAN_POINT('',(41.4733124449,12.156953711638,-0.574999965617
    ));
#273 = CARTESIAN_POINT('',(31.146003293654,31.146003634122,
    -0.49999999966));
#274 = CARTESIAN_POINT('',(12.156954085653,41.473312233225,
    -0.425000033871));
#275 = CARTESIAN_POINT('',(-8.259415110658,40.34271868958,
    -0.349999959483));
#276 = CARTESIAN_POINT('',(-23.96085356182,29.979487743898,
    -0.275000023095));
#277 = CARTESIAN_POINT('',(-31.80873406776,14.98951269068,
    -0.199999993129));
#278 = CARTESIAN_POINT('',(-31.80873403607,-14.9895126891,
    -5.000000627742E-02));
#279 = CARTESIAN_POINT('',(-23.96085369228,-29.9794877579,
    2.500002368316E-02));
#280 = CARTESIAN_POINT('',(-8.259414839911,-40.34271860783,
    9.999996009071E-02));
#281 = CARTESIAN_POINT('',(12.156953711571,-41.47331244494,
    0.175000034435));
#282 = CARTESIAN_POINT('',(31.146003634195,-31.14600329364,
    0.250000000296));
#283 = CARTESIAN_POINT('',(41.473312233168,-12.15695408564,
    0.324999966159));
#284 = CARTESIAN_POINT('',(40.34271868961,8.259415110646,0.400000040501)
  );
#285 = CARTESIAN_POINT('',(29.979487743889,23.960853561834,
    0.474999976911));
#286 = CARTESIAN_POINT('',(14.98951269068,31.80873406776,0.55000000687)
  );
#287 = CARTESIAN_POINT('',(-14.9895126891,31.808734036075,0.699999993723
    ));
#288 = CARTESIAN_POINT('',(-29.97948775792,23.960853692269,
    0.775000023683));
#289 = CARTESIAN_POINT('',(-40.34271860778,8.259414839945,0.849999960091
    ));
#290 = CARTESIAN_POINT('',(-41.47331244503,-12.15695371162,
    0.925000034435));
#291 = CARTESIAN_POINT('',(-31.14600329354,-31.14600363413,
    1.000000000296));
#292 = CARTESIAN_POINT('',(-12.15695408572,-41.47331223321,
    1.074999966159));
#293 = CARTESIAN_POINT('',(8.259415110691,-40.34271868958,1.150000040501
    ));
#294 = CARTESIAN_POINT('',(23.96085356182,-29.97948774389,1.224999976911
    ));
#295 = CARTESIAN_POINT('',(31.808734067762,-14.98951269068,1.30000000687
    ));
#296 = CARTESIAN_POINT('',(31.808734036075,14.989512689109,
    1.449999993723));
#297 = CARTESIAN_POINT('',(23.960853692265,29.979487757911,
    1.525000023682));
#298 = CARTESIAN_POINT('',(8.259414839959,40.342718607829,1.599999960092
    ));
#299 = CARTESIAN_POINT('',(-12.15695371165,41.473312444972,
    1.675000034434));
#300 = CARTESIAN_POINT('',(-31.1460036341,31.146003293606,1.750000000297
    ));
#301 = CARTESIAN_POINT('',(-41.47331223324,12.15695408568,1.824999966158
    ));
#302 = CARTESIAN_POINT('',(-40.34271868956,-8.259415110669,
    1.900000040502));
#303 = CARTESIAN_POINT('',(-29.9794877439,-23.96085356182,1.97499997691)
  );
#304 = CARTESIAN_POINT('',(-14.98951269067,-31.80873406776,2.05000000687
    ));
#305 = CARTESIAN_POINT('',(14.989512689104,-31.80873403607,
    2.199999993723));
#306 = CARTESIAN_POINT('',(29.979487757935,-23.96085369226,
    2.275000023684));
#307 = CARTESIAN_POINT('',(40.342718607772,-8.259414839946,
    2.349999960087));
#308 = CARTESIAN_POINT('',(41.473312445059,12.156953711625,
    2.425000034442));
#309 = CARTESIAN_POINT('',(31.146003293516,31.146003634139,
    2.500000000287));
#310 = CARTESIAN_POINT('',(12.156954085745,41.473312233208,
    2.574999966167));
#311 = CARTESIAN_POINT('',(-8.259415110703,40.342718689592,
    2.650000040496));
#312 = CARTESIAN_POINT('',(-23.96085356181,29.979487743892,
    2.724999976913));
#313 = CARTESIAN_POINT('',(-31.80873406776,14.989512690682,
    2.800000006869));
#314 = CARTESIAN_POINT('',(-31.80873403607,-14.98951268911,
    2.949999993724));
#315 = CARTESIAN_POINT('',(-23.96085369227,-29.97948775789,3.02500002368
    ));
#316 = CARTESIAN_POINT('',(-8.259414839933,-40.34271860787,
    3.099999960097));
#317 = CARTESIAN_POINT('',(12.156953711608,-41.47331244489,
    3.175000034426));
#318 = CARTESIAN_POINT('',(31.146003634154,-31.14600329369,
    3.250000000306));
#319 = CARTESIAN_POINT('',(41.473312233201,-12.1569540856,3.324999966152
    ));
#320 = CARTESIAN_POINT('',(40.342718689593,8.259415110627,3.400000040505
    ));
#321 = CARTESIAN_POINT('',(29.979487743894,23.960853561842,
    3.474999976909));
#322 = CARTESIAN_POINT('',(14.98951269068,31.808734067758,3.55000000687)
  );
#323 = CARTESIAN_POINT('',(-14.9895126891,31.808734036077,3.699999993723
    ));
#324 = CARTESIAN_POINT('',(-29.97948775791,23.960853692262,
    3.775000023683));
#325 = CARTESIAN_POINT('',(-40.34271860781,8.259414839954,3.84999996009)
  );
#326 = CARTESIAN_POINT('',(-41.47331244499,-12.15695371163,
    3.925000034437));
#327 = CARTESIAN_POINT('',(-31.14600329358,-31.14600363412,
    4.000000000294));
#328 = CARTESIAN_POINT('',(-12.15695408568,-41.47331223322,
    4.074999966161));
#329 = CARTESIAN_POINT('',(8.259415110673,-40.34271868958,4.1500000405)
  );
#330 = CARTESIAN_POINT('',(23.960853561824,-29.97948774389,
    4.224999976912));
#331 = CARTESIAN_POINT('',(31.808734067763,-14.98951269068,4.30000000687
    ));
#332 = CARTESIAN_POINT('',(31.808734036072,14.989512689111,
    4.449999993724));
#333 = CARTESIAN_POINT('',(23.960853692287,29.979487757892,
    4.525000023679));
#334 = CARTESIAN_POINT('',(8.259414839901,40.342718607882,4.599999960098
    ));
#335 = CARTESIAN_POINT('',(-12.15695371155,41.473312444877,
    4.675000034424));
#336 = CARTESIAN_POINT('',(-31.14600363421,31.146003293724,
    4.750000000307));
#337 = CARTESIAN_POINT('',(-41.47331223315,12.156954085579,
    4.824999966152));
#338 = CARTESIAN_POINT('',(-40.34271868962,-8.259415110611,
    4.900000040505));
#339 = CARTESIAN_POINT('',(-29.97948774388,-23.96085356184,4.97499997691
    ));
#340 = CARTESIAN_POINT('',(-14.98951269068,-31.80873406775,5.05000000687
    ));
#341 = CARTESIAN_POINT('',(14.989512689113,-31.80873403607,
    5.199999993724));
#342 = CARTESIAN_POINT('',(29.979487757891,-23.96085369227,
    5.275000023678));
#343 = CARTESIAN_POINT('',(40.342718607878,-8.259414839932,
    5.349999960102));
#344 = CARTESIAN_POINT('',(41.47331244489,12.156953711604,5.425000034418
    ));
#345 = CARTESIAN_POINT('',(31.146003293705,31.146003634159,
    5.500000000315));
#346 = CARTESIAN_POINT('',(12.156954085595,41.473312233194,
    5.574999966144));
#347 = CARTESIAN_POINT('',(-8.25941511062,40.342718689599,5.65000004051)
  );
#348 = CARTESIAN_POINT('',(-23.96085356184,29.97948774389,5.724999976908
    ));
#349 = CARTESIAN_POINT('',(-31.80873406775,14.989512690681,5.80000000687
    ));
#350 = CARTESIAN_POINT('',(-31.80873403607,-14.98951268911,
    5.949999993723));
#351 = CARTESIAN_POINT('',(-23.96085369226,-29.9794877579,6.025000023682
    ));
#352 = CARTESIAN_POINT('',(-8.259414839951,-40.34271860784,
    6.099999960092));
#353 = CARTESIAN_POINT('',(12.156953711637,-41.47331244494,
    6.175000034433));
#354 = CARTESIAN_POINT('',(31.146003634115,-31.14600329365,
    6.250000000298));
#355 = CARTESIAN_POINT('',(41.473312233236,-12.15695408563,
    6.324999966157));
#356 = CARTESIAN_POINT('',(40.342718689569,8.25941511064,6.400000040503)
  );
#357 = CARTESIAN_POINT('',(29.979487743905,23.960853561837,6.47499997691
    ));
#358 = CARTESIAN_POINT('',(14.989512690677,31.808734067759,
    6.550000006871));
#359 = CARTESIAN_POINT('',(-14.9895126891,31.808734036076,6.699999993722
    ));
#360 = CARTESIAN_POINT('',(-29.97948775794,23.960853692267,
    6.775000023689));
#361 = CARTESIAN_POINT('',(-40.34271860775,8.259414839948,6.849999960076
    ));
#362 = CARTESIAN_POINT('',(-41.47331244508,-12.15695371163,
    6.925000034459));
#363 = CARTESIAN_POINT('',(-31.14600329349,-31.14600363412,
    7.000000000269));
#364 = CARTESIAN_POINT('',(-12.15695408575,-41.47331223322,
    7.074999966181));
#365 = CARTESIAN_POINT('',(8.259415110706,-40.34271868958,7.150000040489
    ));
#366 = CARTESIAN_POINT('',(23.960853561815,-29.97948774389,
    7.224999976915));
#367 = CARTESIAN_POINT('',(31.808734067763,-14.98951269068,
    7.300000006869));
#368 = CARTESIAN_POINT('',(31.808734036074,14.989512689109,
    7.449999993724));
#369 = CARTESIAN_POINT('',(23.960853692272,29.979487757915,
    7.525000023681));
#370 = CARTESIAN_POINT('',(8.259414839943,40.342718607819,7.599999960095
    ));
#371 = CARTESIAN_POINT('',(-12.15695371163,41.473312444986,7.67500003443
    ));
#372 = CARTESIAN_POINT('',(-31.14600363411,31.146003293598,
    7.750000000301));
#373 = CARTESIAN_POINT('',(-41.47331223324,12.156954085676,
    7.824999966155));
#374 = CARTESIAN_POINT('',(-40.34271868956,-8.259415110663,
    7.900000040504));
#375 = CARTESIAN_POINT('',(-29.9794877439,-23.96085356183,7.974999976909
    ));
#376 = CARTESIAN_POINT('',(-14.98951269067,-31.80873406776,
    8.050000006871));
#377 = CARTESIAN_POINT('',(14.989512689104,-31.80873403607,
    8.199999993722));
#378 = CARTESIAN_POINT('',(29.97948775794,-23.96085369226,8.275000023688
    ));
#379 = CARTESIAN_POINT('',(40.342718607759,-8.259414839943,
    8.349999960078));
#380 = CARTESIAN_POINT('',(41.473312445076,12.156953711625,
    8.425000034456));
#381 = CARTESIAN_POINT('',(31.146003293504,31.14600363413,8.500000000274
    ));
#382 = CARTESIAN_POINT('',(12.156954085747,41.473312233224,
    8.574999966175));
#383 = CARTESIAN_POINT('',(-8.259415110701,40.342718689579,
    8.650000040494));
#384 = CARTESIAN_POINT('',(-23.96085356181,29.979487743898,
    8.724999976913));
#385 = CARTESIAN_POINT('',(-31.80873406776,14.98951269068,8.80000000687)
  );
#386 = CARTESIAN_POINT('',(-31.80873403607,-14.9895126891,8.949999993722
    ));
#387 = CARTESIAN_POINT('',(-23.96085369226,-29.97948775791,
    9.025000023689));
#388 = CARTESIAN_POINT('',(-8.25941483997,-40.34271860782,9.099999960073
    ));
#389 = CARTESIAN_POINT('',(12.156953711686,-41.47331244496,
    9.175000034472));
#390 = CARTESIAN_POINT('',(31.146003634032,-31.14600329362,
    9.250000000241));
#391 = CARTESIAN_POINT('',(41.473312233346,-12.15695408564,
    9.324999966222));
#392 = CARTESIAN_POINT('',(40.342718689458,8.259415110647,9.400000040443
    ));
#393 = CARTESIAN_POINT('',(29.979487743995,23.960853561836,
    9.474999976954));
#394 = CARTESIAN_POINT('',(14.989512690617,31.808734067759,
    9.550000006843));
#395 = CARTESIAN_POINT('',(-14.98951268898,31.808734036078,
    9.699999993777));
#396 = CARTESIAN_POINT('',(-29.97948775863,23.960853692251,
    9.775000023381));
#397 = CARTESIAN_POINT('',(-40.34271860582,8.259414839991,9.84999996092)
  );
#398 = CARTESIAN_POINT('',(-41.47331244887,-12.15695371171,
    9.925000032828));
#399 = CARTESIAN_POINT('',(-31.14600328771,-31.14600363399,
    10.000000002707));
#400 = CARTESIAN_POINT('',(-12.15695409282,-41.47331223339,
    10.074999963254));
#401 = CARTESIAN_POINT('',(8.259415117752,-40.34271868939,10.15000004336
    ));
#402 = CARTESIAN_POINT('',(23.960853556094,-29.97948774406,
    10.224999974608));
#403 = CARTESIAN_POINT('',(31.808734071521,-14.98951269056,
    10.300000008376));
#404 = CARTESIAN_POINT('',(31.808734049965,-8.485345404566E-10,
    10.374999999516));
#405 = DEFINITIONAL_REPRESENTATION('',(#406),#444);
#406 = B_SPLINE_CURVE_WITH_KNOTS('',8,(#407,#408,#409,#410,#411,#412,
    #413,#414,#415,#416,#417,#418,#419,#420,#421,#422,#423,#424,#425,
    #426,#427,#428,#429,#430,#431,#432,#433,#434,#435,#436,#437,#438,
    #439,#440,#441,#442,#443),.UNSPECIFIED.,.F.,.F.,(9,7,7,7,7,9),(0.,
    0.15673078432,0.410653134122,0.605872998822,0.792529331222,1.),
  .UNSPECIFIED.);
#407 = CARTESIAN_POINT('',(0.594004772087,57.260386184104));
#408 = CARTESIAN_POINT('',(0.594004765703,57.377081068344));
#409 = CARTESIAN_POINT('',(0.594046459374,57.493896439899));
#410 = CARTESIAN_POINT('',(0.59404122522,57.610648768256));
#411 = CARTESIAN_POINT('',(0.594008423879,57.727331026691));
#412 = CARTESIAN_POINT('',(0.593985628701,57.844022795033));
#413 = CARTESIAN_POINT('',(0.593983621677,57.960798645563));
#414 = CARTESIAN_POINT('',(0.593986161094,58.077634812075));
#415 = CARTESIAN_POINT('',(0.594007405695,58.383347770708));
#416 = CARTESIAN_POINT('',(0.594029158488,58.573993725191));
#417 = CARTESIAN_POINT('',(0.594037234497,58.763483064248));
#418 = CARTESIAN_POINT('',(0.593982643452,58.952728097108));
#419 = CARTESIAN_POINT('',(0.59399533753,59.141971343835));
#420 = CARTESIAN_POINT('',(0.594001655684,59.331466603986));
#421 = CARTESIAN_POINT('',(0.594004429528,59.522111760107));
#422 = CARTESIAN_POINT('',(0.594002458847,59.856473201202));
#423 = CARTESIAN_POINT('',(0.593999542749,60.002243767973));
#424 = CARTESIAN_POINT('',(0.593996314926,60.147729980056));
#425 = CARTESIAN_POINT('',(0.593996787441,60.29309838781));
#426 = CARTESIAN_POINT('',(0.594013121208,60.438470203312));
#427 = CARTESIAN_POINT('',(0.594022380087,60.583969896403));
#428 = CARTESIAN_POINT('',(0.594019551346,60.729751470368));
#429 = CARTESIAN_POINT('',(0.59400238205,61.01402361469));
#430 = CARTESIAN_POINT('',(0.593988789992,61.153330034473));
#431 = CARTESIAN_POINT('',(0.593974721332,61.292413790264));
#432 = CARTESIAN_POINT('',(0.593972952856,61.431389610389));
#433 = CARTESIAN_POINT('',(0.594013697474,61.570363518556));
#434 = CARTESIAN_POINT('',(0.594061004225,61.709444356125));
#435 = CARTESIAN_POINT('',(0.594018518783,61.848751612061));
#436 = CARTESIAN_POINT('',(0.593986732797,62.14214444734));
#437 = CARTESIAN_POINT('',(0.59407704608,62.297189274904));
#438 = CARTESIAN_POINT('',(0.594045466279,62.451853636043));
#439 = CARTESIAN_POINT('',(0.59394948288,62.606366522193));
#440 = CARTESIAN_POINT('',(0.593981604352,62.760875039917));
#441 = CARTESIAN_POINT('',(0.593985644337,62.915528524119));
#442 = CARTESIAN_POINT('',(0.594005653757,63.070572057658));
#443 = CARTESIAN_POINT('',(0.594012805334,63.225010337597));
#444 = ( GEOMETRIC_REPRESENTATION_CONTEXT(2) 
PARAMETRIC_REPRESENTATION_CONTEXT() REPRESENTATION_CONTEXT('2D SPACE',''
  ) );
#445 = ORIENTED_EDGE('',*,*,#446,.F.);
#446 = EDGE_CURVE('',#447,#24,#449,.T.);
#447 = VERTEX_POINT('',#448);
#448 = CARTESIAN_POINT('',(-11.23902503537,29.917302735634,8.));
#449 = SURFACE_CURVE('',#450,(#455,#462),.PCURVE_S1.);
#450 = CIRCLE('',#451,31.958734122635);
#451 = AXIS2_PLACEMENT_3D('',#452,#453,#454);
#452 = CARTESIAN_POINT('',(0.,0.,8.));
#453 = DIRECTION('',(0.,0.,1.));
#454 = DIRECTION('',(1.,0.,-0.));
#455 = PCURVE('',#66,#456);
#456 = DEFINITIONAL_REPRESENTATION('',(#457),#461);
#457 = LINE('',#458,#459);
#458 = CARTESIAN_POINT('',(0.,8.));
#459 = VECTOR('',#460,1.);
#460 = DIRECTION('',(1.,0.));
#461 = ( GEOMETRIC_REPRESENTATION_CONTEXT(2) 
PARAMETRIC_REPRESENTATION_CONTEXT() REPRESENTATION_CONTEXT('2D SPACE',''
  ) );
#462 = PCURVE('',#463,#468);
#463 = PLANE('',#464);
#464 = AXIS2_PLACEMENT_3D('',#465,#466,#467);
#465 = CARTESIAN_POINT('',(0.,0.,8.));
#466 = DIRECTION('',(0.,0.,1.));
#467 = DIRECTION('',(1.,0.,-0.));
#468 = DEFINITIONAL_REPRESENTATION('',(#469),#473);
#469 = CIRCLE('',#470,31.958734122635);
#470 = AXIS2_PLACEMENT_2D('',#471,#472);
#471 = CARTESIAN_POINT('',(0.,0.));
#472 = DIRECTION('',(1.,0.));
#473 = ( GEOMETRIC_REPRESENTATION_CONTEXT(2) 
PARAMETRIC_REPRESENTATION_CONTEXT() REPRESENTATION_CONTEXT('2D SPACE',''
  ) );
#474 = ORIENTED_EDGE('',*,*,#475,.F.);
#475 = EDGE_CURVE('',#476,#447,#478,.T.);
#476 = VERTEX_POINT('',#477);
#477 = CARTESIAN_POINT('',(31.958734122635,-7.827632289617E-15,
    7.69280808691));
#478 = SURFACE_CURVE('',#479,(#510,#544),.PCURVE_S1.);
#479 = B_SPLINE_CURVE_WITH_KNOTS('',8,(#480,#481,#482,#483,#484,#485,
    #486,#487,#488,#489,#490,#491,#492,#493,#494,#495,#496,#497,#498,
    #499,#500,#501,#502,#503,#504,#505,#506,#507,#508,#509),
  .UNSPECIFIED.,.F.,.F.,(9,7,7,7,9),(0.,0.263721498132,0.516525147943,
    0.71333942069,1.),.UNSPECIFIED.);
#480 = CARTESIAN_POINT('',(31.958734122635,5.170405970735E-14,
    7.69280808691));
#481 = CARTESIAN_POINT('',(31.958734122635,2.481955352585,7.705169641764
    ));
#482 = CARTESIAN_POINT('',(31.738446366526,4.964654364698,7.717534991663
    ));
#483 = CARTESIAN_POINT('',(31.297640140499,7.424234820242,7.72989852612)
  );
#484 = CARTESIAN_POINT('',(30.639439684419,9.837832018778,7.742259890357
    ));
#485 = CARTESIAN_POINT('',(29.769532222671,12.183407483414,
    7.754620421767));
#486 = CARTESIAN_POINT('',(28.696148664659,14.43976690215,7.766981849564
    ));
#487 = CARTESIAN_POINT('',(27.4300254831,16.586590497298,7.779344826025)
  );
#488 = CARTESIAN_POINT('',(24.599998656887,20.539275061137,
    7.803553704931));
#489 = CARTESIAN_POINT('',(23.0500567857,22.356320986075,7.815404408434)
  );
#490 = CARTESIAN_POINT('',(21.347282521816,24.038870333897,
    7.827253939983));
#491 = CARTESIAN_POINT('',(19.505465347876,25.572134686483,
    7.839102704942));
#492 = CARTESIAN_POINT('',(17.539798595069,26.943089084139,
    7.850951881157));
#493 = CARTESIAN_POINT('',(15.466862263946,28.140490386578,
    7.862802373609));
#494 = CARTESIAN_POINT('',(13.304618560809,29.154906022201,7.87465398058
    ));
#495 = CARTESIAN_POINT('',(9.335193009301,30.621003351895,7.895726789276
    ));
#496 = CARTESIAN_POINT('',(7.554882214225,31.147761739455,7.90495214651)
  );
#497 = CARTESIAN_POINT('',(5.740930118071,31.556088727909,7.914177277463
    ));
#498 = CARTESIAN_POINT('',(3.902580594269,31.843539500294,7.923401976889
    ));
#499 = CARTESIAN_POINT('',(2.049191341482,32.008537128967,7.932626621228
    ));
#500 = CARTESIAN_POINT('',(0.19022258724,32.050336317551,7.941851665369)
  );
#501 = CARTESIAN_POINT('',(-1.664761646442,31.969063335205,
    7.951077090715));
#502 = CARTESIAN_POINT('',(-6.187965012575,31.469825301734,
    7.973737627905));
#503 = CARTESIAN_POINT('',(-8.841984758426,30.914972650962,
    7.987177556061));
#504 = CARTESIAN_POINT('',(-11.43775506563,30.104391265973,
    8.000615957072));
#505 = CARTESIAN_POINT('',(-13.94678326063,29.045636655477,
    8.014054159646));
#506 = CARTESIAN_POINT('',(-16.34200639895,27.749572938492,
    8.027494293311));
#507 = CARTESIAN_POINT('',(-18.59790450321,26.230465090017,
    8.040937079212));
#508 = CARTESIAN_POINT('',(-20.69052974156,24.505947643586,
    8.054381064877));
#509 = CARTESIAN_POINT('',(-22.59825036602,22.598224866472,
    8.067817268392));
#510 = PCURVE('',#66,#511);
#511 = DEFINITIONAL_REPRESENTATION('',(#512),#543);
#512 = B_SPLINE_CURVE_WITH_KNOTS('',8,(#513,#514,#515,#516,#517,#518,
    #519,#520,#521,#522,#523,#524,#525,#526,#527,#528,#529,#530,#531,
    #532,#533,#534,#535,#536,#537,#538,#539,#540,#541,#542),
  .UNSPECIFIED.,.F.,.F.,(9,7,7,7,9),(0.,0.263721498132,0.516525147943,
    0.71333942069,1.),.UNSPECIFIED.);
#513 = CARTESIAN_POINT('',(0.,7.69280808691));
#514 = CARTESIAN_POINT('',(7.766125351087E-02,7.705169641764));
#515 = CARTESIAN_POINT('',(0.155345765667,7.717534991663));
#516 = CARTESIAN_POINT('',(0.233020710844,7.72989852612));
#517 = CARTESIAN_POINT('',(0.310685852697,7.742259890357));
#518 = CARTESIAN_POINT('',(0.388349725349,7.754620421767));
#519 = CARTESIAN_POINT('',(0.466021462691,7.766981849564));
#520 = CARTESIAN_POINT('',(0.543703395649,7.779344826025));
#521 = CARTESIAN_POINT('',(0.695816881507,7.803553704931));
#522 = CARTESIAN_POINT('',(0.77027865888,7.815404408434));
#523 = CARTESIAN_POINT('',(0.844731401804,7.827253939983));
#524 = CARTESIAN_POINT('',(0.919177153325,7.839102704942));
#525 = CARTESIAN_POINT('',(0.993623980817,7.850951881157));
#526 = CARTESIAN_POINT('',(1.068079362447,7.862802373609));
#527 = CARTESIAN_POINT('',(1.142543546373,7.87465398058));
#528 = CARTESIAN_POINT('',(1.274949361888,7.895726789276));
#529 = CARTESIAN_POINT('',(1.332916127677,7.90495214651));
#530 = CARTESIAN_POINT('',(1.390883292094,7.914177277463));
#531 = CARTESIAN_POINT('',(1.448849577971,7.923401976889));
#532 = CARTESIAN_POINT('',(1.506816855642,7.932626621228));
#533 = CARTESIAN_POINT('',(1.564787003963,7.941851665369));
#534 = CARTESIAN_POINT('',(1.622758688011,7.951077090715));
#535 = CARTESIAN_POINT('',(1.765150782313,7.973737627905));
#536 = CARTESIAN_POINT('',(1.849599384307,7.987177556061));
#537 = CARTESIAN_POINT('',(1.934031343193,8.000615957072));
#538 = CARTESIAN_POINT('',(2.018452900756,8.014054159645));
#539 = CARTESIAN_POINT('',(2.102878165665,8.027494293311));
#540 = CARTESIAN_POINT('',(2.187319388845,8.040937079212));
#541 = CARTESIAN_POINT('',(2.271776006618,8.054381064877));
#542 = CARTESIAN_POINT('',(2.356195054386,8.067817268392));
#543 = ( GEOMETRIC_REPRESENTATION_CONTEXT(2) 
PARAMETRIC_REPRESENTATION_CONTEXT() REPRESENTATION_CONTEXT('2D SPACE',''
  ) );
#544 = PCURVE('',#545,#838);
#545 = B_SPLINE_SURFACE_WITH_KNOTS('',1,10,(
    (#546,#547,#548,#549,#550,#551,#552,#553,#554,#555,#556,#557,#558
      ,#559,#560,#561,#562,#563,#564,#565,#566,#567,#568,#569,#570,#571
      ,#572,#573,#574,#575,#576,#577,#578,#579,#580,#581,#582,#583,#584
      ,#585,#586,#587,#588,#589,#590,#591,#592,#593,#594,#595,#596,#597
      ,#598,#599,#600,#601,#602,#603,#604,#605,#606,#607,#608,#609,#610
      ,#611,#612,#613,#614,#615,#616,#617,#618,#619,#620,#621,#622,#623
      ,#624,#625,#626,#627,#628,#629,#630,#631,#632,#633,#634,#635,#636
      ,#637,#638,#639,#640,#641,#642,#643,#644,#645,#646,#647,#648,#649
      ,#650,#651,#652,#653,#654,#655,#656,#657,#658,#659,#660,#661,#662
      ,#663,#664,#665,#666,#667,#668,#669,#670,#671,#672,#673,#674,#675
      ,#676,#677,#678,#679,#680,#681,#682,#683,#684,#685,#686,#687,#688
      ,#689,#690,#691)
    ,(#692,#693,#694,#695,#696,#697,#698,#699,#700,#701,#702,#703,#704
      ,#705,#706,#707,#708,#709,#710,#711,#712,#713,#714,#715,#716,#717
      ,#718,#719,#720,#721,#722,#723,#724,#725,#726,#727,#728,#729,#730
      ,#731,#732,#733,#734,#735,#736,#737,#738,#739,#740,#741,#742,#743
      ,#744,#745,#746,#747,#748,#749,#750,#751,#752,#753,#754,#755,#756
      ,#757,#758,#759,#760,#761,#762,#763,#764,#765,#766,#767,#768,#769
      ,#770,#771,#772,#773,#774,#775,#776,#777,#778,#779,#780,#781,#782
      ,#783,#784,#785,#786,#787,#788,#789,#790,#791,#792,#793,#794,#795
      ,#796,#797,#798,#799,#800,#801,#802,#803,#804,#805,#806,#807,#808
      ,#809,#810,#811,#812,#813,#814,#815,#816,#817,#818,#819,#820,#821
      ,#822,#823,#824,#825,#826,#827,#828,#829,#830,#831,#832,#833,#834
      ,#835,#836,#837
    )),.UNSPECIFIED.,.F.,.F.,.F.,(2,2),(11,9,9,9,9,9,9,9,9,9,9,9,9,9,9,9
    ,11),(0.,0.758620302397),(0.,4.771698848675,9.543397697351,
    14.315096546026,19.086795394702,23.858494243377,28.630193092053,
    33.401891940728,38.173590789404,42.945289638079,47.716988486755,
    52.48868733543,57.260386184106,62.032085032781,66.803783881457,
    71.575482730132,76.347181578808),.UNSPECIFIED.);
#546 = CARTESIAN_POINT('',(31.808734050247,-8.34866398236E-10,
    -2.374999998923));
#547 = CARTESIAN_POINT('',(31.8087340726,14.989512689014,-2.300000007782
    ));
#548 = CARTESIAN_POINT('',(23.960853557875,29.979487743056,
    -2.224999974017));
#549 = CARTESIAN_POINT('',(8.259415120001,40.342718689329,-2.15000004276
    ));
#550 = CARTESIAN_POINT('',(-12.15695409081,41.473312234377,
    -2.074999962674));
#551 = CARTESIAN_POINT('',(-31.14600328626,31.146003635956,
    -2.000000002096));
#552 = CARTESIAN_POINT('',(-41.47331244866,12.156953713985,
    -1.925000032252));
#553 = CARTESIAN_POINT('',(-40.34271860658,-8.259414837909,
    -1.849999960315));
#554 = CARTESIAN_POINT('',(-29.97948776018,-23.96085369088,
    -1.775000022794));
#555 = CARTESIAN_POINT('',(-14.98951269079,-31.80873403556,
    -1.699999993182));
#556 = CARTESIAN_POINT('',(14.989512689064,-31.80873406883,
    -1.550000006251));
#557 = CARTESIAN_POINT('',(29.979487742999,-23.96085356362,
    -1.474999976357));
#558 = CARTESIAN_POINT('',(40.342718689366,-8.259415112882,
    -1.400000039859));
#559 = CARTESIAN_POINT('',(41.473312234377,12.156954083602,
    -1.324999965617));
#560 = CARTESIAN_POINT('',(31.146003635925,31.146003292216,
    -1.249999999661));
#561 = CARTESIAN_POINT('',(12.156953714022,41.473312444715,
    -1.17500003387));
#562 = CARTESIAN_POINT('',(-8.259414837933,40.34271860861,
    -1.099999959484));
#563 = CARTESIAN_POINT('',(-23.96085369087,29.97948775945,
    -1.025000023095));
#564 = CARTESIAN_POINT('',(-31.80873403556,14.989512690925,
    -0.949999993129));
#565 = CARTESIAN_POINT('',(-31.80873406883,-14.98951268913,
    -0.800000006277));
#566 = CARTESIAN_POINT('',(-23.96085356363,-29.97948774288,
    -0.724999976317));
#567 = CARTESIAN_POINT('',(-8.259415112845,-40.34271868952,
    -0.650000039909));
#568 = CARTESIAN_POINT('',(12.156954083545,-41.47331223418,
    -0.574999965565));
#569 = CARTESIAN_POINT('',(31.146003292279,-31.14600363611,
    -0.499999999704));
#570 = CARTESIAN_POINT('',(41.473312444666,-12.15695371388,
    -0.425000033841));
#571 = CARTESIAN_POINT('',(40.342718608636,8.259414837856,
    -0.349999959499));
#572 = CARTESIAN_POINT('',(29.979487759443,23.960853690904,
    -0.275000023089));
#573 = CARTESIAN_POINT('',(14.989512690925,31.808734035562,
    -0.19999999313));
#574 = CARTESIAN_POINT('',(-14.98951268912,31.808734068837,
    -5.000000627695E-02));
#575 = CARTESIAN_POINT('',(-29.9794877429,23.960853563623,
    2.500002368255E-02));
#576 = CARTESIAN_POINT('',(-40.34271868948,8.259415112883,
    9.999996009127E-02));
#577 = CARTESIAN_POINT('',(-41.47331223426,-12.1569540836,0.175000034435
    ));
#578 = CARTESIAN_POINT('',(-31.14600363601,-31.14600329221,
    0.250000000296));
#579 = CARTESIAN_POINT('',(-12.15695371396,-41.47331244471,
    0.324999966159));
#580 = CARTESIAN_POINT('',(8.259414837898,-40.3427186086,0.400000040501)
  );
#581 = CARTESIAN_POINT('',(23.960853690891,-29.97948775945,
    0.474999976911));
#582 = CARTESIAN_POINT('',(31.808734035563,-14.98951269092,0.55000000687
    ));
#583 = CARTESIAN_POINT('',(31.808734068837,14.98951268913,0.699999993723
    ));
#584 = CARTESIAN_POINT('',(23.96085356362,29.979487742889,0.775000023682
    ));
#585 = CARTESIAN_POINT('',(8.259415112895,40.342718689517,0.849999960092
    ));
#586 = CARTESIAN_POINT('',(-12.15695408362,41.473312234211,
    0.925000034434));
#587 = CARTESIAN_POINT('',(-31.14600329218,31.146003636071,
    1.000000000297));
#588 = CARTESIAN_POINT('',(-41.47331244474,12.156953713922,
    1.074999966158));
#589 = CARTESIAN_POINT('',(-40.34271860859,-8.25941483788,1.150000040502
    ));
#590 = CARTESIAN_POINT('',(-29.97948775945,-23.96085369089,1.22499997691
    ));
#591 = CARTESIAN_POINT('',(-14.98951269092,-31.80873403556,1.30000000687
    ));
#592 = CARTESIAN_POINT('',(14.989512689126,-31.80873406883,
    1.449999993723));
#593 = CARTESIAN_POINT('',(29.979487742912,-23.96085356362,
    1.525000023684));
#594 = CARTESIAN_POINT('',(40.342718689462,-8.259415112882,
    1.599999960087));
#595 = CARTESIAN_POINT('',(41.473312234294,12.156954083599,
    1.675000034441));
#596 = CARTESIAN_POINT('',(31.146003635985,31.146003292225,
    1.750000000288));
#597 = CARTESIAN_POINT('',(12.156953713986,41.473312444704,
    1.824999966166));
#598 = CARTESIAN_POINT('',(-8.259414837914,40.342718608619,
    1.900000040497));
#599 = CARTESIAN_POINT('',(-23.96085369088,29.979487759445,
    1.974999976913));
#600 = CARTESIAN_POINT('',(-31.80873403556,14.989512690927,2.05000000687
    ));
#601 = CARTESIAN_POINT('',(-31.80873406883,-14.98951268913,
    2.199999993724));
#602 = CARTESIAN_POINT('',(-23.96085356363,-29.97948774286,2.27500002368
    ));
#603 = CARTESIAN_POINT('',(-8.259415112868,-40.34271868956,
    2.349999960097));
#604 = CARTESIAN_POINT('',(12.15695408358,-41.47331223412,2.425000034426
    ));
#605 = CARTESIAN_POINT('',(31.14600329224,-31.14600363616,2.500000000306
    ));
#606 = CARTESIAN_POINT('',(41.473312444697,-12.15695371384,
    2.574999966152));
#607 = CARTESIAN_POINT('',(40.342718608619,8.259414837835,2.650000040505
    ));
#608 = CARTESIAN_POINT('',(29.979487759448,23.960853690912,
    2.724999976909));
#609 = CARTESIAN_POINT('',(14.989512690925,31.80873403556,2.80000000687)
  );
#610 = CARTESIAN_POINT('',(-14.98951268912,31.808734068839,
    2.949999993723));
#611 = CARTESIAN_POINT('',(-29.97948774289,23.960853563615,
    3.025000023683));
#612 = CARTESIAN_POINT('',(-40.3427186895,8.259415112895,3.09999996009)
  );
#613 = CARTESIAN_POINT('',(-41.47331223423,-12.15695408361,
    3.175000034437));
#614 = CARTESIAN_POINT('',(-31.14600363605,-31.1460032922,3.250000000294
    ));
#615 = CARTESIAN_POINT('',(-12.15695371392,-41.47331244472,
    3.324999966161));
#616 = CARTESIAN_POINT('',(8.25941483788,-40.3427186086,3.4000000405));
#617 = CARTESIAN_POINT('',(23.960853690895,-29.97948775945,
    3.474999976912));
#618 = CARTESIAN_POINT('',(31.808734035565,-14.98951269092,3.55000000687
    ));
#619 = CARTESIAN_POINT('',(31.808734068833,14.989512689132,
    3.699999993724));
#620 = CARTESIAN_POINT('',(23.960853563642,29.979487742868,
    3.775000023679));
#621 = CARTESIAN_POINT('',(8.259415112837,40.342718689574,3.849999960098
    ));
#622 = CARTESIAN_POINT('',(-12.15695408353,41.473312234109,
    3.925000034424));
#623 = CARTESIAN_POINT('',(-31.14600329229,31.146003636198,
    4.000000000307));
#624 = CARTESIAN_POINT('',(-41.47331244465,12.156953713813,
    4.074999966152));
#625 = CARTESIAN_POINT('',(-40.34271860864,-8.259414837817,
    4.150000040505));
#626 = CARTESIAN_POINT('',(-29.97948775943,-23.96085369091,4.22499997691
    ));
#627 = CARTESIAN_POINT('',(-14.98951269092,-31.80873403556,4.30000000687
    ));
#628 = CARTESIAN_POINT('',(14.989512689134,-31.80873406883,
    4.449999993724));
#629 = CARTESIAN_POINT('',(29.979487742867,-23.96085356362,
    4.525000023679));
#630 = CARTESIAN_POINT('',(40.34271868957,-8.259415112868,4.599999960102
    ));
#631 = CARTESIAN_POINT('',(41.47331223412,12.15695408358,4.675000034418)
  );
#632 = CARTESIAN_POINT('',(31.146003636182,31.146003292239,
    4.750000000315));
#633 = CARTESIAN_POINT('',(12.156953713826,41.473312444698,
    4.824999966144));
#634 = CARTESIAN_POINT('',(-8.259414837823,40.34271860862,4.900000040509
    ));
#635 = CARTESIAN_POINT('',(-23.96085369091,29.979487759447,
    4.974999976908));
#636 = CARTESIAN_POINT('',(-31.80873403556,14.989512690926,5.05000000687
    ));
#637 = CARTESIAN_POINT('',(-31.80873406883,-14.98951268913,
    5.199999993723));
#638 = CARTESIAN_POINT('',(-23.96085356362,-29.97948774288,
    5.275000023683));
#639 = CARTESIAN_POINT('',(-8.259415112888,-40.34271868953,
    5.349999960092));
#640 = CARTESIAN_POINT('',(12.156954083614,-41.47331223417,
    5.425000034434));
#641 = CARTESIAN_POINT('',(31.146003292197,-31.14600363612,
    5.500000000297));
#642 = CARTESIAN_POINT('',(41.473312444737,-12.15695371386,
    5.574999966158));
#643 = CARTESIAN_POINT('',(40.342718608593,8.259414837844,5.650000040502
    ));
#644 = CARTESIAN_POINT('',(29.979487759459,23.96085369091,5.72499997691)
  );
#645 = CARTESIAN_POINT('',(14.989512690921,31.80873403556,5.800000006871
    ));
#646 = CARTESIAN_POINT('',(-14.98951268912,31.808734068839,
    5.949999993722));
#647 = CARTESIAN_POINT('',(-29.97948774292,23.960853563616,
    6.025000023689));
#648 = CARTESIAN_POINT('',(-40.34271868943,8.259415112895,6.099999960075
    ));
#649 = CARTESIAN_POINT('',(-41.47331223433,-12.15695408362,6.17500003446
    ));
#650 = CARTESIAN_POINT('',(-31.14600363594,-31.14600329219,
    6.250000000268));
#651 = CARTESIAN_POINT('',(-12.15695371401,-41.47331244472,
    6.324999966182));
#652 = CARTESIAN_POINT('',(8.259414837923,-40.3427186086,6.400000040489)
  );
#653 = CARTESIAN_POINT('',(23.960853690882,-29.97948775945,
    6.474999976915));
#654 = CARTESIAN_POINT('',(31.808734035565,-14.98951269092,
    6.550000006869));
#655 = CARTESIAN_POINT('',(31.808734068835,14.98951268913,6.699999993724
    ));
#656 = CARTESIAN_POINT('',(23.960853563627,29.979487742891,
    6.775000023681));
#657 = CARTESIAN_POINT('',(8.259415112878,40.342718689511,6.849999960094
    ));
#658 = CARTESIAN_POINT('',(-12.1569540836,41.473312234217,6.925000034431
    ));
#659 = CARTESIAN_POINT('',(-31.14600329219,31.146003636072,7.0000000003)
  );
#660 = CARTESIAN_POINT('',(-41.47331244474,12.15695371391,7.074999966156
    ));
#661 = CARTESIAN_POINT('',(-40.34271860858,-8.259414837868,
    7.150000040503));
#662 = CARTESIAN_POINT('',(-29.97948775946,-23.9608536909,7.22499997691)
  );
#663 = CARTESIAN_POINT('',(-14.98951269092,-31.80873403556,
    7.300000006871));
#664 = CARTESIAN_POINT('',(14.989512689125,-31.80873406883,
    7.449999993722));
#665 = CARTESIAN_POINT('',(29.979487742918,-23.96085356361,
    7.525000023689));
#666 = CARTESIAN_POINT('',(40.342718689445,-8.259415112889,
    7.599999960076));
#667 = CARTESIAN_POINT('',(41.473312234321,12.156954083611,
    7.675000034457));
#668 = CARTESIAN_POINT('',(31.146003635961,31.146003292205,
    7.750000000273));
#669 = CARTESIAN_POINT('',(12.156953713998,41.473312444728,
    7.824999966176));
#670 = CARTESIAN_POINT('',(-8.259414837919,40.342718608602,
    7.900000040493));
#671 = CARTESIAN_POINT('',(-23.96085369088,29.979487759453,
    7.974999976913));
#672 = CARTESIAN_POINT('',(-31.80873403556,14.989512690925,8.05000000687
    ));
#673 = CARTESIAN_POINT('',(-31.80873406883,-14.98951268913,
    8.199999993722));
#674 = CARTESIAN_POINT('',(-23.96085356363,-29.97948774288,
    8.275000023689));
#675 = CARTESIAN_POINT('',(-8.259415112842,-40.34271868951,
    8.349999960073));
#676 = CARTESIAN_POINT('',(12.156954083533,-41.4733122342,8.425000034472
    ));
#677 = CARTESIAN_POINT('',(31.146003292312,-31.14600363608,
    8.500000000241));
#678 = CARTESIAN_POINT('',(41.473312444603,-12.15695371389,
    8.574999966222));
#679 = CARTESIAN_POINT('',(40.342718608724,8.259414837866,8.650000040443
    ));
#680 = CARTESIAN_POINT('',(29.979487759354,23.960853690898,
    8.724999976954));
#681 = CARTESIAN_POINT('',(14.98951269099,31.808734035566,8.800000006843
    ));
#682 = CARTESIAN_POINT('',(-14.98951268926,31.80873406883,8.949999993777
    ));
#683 = CARTESIAN_POINT('',(-29.97948774213,23.960853563658,
    9.025000023382));
#684 = CARTESIAN_POINT('',(-40.3427186916,8.259415112784,9.099999960919)
  );
#685 = CARTESIAN_POINT('',(-41.47331223016,-12.15695408341,9.17500003283
    ));
#686 = CARTESIAN_POINT('',(-31.14600364214,-31.14600329249,
    9.250000002704));
#687 = CARTESIAN_POINT('',(-12.15695370661,-41.47331244439,
    9.324999963256));
#688 = CARTESIAN_POINT('',(8.259414830704,-40.3427186089,9.400000043358)
  );
#689 = CARTESIAN_POINT('',(23.960853696665,-29.97948775922,
    9.474999974609));
#690 = CARTESIAN_POINT('',(31.808734031797,-14.98951269106,
    9.550000008375));
#691 = CARTESIAN_POINT('',(31.808734054151,-8.270264118451E-10,
    9.624999999516));
#692 = CARTESIAN_POINT('',(32.499999929121,3.053230557271E-09,
    -2.062500002261));
#693 = CARTESIAN_POINT('',(32.499999931341,15.315264490596,
    -1.987499970294));
#694 = CARTESIAN_POINT('',(24.481570091378,30.630998477017,
    -1.912500092127));
#695 = CARTESIAN_POINT('',(8.438906286155,41.219449719186,
    -1.837499844085));
#696 = CARTESIAN_POINT('',(-12.42114336545,42.374600685085,
    -1.76250013305));
#697 = CARTESIAN_POINT('',(-31.8228744956,31.822874547684,
    -1.687499990824));
#698 = CARTESIAN_POINT('',(-42.37460072323,12.421143294347,
    -1.612499881985));
#699 = CARTESIAN_POINT('',(-41.21944970375,-8.438906247195,
    -1.537500141579));
#700 = CARTESIAN_POINT('',(-30.63099847506,-24.48157011953,
    -1.462499916123));
#701 = CARTESIAN_POINT('',(-15.31526448456,-32.49999992816,
    -1.387500022975));
#702 = CARTESIAN_POINT('',(15.315264490627,-32.49999993072,
    -1.237499975817));
#703 = CARTESIAN_POINT('',(30.63099847699,-24.48157009232,
    -1.162500083689));
#704 = CARTESIAN_POINT('',(41.219449719184,-8.438906284988,
    -1.087499854542));
#705 = CARTESIAN_POINT('',(42.374600685129,12.421143364275,
    -1.01250012245));
#706 = CARTESIAN_POINT('',(31.822874547613,31.822874496578,
    -0.93749999959));
#707 = CARTESIAN_POINT('',(12.421143294413,42.374600722591,
    -0.862499876163));
#708 = CARTESIAN_POINT('',(-8.438906247235,41.21944970409,-0.78750014457
    ));
#709 = CARTESIAN_POINT('',(-24.48157011951,30.630998474938,
    -0.712499915039));
#710 = CARTESIAN_POINT('',(-32.49999992817,15.315264484583,
    -0.637500023167));
#711 = CARTESIAN_POINT('',(-32.49999993071,-15.31526449063,
    -0.487499975722));
#712 = CARTESIAN_POINT('',(-24.48157009234,-30.63099847695,
    -0.412500083833));
#713 = CARTESIAN_POINT('',(-8.438906284948,-41.21944971924,
    -0.337499854364));
#714 = CARTESIAN_POINT('',(12.421143364215,-42.37460068503,
    -0.26250012263));
#715 = CARTESIAN_POINT('',(31.822874496642,-31.82287454771,
    -0.187499999441));
#716 = CARTESIAN_POINT('',(42.374600722543,-12.42114329432,
    -0.112499876262));
#717 = CARTESIAN_POINT('',(41.219449704113,8.438906247182,
    -3.750014451978E-02));
#718 = CARTESIAN_POINT('',(30.630998474931,24.481570119539,
    3.750008494237E-02));
#719 = CARTESIAN_POINT('',(15.315264484583,32.499999928168,
    0.112499976836));
#720 = CARTESIAN_POINT('',(-15.31526449063,32.49999993072,0.262500024276
    ));
#721 = CARTESIAN_POINT('',(-30.63099847697,24.481570092326,0.33749991617
    ));
#722 = CARTESIAN_POINT('',(-41.21944971919,8.438906284984,0.412500145633
    ));
#723 = CARTESIAN_POINT('',(-42.37460068511,-12.42114336427,
    0.487499877373));
#724 = CARTESIAN_POINT('',(-31.82287454762,-31.82287449658,
    0.562500000556));
#725 = CARTESIAN_POINT('',(-12.4211432944,-42.37460072258,0.63750012374)
  );
#726 = CARTESIAN_POINT('',(8.438906247228,-41.21944970409,0.712499855479
    ));
#727 = CARTESIAN_POINT('',(24.481570119524,-30.63099847493,
    0.787500084943));
#728 = CARTESIAN_POINT('',(32.499999928169,-15.31526448458,
    0.862499976836));
#729 = CARTESIAN_POINT('',(32.49999993072,15.31526449064,1.012500024276)
  );
#730 = CARTESIAN_POINT('',(24.481570092323,30.630998476959,1.08749991617
    ));
#731 = CARTESIAN_POINT('',(8.438906284995,41.21944971924,1.162500145633)
  );
#732 = CARTESIAN_POINT('',(-12.42114336429,42.374600685055,
    1.237499877372));
#733 = CARTESIAN_POINT('',(-31.82287449655,31.822874547686,
    1.312500000557));
#734 = CARTESIAN_POINT('',(-42.37460072261,12.42114329436,1.387500123739
    ));
#735 = CARTESIAN_POINT('',(-41.21944970407,-8.438906247205,1.46249985548
    ));
#736 = CARTESIAN_POINT('',(-30.63099847494,-24.48157011953,
    1.537500084942));
#737 = CARTESIAN_POINT('',(-15.31526448458,-32.49999992816,
    1.612499976836));
#738 = CARTESIAN_POINT('',(15.315264490635,-32.49999993072,
    1.762500024276));
#739 = CARTESIAN_POINT('',(30.630998476984,-24.48157009232,
    1.837499916171));
#740 = CARTESIAN_POINT('',(41.219449719179,-8.438906284984,1.91250014563
    ));
#741 = CARTESIAN_POINT('',(42.374600685146,12.421143364265,
    1.987499877378));
#742 = CARTESIAN_POINT('',(31.822874547592,31.822874496594,2.06250000055
    ));
#743 = CARTESIAN_POINT('',(12.421143294429,42.374600722574,
    2.137500123745));
#744 = CARTESIAN_POINT('',(-8.438906247242,41.219449704102,
    2.212499855476));
#745 = CARTESIAN_POINT('',(-24.48157011951,30.630998474932,
    2.287500084944));
#746 = CARTESIAN_POINT('',(-32.49999992817,15.315264484585,
    2.362499976836));
#747 = CARTESIAN_POINT('',(-32.49999993071,-15.31526449064,
    2.512500024276));
#748 = CARTESIAN_POINT('',(-24.48157009233,-30.63099847694,
    2.587499916168));
#749 = CARTESIAN_POINT('',(-8.438906284974,-41.21944971928,
    2.662500145637));
#750 = CARTESIAN_POINT('',(12.421143364258,-42.37460068498,
    2.737499877366));
#751 = CARTESIAN_POINT('',(31.822874496594,-31.82287454776,
    2.812500000563));
#752 = CARTESIAN_POINT('',(42.374600722581,-12.42114329429,
    2.887500123734));
#753 = CARTESIAN_POINT('',(41.219449704092,8.438906247167,2.962499855482
    ));
#754 = CARTESIAN_POINT('',(30.630998474938,24.481570119544,
    3.037500084942));
#755 = CARTESIAN_POINT('',(15.315264484582,32.499999928166,
    3.112499976836));
#756 = CARTESIAN_POINT('',(-15.31526449063,32.499999930722,
    3.262500024276));
#757 = CARTESIAN_POINT('',(-30.63099847696,24.481570092319,3.33749991617
    ));
#758 = CARTESIAN_POINT('',(-41.21944971921,8.438906284994,3.412500145632
    ));
#759 = CARTESIAN_POINT('',(-42.37460068508,-12.42114336428,
    3.487499877375));
#760 = CARTESIAN_POINT('',(-31.82287454766,-31.82287449657,
    3.562500000553));
#761 = CARTESIAN_POINT('',(-12.42114329436,-42.37460072259,
    3.637500123742));
#762 = CARTESIAN_POINT('',(8.438906247209,-41.21944970408,3.712499855478
    ));
#763 = CARTESIAN_POINT('',(24.481570119528,-30.63099847493,
    3.787500084943));
#764 = CARTESIAN_POINT('',(32.499999928171,-15.31526448458,
    3.862499976836));
#765 = CARTESIAN_POINT('',(32.499999930716,15.315264490642,
    4.012500024276));
#766 = CARTESIAN_POINT('',(24.481570092344,30.630998476942,
    4.087499916168));
#767 = CARTESIAN_POINT('',(8.438906284941,41.219449719289,4.162500145637
    ));
#768 = CARTESIAN_POINT('',(-12.4211433642,42.374600684965,4.237499877366
    ));
#769 = CARTESIAN_POINT('',(-31.82287449665,31.822874547801,
    4.312500000563));
#770 = CARTESIAN_POINT('',(-42.37460072253,12.421143294259,
    4.387500123735));
#771 = CARTESIAN_POINT('',(-41.21944970411,-8.438906247146,
    4.462499855481));
#772 = CARTESIAN_POINT('',(-30.63099847492,-24.48157011955,
    4.537500084942));
#773 = CARTESIAN_POINT('',(-15.31526448458,-32.49999992816,
    4.612499976836));
#774 = CARTESIAN_POINT('',(15.315264490643,-32.49999993072,
    4.762500024276));
#775 = CARTESIAN_POINT('',(30.630998476941,-24.48157009233,
    4.837499916168));
#776 = CARTESIAN_POINT('',(41.219449719285,-8.438906284972,
    4.912500145638));
#777 = CARTESIAN_POINT('',(42.374600684975,12.421143364253,
    4.987499877363));
#778 = CARTESIAN_POINT('',(31.822874547785,31.822874496599,
    5.062500000567));
#779 = CARTESIAN_POINT('',(12.421143294272,42.374600722577,
    5.137500123731));
#780 = CARTESIAN_POINT('',(-8.438906247153,41.219449704096,
    5.212499855484));
#781 = CARTESIAN_POINT('',(-24.48157011954,30.630998474936,
    5.287500084941));
#782 = CARTESIAN_POINT('',(-32.49999992816,15.315264484583,
    5.362499976836));
#783 = CARTESIAN_POINT('',(-32.49999993072,-15.31526449064,
    5.512500024276));
#784 = CARTESIAN_POINT('',(-24.48157009232,-30.63099847695,5.58749991617
    ));
#785 = CARTESIAN_POINT('',(-8.43890628499,-41.21944971925,5.662500145632
    ));
#786 = CARTESIAN_POINT('',(12.421143364283,-42.37460068502,
    5.737499877374));
#787 = CARTESIAN_POINT('',(31.82287449656,-31.82287454773,5.812500000555
    ));
#788 = CARTESIAN_POINT('',(42.374600722613,-12.42114329431,
    5.887500123741));
#789 = CARTESIAN_POINT('',(41.219449704072,8.438906247175,5.962499855479
    ));
#790 = CARTESIAN_POINT('',(30.630998474948,24.481570119542,
    6.037500084943));
#791 = CARTESIAN_POINT('',(15.315264484579,32.499999928166,
    6.112499976836));
#792 = CARTESIAN_POINT('',(-15.31526449063,32.499999930722,
    6.262500024276));
#793 = CARTESIAN_POINT('',(-30.63099847699,24.481570092322,
    6.337499916172));
#794 = CARTESIAN_POINT('',(-41.21944971915,8.43890628499,6.412500145625)
  );
#795 = CARTESIAN_POINT('',(-42.37460068518,-12.42114336427,
    6.487499877388));
#796 = CARTESIAN_POINT('',(-31.82287454755,-31.82287449657,
    6.562500000539));
#797 = CARTESIAN_POINT('',(-12.42114329445,-42.37460072258,
    6.637500123753));
#798 = CARTESIAN_POINT('',(8.43890624725,-41.21944970409,6.712499855473)
  );
#799 = CARTESIAN_POINT('',(24.481570119515,-30.63099847493,
    6.787500084945));
#800 = CARTESIAN_POINT('',(32.499999928171,-15.31526448458,
    6.862499976836));
#801 = CARTESIAN_POINT('',(32.499999930718,15.31526449064,7.012500024276
    ));
#802 = CARTESIAN_POINT('',(24.481570092329,30.630998476963,
    7.087499916169));
#803 = CARTESIAN_POINT('',(8.438906284982,41.219449719228,7.162500145634
    ));
#804 = CARTESIAN_POINT('',(-12.42114336427,42.374600685071,
    7.237499877372));
#805 = CARTESIAN_POINT('',(-31.82287449655,31.822874547677,
    7.312500000557));
#806 = CARTESIAN_POINT('',(-42.37460072262,12.421143294356,7.38750012374
    ));
#807 = CARTESIAN_POINT('',(-41.21944970406,-8.438906247198,7.46249985548
    ));
#808 = CARTESIAN_POINT('',(-30.63099847495,-24.48157011953,
    7.537500084942));
#809 = CARTESIAN_POINT('',(-15.31526448457,-32.49999992816,
    7.612499976836));
#810 = CARTESIAN_POINT('',(15.315264490634,-32.49999993072,
    7.762500024276));
#811 = CARTESIAN_POINT('',(30.630998476991,-24.48157009232,
    7.837499916173));
#812 = CARTESIAN_POINT('',(41.219449719163,-8.438906284983,
    7.912500145624));
#813 = CARTESIAN_POINT('',(42.374600685171,12.421143364268,
    7.987499877387));
#814 = CARTESIAN_POINT('',(31.82287454757,31.822874496582,8.062500000539
    ));
#815 = CARTESIAN_POINT('',(12.42114329444,42.374600722591,8.137500123753
    ));
#816 = CARTESIAN_POINT('',(-8.438906247247,41.219449704088,
    8.212499855472));
#817 = CARTESIAN_POINT('',(-24.48157011951,30.630998474938,
    8.287500084946));
#818 = CARTESIAN_POINT('',(-32.49999992817,15.315264484583,
    8.362499976835));
#819 = CARTESIAN_POINT('',(-32.49999993071,-15.31526449064,8.51250002428
    ));
#820 = CARTESIAN_POINT('',(-24.48157009233,-30.63099847696,
    8.587499916151));
#821 = CARTESIAN_POINT('',(-8.43890628497,-41.21944971923,8.662500145682
    ));
#822 = CARTESIAN_POINT('',(12.421143364255,-42.37460068505,
    8.737499877279));
#823 = CARTESIAN_POINT('',(31.822874496594,-31.8228745477,8.812500000696
    ));
#824 = CARTESIAN_POINT('',(42.374600722579,-12.42114329433,
    8.887500123569));
#825 = CARTESIAN_POINT('',(41.219449704103,8.438906247187,8.96249985565)
  );
#826 = CARTESIAN_POINT('',(30.630998474924,24.481570119536,
    9.037500084803));
#827 = CARTESIAN_POINT('',(15.315264484594,32.499999928169,
    9.112499976929));
#828 = CARTESIAN_POINT('',(-15.31526449066,32.499999930719,
    9.262500024088));
#829 = CARTESIAN_POINT('',(-30.63099847682,24.481570092332,
    9.337499917233));
#830 = CARTESIAN_POINT('',(-41.21944971961,8.438906284967,9.412500142697
    ));
#831 = CARTESIAN_POINT('',(-42.37460068432,-12.42114336424,
    9.487499883089));
#832 = CARTESIAN_POINT('',(-31.82287454877,-31.82287449662,
    9.562499991946));
#833 = CARTESIAN_POINT('',(-12.42114329306,-42.37460072255,
    9.637500134157));
#834 = CARTESIAN_POINT('',(8.43890624596,-41.2194497041,9.712499845199)
  );
#835 = CARTESIAN_POINT('',(24.481570120517,-30.63099847493,9.78750009324
    ));
#836 = CARTESIAN_POINT('',(32.499999927532,-15.31526448457,
    9.862499971406));
#837 = CARTESIAN_POINT('',(32.499999929772,3.025050103927E-09,
    9.937500003374));
#838 = DEFINITIONAL_REPRESENTATION('',(#839),#870);
#839 = B_SPLINE_CURVE_WITH_KNOTS('',8,(#840,#841,#842,#843,#844,#845,
    #846,#847,#848,#849,#850,#851,#852,#853,#854,#855,#856,#857,#858,
    #859,#860,#861,#862,#863,#864,#865,#866,#867,#868,#869),
  .UNSPECIFIED.,.F.,.F.,(9,7,7,7,9),(0.,0.263721498132,0.516525147943,
    0.71333942069,1.),.UNSPECIFIED.);
#840 = CARTESIAN_POINT('',(0.164609842204,63.622651445163));
#841 = CARTESIAN_POINT('',(0.164613233483,63.701290046648));
#842 = CARTESIAN_POINT('',(0.164616864173,63.779952165762));
#843 = CARTESIAN_POINT('',(0.164619789819,63.858604582351));
#844 = CARTESIAN_POINT('',(0.164621228233,63.937247089185));
#845 = CARTESIAN_POINT('',(0.164621114956,64.015888364062));
#846 = CARTESIAN_POINT('',(0.164620112904,64.094537671308));
#847 = CARTESIAN_POINT('',(0.164618907739,64.173197363891));
#848 = CARTESIAN_POINT('',(0.16461705023,64.327225538232));
#849 = CARTESIAN_POINT('',(0.164616376528,64.402624621561));
#850 = CARTESIAN_POINT('',(0.164616340681,64.478014576913));
#851 = CARTESIAN_POINT('',(0.164617148261,64.553397444539));
#852 = CARTESIAN_POINT('',(0.164618553983,64.628781361066));
#853 = CARTESIAN_POINT('',(0.164619872496,64.704173880399));
#854 = CARTESIAN_POINT('',(0.164620517862,64.779575254795));
#855 = CARTESIAN_POINT('',(0.164619994424,64.913647422623));
#856 = CARTESIAN_POINT('',(0.164619195847,64.972343684206));
#857 = CARTESIAN_POINT('',(0.164617701937,65.031040328469));
#858 = CARTESIAN_POINT('',(0.164615503485,65.089736073729));
#859 = CARTESIAN_POINT('',(0.164612786545,65.148432827368));
#860 = CARTESIAN_POINT('',(0.164609924828,65.20713250409));
#861 = CARTESIAN_POINT('',(0.164607385898,65.265833760173));
#862 = CARTESIAN_POINT('',(0.164602878883,65.410017917879));
#863 = CARTESIAN_POINT('',(0.164601699557,65.495529394962));
#864 = CARTESIAN_POINT('',(0.164603220493,65.581024079037));
#865 = CARTESIAN_POINT('',(0.164608263037,65.666508271095));
#866 = CARTESIAN_POINT('',(0.164616565204,65.751996206388));
#867 = CARTESIAN_POINT('',(0.164625162753,65.83750024176));
#868 = CARTESIAN_POINT('',(0.164630742604,65.923019819201));
#869 = CARTESIAN_POINT('',(0.164631951667,66.008501339585));
#870 = ( GEOMETRIC_REPRESENTATION_CONTEXT(2) 
PARAMETRIC_REPRESENTATION_CONTEXT() REPRESENTATION_CONTEXT('2D SPACE',''
  ) );
#871 = ORIENTED_EDGE('',*,*,#872,.F.);
#872 = EDGE_CURVE('',#22,#476,#873,.T.);
#873 = SURFACE_CURVE('',#874,(#878,#885),.PCURVE_S1.);
#874 = LINE('',#875,#876);
#875 = CARTESIAN_POINT('',(31.958734122635,-7.827632289617E-15,0.));
#876 = VECTOR('',#877,1.);
#877 = DIRECTION('',(0.,0.,1.));
#878 = PCURVE('',#66,#879);
#879 = DEFINITIONAL_REPRESENTATION('',(#880),#884);
#880 = LINE('',#881,#882);
#881 = CARTESIAN_POINT('',(0.,-0.));
#882 = VECTOR('',#883,1.);
#883 = DIRECTION('',(0.,1.));
#884 = ( GEOMETRIC_REPRESENTATION_CONTEXT(2) 
PARAMETRIC_REPRESENTATION_CONTEXT() REPRESENTATION_CONTEXT('2D SPACE',''
  ) );
#885 = PCURVE('',#886,#891);
#886 = CYLINDRICAL_SURFACE('',#887,31.958734122635);
#887 = AXIS2_PLACEMENT_3D('',#888,#889,#890);
#888 = CARTESIAN_POINT('',(0.,0.,0.));
#889 = DIRECTION('',(0.,0.,1.));
#890 = DIRECTION('',(1.,0.,-0.));
#891 = DEFINITIONAL_REPRESENTATION('',(#892),#896);
#892 = LINE('',#893,#894);
#893 = CARTESIAN_POINT('',(6.28318530718,-0.));
#894 = VECTOR('',#895,1.);
#895 = DIRECTION('',(0.,1.));
#896 = ( GEOMETRIC_REPRESENTATION_CONTEXT(2) 
PARAMETRIC_REPRESENTATION_CONTEXT() REPRESENTATION_CONTEXT('2D SPACE',''
  ) );
#897 = ADVANCED_FACE('',(#898),#112,.F.);
#898 = FACE_BOUND('',#899,.F.);
#899 = EDGE_LOOP('',(#900,#1360,#1445,#1533,#1789,#2024,#2280,#2515,
    #2750,#3006,#3276,#3277));
#900 = ORIENTED_EDGE('',*,*,#901,.F.);
#901 = EDGE_CURVE('',#902,#904,#906,.T.);
#902 = VERTEX_POINT('',#903);
#903 = CARTESIAN_POINT('',(30.026076041511,-12.43722103934,
    -3.941214358665E-17));
#904 = VERTEX_POINT('',#905);
#905 = CARTESIAN_POINT('',(30.026089825398,-12.43721873291,8.));
#906 = SURFACE_CURVE('',#907,(#1054,#1060),.PCURVE_S1.);
#907 = B_SPLINE_CURVE_WITH_KNOTS('',10,(#908,#909,#910,#911,#912,#913,
    #914,#915,#916,#917,#918,#919,#920,#921,#922,#923,#924,#925,#926,
    #927,#928,#929,#930,#931,#932,#933,#934,#935,#936,#937,#938,#939,
    #940,#941,#942,#943,#944,#945,#946,#947,#948,#949,#950,#951,#952,
    #953,#954,#955,#956,#957,#958,#959,#960,#961,#962,#963,#964,#965,
    #966,#967,#968,#969,#970,#971,#972,#973,#974,#975,#976,#977,#978,
    #979,#980,#981,#982,#983,#984,#985,#986,#987,#988,#989,#990,#991,
    #992,#993,#994,#995,#996,#997,#998,#999,#1000,#1001,#1002,#1003,
    #1004,#1005,#1006,#1007,#1008,#1009,#1010,#1011,#1012,#1013,#1014,
    #1015,#1016,#1017,#1018,#1019,#1020,#1021,#1022,#1023,#1024,#1025,
    #1026,#1027,#1028,#1029,#1030,#1031,#1032,#1033,#1034,#1035,#1036,
    #1037,#1038,#1039,#1040,#1041,#1042,#1043,#1044,#1045,#1046,#1047,
    #1048,#1049,#1050,#1051,#1052,#1053),.UNSPECIFIED.,.F.,.F.,(11,9,9,9
    ,9,9,9,9,9,9,9,9,9,9,9,9,11),(0.,4.771698848675,9.543397697351,
    14.315096546026,19.086795394702,23.858494243377,28.630193092053,
    33.401891940728,38.173590789404,42.945289638079,47.716988486755,
    52.48868733543,57.260386184106,62.032085032781,66.803783881457,
    71.575482730132,76.347181578808),.UNSPECIFIED.);
#908 = CARTESIAN_POINT('',(32.499999929725,3.0496281056E-09,
    -1.937500002261));
#909 = CARTESIAN_POINT('',(32.499999924627,15.315264490635,
    -1.862499970294));
#910 = CARTESIAN_POINT('',(24.481570114735,30.630998479457,
    -1.787500092127));
#911 = CARTESIAN_POINT('',(8.43890623829,41.219449705649,-1.712499844085
    ));
#912 = CARTESIAN_POINT('',(-12.42114330104,42.374600720135,
    -1.637500133051));
#913 = CARTESIAN_POINT('',(-31.82287455458,31.822874490669,
    -1.562499990824));
#914 = CARTESIAN_POINT('',(-42.37460068666,12.421143356266,
    -1.487499881986));
#915 = CARTESIAN_POINT('',(-41.21944971793,-8.438906292639,
    -1.412500141579));
#916 = CARTESIAN_POINT('',(-30.63099847222,-24.48157009803,
    -1.337499916123));
#917 = CARTESIAN_POINT('',(-15.31526448456,-32.49999993353,
    -1.262500022975));
#918 = CARTESIAN_POINT('',(15.315264490645,-32.49999992526,
    -1.112499975817));
#919 = CARTESIAN_POINT('',(30.630998479461,-24.48157011376,
    -1.037500083689));
#920 = CARTESIAN_POINT('',(41.219449705609,-8.438906239499,
    -0.962499854542));
#921 = CARTESIAN_POINT('',(42.374600720215,12.421143302279,
    -0.88750012245));
#922 = CARTESIAN_POINT('',(31.82287449057,31.822874553564,-0.81249999959
    ));
#923 = CARTESIAN_POINT('',(12.42114335635,42.374600687341,
    -0.737499876163));
#924 = CARTESIAN_POINT('',(-8.438906292689,41.219449717585,
    -0.66250014457));
#925 = CARTESIAN_POINT('',(-24.48157009801,30.630998472346,
    -0.587499915039));
#926 = CARTESIAN_POINT('',(-32.49999993353,15.315264484542,
    -0.512500023167));
#927 = CARTESIAN_POINT('',(-32.49999992525,-15.31526449063,
    -0.362499975722));
#928 = CARTESIAN_POINT('',(-24.48157011378,-30.63099847946,
    -0.287500083833));
#929 = CARTESIAN_POINT('',(-8.438906239462,-41.21944970562,
    -0.212499854364));
#930 = CARTESIAN_POINT('',(12.421143302224,-42.37460072016,
    -0.13750012263));
#931 = CARTESIAN_POINT('',(31.822874553622,-31.82287449063,
    -6.249999944128E-02));
#932 = CARTESIAN_POINT('',(42.374600687299,-12.42114335628,
    1.250012373826E-02));
#933 = CARTESIAN_POINT('',(41.219449717606,8.43890629265,
    8.749985548023E-02));
#934 = CARTESIAN_POINT('',(30.63099847234,24.481570098026,0.162500084942
    ));
#935 = CARTESIAN_POINT('',(15.315264484542,32.499999933534,
    0.237499976836));
#936 = CARTESIAN_POINT('',(-15.31526449063,32.49999992526,0.387500024276
    ));
#937 = CARTESIAN_POINT('',(-30.63099847948,24.481570113767,0.46249991617
    ));
#938 = CARTESIAN_POINT('',(-41.21944970558,8.438906239493,0.537500145633
    ));
#939 = CARTESIAN_POINT('',(-42.37460072024,-12.42114330227,
    0.612499877373));
#940 = CARTESIAN_POINT('',(-31.82287449054,-31.82287455357,
    0.687500000556));
#941 = CARTESIAN_POINT('',(-12.42114335636,-42.37460068733,0.76250012374
    ));
#942 = CARTESIAN_POINT('',(8.438906292694,-41.21944971758,0.837499855479
    ));
#943 = CARTESIAN_POINT('',(24.481570098012,-30.63099847234,
    0.912500084943));
#944 = CARTESIAN_POINT('',(32.499999933536,-15.31526448454,
    0.987499976836));
#945 = CARTESIAN_POINT('',(32.49999992526,15.315264490636,1.137500024276
    ));
#946 = CARTESIAN_POINT('',(24.481570113764,30.630998479464,1.21249991617
    ));
#947 = CARTESIAN_POINT('',(8.438906239506,41.219449705622,1.287500145633
    ));
#948 = CARTESIAN_POINT('',(-12.42114330229,42.374600720187,
    1.362499877372));
#949 = CARTESIAN_POINT('',(-31.82287455353,31.822874490603,
    1.437500000557));
#950 = CARTESIAN_POINT('',(-42.37460068736,12.421143356324,
    1.512500123739));
#951 = CARTESIAN_POINT('',(-41.21944971757,-8.438906292673,1.58749985548
    ));
#952 = CARTESIAN_POINT('',(-30.63099847235,-24.48157009801,
    1.662500084942));
#953 = CARTESIAN_POINT('',(-15.31526448454,-32.49999993353,
    1.737499976836));
#954 = CARTESIAN_POINT('',(15.315264490632,-32.49999992526,
    1.887500024276));
#955 = CARTESIAN_POINT('',(30.630998479487,-24.48157011376,
    1.962499916171));
#956 = CARTESIAN_POINT('',(41.219449705567,-8.438906239495,2.03750014563
    ));
#957 = CARTESIAN_POINT('',(42.374600720269,12.421143302271,
    2.112499877378));
#958 = CARTESIAN_POINT('',(31.822874490518,31.822874553578,2.18750000055
    ));
#959 = CARTESIAN_POINT('',(12.421143356386,42.374600687325,
    2.262500123745));
#960 = CARTESIAN_POINT('',(-8.438906292705,41.219449717597,
    2.337499855476));
#961 = CARTESIAN_POINT('',(-24.481570098,30.63099847234,2.412500084944)
  );
#962 = CARTESIAN_POINT('',(-32.49999993353,15.315264484544,
    2.487499976836));
#963 = CARTESIAN_POINT('',(-32.49999992525,-15.31526449063,
    2.637500024276));
#964 = CARTESIAN_POINT('',(-24.48157011377,-30.63099847944,
    2.712499916168));
#965 = CARTESIAN_POINT('',(-8.438906239483,-41.21944970566,
    2.787500145636));
#966 = CARTESIAN_POINT('',(12.421143302259,-42.37460072011,
    2.862499877367));
#967 = CARTESIAN_POINT('',(31.822874553584,-31.82287449068,
    2.937500000562));
#968 = CARTESIAN_POINT('',(42.374600687329,-12.42114335625,
    3.012500123736));
#969 = CARTESIAN_POINT('',(41.21944971759,8.438906292632,3.087499855481)
  );
#970 = CARTESIAN_POINT('',(30.630998472345,24.481570098033,
    3.162500084942));
#971 = CARTESIAN_POINT('',(15.315264484542,32.499999933532,
    3.237499976836));
#972 = CARTESIAN_POINT('',(-15.31526449063,32.499999925262,
    3.387500024276));
#973 = CARTESIAN_POINT('',(-30.63099847947,24.48157011376,3.46249991617)
  );
#974 = CARTESIAN_POINT('',(-41.2194497056,8.438906239505,3.537500145632)
  );
#975 = CARTESIAN_POINT('',(-42.37460072021,-12.42114330228,
    3.612499877375));
#976 = CARTESIAN_POINT('',(-31.82287449058,-31.82287455355,
    3.687500000553));
#977 = CARTESIAN_POINT('',(-12.42114335633,-42.37460068734,
    3.762500123743));
#978 = CARTESIAN_POINT('',(8.438906292675,-41.21944971758,3.837499855478
    ));
#979 = CARTESIAN_POINT('',(24.481570098016,-30.63099847234,
    3.912500084943));
#980 = CARTESIAN_POINT('',(32.499999933537,-15.31526448454,
    3.987499976836));
#981 = CARTESIAN_POINT('',(32.499999925256,15.315264490638,
    4.137500024276));
#982 = CARTESIAN_POINT('',(24.481570113785,30.630998479447,
    4.212499916168));
#983 = CARTESIAN_POINT('',(8.438906239452,41.219449705671,4.287500145637
    ));
#984 = CARTESIAN_POINT('',(-12.4211433022,42.374600720096,4.362499877367
    ));
#985 = CARTESIAN_POINT('',(-31.82287455363,31.822874490719,
    4.437500000562));
#986 = CARTESIAN_POINT('',(-42.37460068728,12.421143356222,
    4.512500123736));
#987 = CARTESIAN_POINT('',(-41.21944971761,-8.438906292613,
    4.587499855481));
#988 = CARTESIAN_POINT('',(-30.63099847233,-24.48157009803,
    4.662500084943));
#989 = CARTESIAN_POINT('',(-15.31526448454,-32.49999993353,
    4.737499976836));
#990 = CARTESIAN_POINT('',(15.31526449064,-32.49999992526,4.887500024276
    ));
#991 = CARTESIAN_POINT('',(30.630998479446,-24.48157011377,
    4.962499916168));
#992 = CARTESIAN_POINT('',(41.219449705667,-8.438906239485,
    5.037500145638));
#993 = CARTESIAN_POINT('',(42.374600720108,12.421143302261,
    5.112499877364));
#994 = CARTESIAN_POINT('',(31.822874490701,31.82287455358,5.187500000566
    ));
#995 = CARTESIAN_POINT('',(12.421143356238,42.374600687332,
    5.262500123732));
#996 = CARTESIAN_POINT('',(-8.438906292621,41.219449717589,
    5.337499855483));
#997 = CARTESIAN_POINT('',(-24.48157009803,30.630998472345,
    5.412500084942));
#998 = CARTESIAN_POINT('',(-32.49999993353,15.315264484542,
    5.487499976836));
#999 = CARTESIAN_POINT('',(-32.49999992526,-15.31526449063,
    5.637500024276));
#1000 = CARTESIAN_POINT('',(-24.48157011376,-30.63099847946,
    5.71249991617));
#1001 = CARTESIAN_POINT('',(-8.438906239502,-41.21944970563,
    5.787500145633));
#1002 = CARTESIAN_POINT('',(12.421143302289,-42.37460072015,
    5.862499877373));
#1003 = CARTESIAN_POINT('',(31.822874553544,-31.82287449065,
    5.937500000556));
#1004 = CARTESIAN_POINT('',(42.374600687364,-12.42114335627,
    6.01250012374));
#1005 = CARTESIAN_POINT('',(41.219449717567,8.438906292639,
    6.087499855479));
#1006 = CARTESIAN_POINT('',(30.630998472356,24.481570098031,
    6.162500084943));
#1007 = CARTESIAN_POINT('',(15.315264484538,32.499999933533,
    6.237499976836));
#1008 = CARTESIAN_POINT('',(-15.31526449063,32.499999925261,
    6.387500024276));
#1009 = CARTESIAN_POINT('',(-30.63099847949,24.481570113763,
    6.462499916172));
#1010 = CARTESIAN_POINT('',(-41.21944970554,8.4389062395,6.537500145625)
  );
#1011 = CARTESIAN_POINT('',(-42.3746007203,-12.42114330228,
    6.612499877387));
#1012 = CARTESIAN_POINT('',(-31.82287449048,-31.82287455356,
    6.68750000054));
#1013 = CARTESIAN_POINT('',(-12.4211433564,-42.37460068733,
    6.762500123753));
#1014 = CARTESIAN_POINT('',(8.438906292714,-41.21944971758,
    6.837499855473));
#1015 = CARTESIAN_POINT('',(24.481570098004,-30.63099847234,
    6.912500084944));
#1016 = CARTESIAN_POINT('',(32.499999933537,-15.31526448454,
    6.987499976836));
#1017 = CARTESIAN_POINT('',(32.499999925258,15.315264490636,
    7.137500024276));
#1018 = CARTESIAN_POINT('',(24.481570113769,30.630998479468,
    7.212499916169));
#1019 = CARTESIAN_POINT('',(8.438906239494,41.219449705611,
    7.287500145634));
#1020 = CARTESIAN_POINT('',(-12.42114330228,42.374600720201,
    7.362499877371));
#1021 = CARTESIAN_POINT('',(-31.82287455354,31.822874490596,
    7.437500000558));
#1022 = CARTESIAN_POINT('',(-42.37460068737,12.421143356318,
    7.512500123739));
#1023 = CARTESIAN_POINT('',(-41.21944971755,-8.438906292665,
    7.58749985548));
#1024 = CARTESIAN_POINT('',(-30.63099847235,-24.48157009802,
    7.662500084942));
#1025 = CARTESIAN_POINT('',(-15.31526448453,-32.49999993353,
    7.737499976837));
#1026 = CARTESIAN_POINT('',(15.315264490631,-32.49999992526,
    7.887500024276));
#1027 = CARTESIAN_POINT('',(30.630998479493,-24.48157011376,
    7.962499916173));
#1028 = CARTESIAN_POINT('',(41.219449705552,-8.438906239493,
    8.037500145625));
#1029 = CARTESIAN_POINT('',(42.374600720292,12.421143302271,
    8.112499877387));
#1030 = CARTESIAN_POINT('',(31.8228744905,31.822874553569,8.18750000054)
  );
#1031 = CARTESIAN_POINT('',(12.421143356393,42.374600687341,
    8.262500123752));
#1032 = CARTESIAN_POINT('',(-8.438906292707,41.219449717583,
    8.337499855472));
#1033 = CARTESIAN_POINT('',(-24.481570098,30.630998472346,8.412500084946
    ));
#1034 = CARTESIAN_POINT('',(-32.49999993353,15.315264484542,
    8.487499976835));
#1035 = CARTESIAN_POINT('',(-32.49999992525,-15.31526449063,
    8.637500024279));
#1036 = CARTESIAN_POINT('',(-24.48157011376,-30.63099847946,
    8.712499916152));
#1037 = CARTESIAN_POINT('',(-8.43890623949,-41.21944970562,
    8.787500145681));
#1038 = CARTESIAN_POINT('',(12.421143302278,-42.37460072018,
    8.862499877281));
#1039 = CARTESIAN_POINT('',(31.82287455355,-31.82287449062,
    8.937500000694));
#1040 = CARTESIAN_POINT('',(42.374600687367,-12.42114335629,
    9.012500123571));
#1041 = CARTESIAN_POINT('',(41.219449717559,8.438906292652,
    9.087499855649));
#1042 = CARTESIAN_POINT('',(30.630998472364,24.481570098025,
    9.162500084803));
#1043 = CARTESIAN_POINT('',(15.315264484532,32.499999933534,
    9.237499976929));
#1044 = CARTESIAN_POINT('',(-15.31526449061,32.49999992526,
    9.387500024088));
#1045 = CARTESIAN_POINT('',(-30.63099847957,24.481570113764,
    9.462499917233));
#1046 = CARTESIAN_POINT('',(-41.21944970531,8.438906239502,
    9.537500142697));
#1047 = CARTESIAN_POINT('',(-42.37460072078,-12.42114330229,
    9.612499883088));
#1048 = CARTESIAN_POINT('',(-31.82287448969,-31.82287455353,
    9.687499991947));
#1049 = CARTESIAN_POINT('',(-12.42114335744,-42.37460068739,
    9.762500134155));
#1050 = CARTESIAN_POINT('',(8.438906293806,-41.21944971752,
    9.837499845201));
#1051 = CARTESIAN_POINT('',(24.481570097086,-30.63099847241,
    9.912500093239));
#1052 = CARTESIAN_POINT('',(32.499999934153,-15.31526448449,
    9.987499971406));
#1053 = CARTESIAN_POINT('',(32.499999929074,3.021483179394E-09,
    10.062500003374));
#1054 = PCURVE('',#112,#1055);
#1055 = DEFINITIONAL_REPRESENTATION('',(#1056),#1059);
#1056 = B_SPLINE_CURVE_WITH_KNOTS('',1,(#1057,#1058),.UNSPECIFIED.,.F.,
  .F.,(2,2),(0.,76.347181578808),.PIECEWISE_BEZIER_KNOTS.);
#1057 = CARTESIAN_POINT('',(0.,0.));
#1058 = CARTESIAN_POINT('',(0.,76.347181578808));
#1059 = ( GEOMETRIC_REPRESENTATION_CONTEXT(2) 
PARAMETRIC_REPRESENTATION_CONTEXT() REPRESENTATION_CONTEXT('2D SPACE',''
  ) );
#1060 = PCURVE('',#1061,#1354);
#1061 = B_SPLINE_SURFACE_WITH_KNOTS('',1,10,(
    (#1062,#1063,#1064,#1065,#1066,#1067,#1068,#1069,#1070,#1071,#1072
      ,#1073,#1074,#1075,#1076,#1077,#1078,#1079,#1080,#1081,#1082,#1083
      ,#1084,#1085,#1086,#1087,#1088,#1089,#1090,#1091,#1092,#1093,#1094
      ,#1095,#1096,#1097,#1098,#1099,#1100,#1101,#1102,#1103,#1104,#1105
      ,#1106,#1107,#1108,#1109,#1110,#1111,#1112,#1113,#1114,#1115,#1116
      ,#1117,#1118,#1119,#1120,#1121,#1122,#1123,#1124,#1125,#1126,#1127
      ,#1128,#1129,#1130,#1131,#1132,#1133,#1134,#1135,#1136,#1137,#1138
      ,#1139,#1140,#1141,#1142,#1143,#1144,#1145,#1146,#1147,#1148,#1149
      ,#1150,#1151,#1152,#1153,#1154,#1155,#1156,#1157,#1158,#1159,#1160
      ,#1161,#1162,#1163,#1164,#1165,#1166,#1167,#1168,#1169,#1170,#1171
      ,#1172,#1173,#1174,#1175,#1176,#1177,#1178,#1179,#1180,#1181,#1182
      ,#1183,#1184,#1185,#1186,#1187,#1188,#1189,#1190,#1191,#1192,#1193
      ,#1194,#1195,#1196,#1197,#1198,#1199,#1200,#1201,#1202,#1203,#1204
      ,#1205,#1206,#1207)
    ,(#1208,#1209,#1210,#1211,#1212,#1213,#1214,#1215,#1216,#1217,#1218
      ,#1219,#1220,#1221,#1222,#1223,#1224,#1225,#1226,#1227,#1228,#1229
      ,#1230,#1231,#1232,#1233,#1234,#1235,#1236,#1237,#1238,#1239,#1240
      ,#1241,#1242,#1243,#1244,#1245,#1246,#1247,#1248,#1249,#1250,#1251
      ,#1252,#1253,#1254,#1255,#1256,#1257,#1258,#1259,#1260,#1261,#1262
      ,#1263,#1264,#1265,#1266,#1267,#1268,#1269,#1270,#1271,#1272,#1273
      ,#1274,#1275,#1276,#1277,#1278,#1279,#1280,#1281,#1282,#1283,#1284
      ,#1285,#1286,#1287,#1288,#1289,#1290,#1291,#1292,#1293,#1294,#1295
      ,#1296,#1297,#1298,#1299,#1300,#1301,#1302,#1303,#1304,#1305,#1306
      ,#1307,#1308,#1309,#1310,#1311,#1312,#1313,#1314,#1315,#1316,#1317
      ,#1318,#1319,#1320,#1321,#1322,#1323,#1324,#1325,#1326,#1327,#1328
      ,#1329,#1330,#1331,#1332,#1333,#1334,#1335,#1336,#1337,#1338,#1339
      ,#1340,#1341,#1342,#1343,#1344,#1345,#1346,#1347,#1348,#1349,#1350
      ,#1351,#1352,#1353
    )),.UNSPECIFIED.,.F.,.F.,.F.,(2,2),(11,9,9,9,9,9,9,9,9,9,9,9,9,9,9,9
    ,11),(0.,0.125),(0.,4.771698848675,9.543397697351,14.315096546026,
    19.086795394702,23.858494243377,28.630193092053,33.401891940728,
    38.173590789404,42.945289638079,47.716988486755,52.48868733543,
    57.260386184106,62.032085032781,66.803783881457,71.575482730132,
    76.347181578808),.UNSPECIFIED.);
#1062 = CARTESIAN_POINT('',(32.499999929121,3.053255426266E-09,
    -2.062500002261));
#1063 = CARTESIAN_POINT('',(32.499999931342,15.315264490596,
    -1.987499970294));
#1064 = CARTESIAN_POINT('',(24.481570091377,30.630998477017,
    -1.912500092127));
#1065 = CARTESIAN_POINT('',(8.438906286156,41.219449719184,
    -1.837499844085));
#1066 = CARTESIAN_POINT('',(-12.42114336545,42.374600685087,
    -1.76250013305));
#1067 = CARTESIAN_POINT('',(-31.8228744956,31.822874547682,
    -1.687499990824));
#1068 = CARTESIAN_POINT('',(-42.37460072323,12.421143294349,
    -1.612499881985));
#1069 = CARTESIAN_POINT('',(-41.21944970375,-8.438906247196,
    -1.537500141579));
#1070 = CARTESIAN_POINT('',(-30.63099847506,-24.48157011953,
    -1.462499916123));
#1071 = CARTESIAN_POINT('',(-15.31526448456,-32.49999992816,
    -1.387500022975));
#1072 = CARTESIAN_POINT('',(15.315264490627,-32.49999993072,
    -1.237499975817));
#1073 = CARTESIAN_POINT('',(30.63099847699,-24.48157009232,
    -1.162500083689));
#1074 = CARTESIAN_POINT('',(41.219449719184,-8.438906284986,
    -1.087499854542));
#1075 = CARTESIAN_POINT('',(42.37460068513,12.421143364273,
    -1.01250012245));
#1076 = CARTESIAN_POINT('',(31.822874547613,31.82287449658,
    -0.93749999959));
#1077 = CARTESIAN_POINT('',(12.421143294413,42.374600722589,
    -0.862499876163));
#1078 = CARTESIAN_POINT('',(-8.438906247236,41.21944970409,
    -0.78750014457));
#1079 = CARTESIAN_POINT('',(-24.48157011951,30.630998474938,
    -0.712499915039));
#1080 = CARTESIAN_POINT('',(-32.49999992817,15.315264484583,
    -0.637500023167));
#1081 = CARTESIAN_POINT('',(-32.49999993071,-15.31526449063,
    -0.487499975722));
#1082 = CARTESIAN_POINT('',(-24.48157009234,-30.63099847695,
    -0.412500083833));
#1083 = CARTESIAN_POINT('',(-8.438906284946,-41.21944971924,
    -0.337499854364));
#1084 = CARTESIAN_POINT('',(12.421143364212,-42.37460068503,
    -0.26250012263));
#1085 = CARTESIAN_POINT('',(31.822874496644,-31.82287454771,
    -0.187499999441));
#1086 = CARTESIAN_POINT('',(42.374600722541,-12.42114329432,
    -0.112499876262));
#1087 = CARTESIAN_POINT('',(41.219449704114,8.438906247184,
    -3.750014451978E-02));
#1088 = CARTESIAN_POINT('',(30.630998474931,24.481570119538,
    3.750008494237E-02));
#1089 = CARTESIAN_POINT('',(15.315264484583,32.499999928168,
    0.112499976836));
#1090 = CARTESIAN_POINT('',(-15.31526449063,32.49999993072,
    0.262500024276));
#1091 = CARTESIAN_POINT('',(-30.63099847697,24.481570092325,
    0.33749991617));
#1092 = CARTESIAN_POINT('',(-41.21944971919,8.438906284985,
    0.412500145633));
#1093 = CARTESIAN_POINT('',(-42.37460068511,-12.42114336427,
    0.487499877373));
#1094 = CARTESIAN_POINT('',(-31.82287454762,-31.82287449658,
    0.562500000556));
#1095 = CARTESIAN_POINT('',(-12.4211432944,-42.37460072259,0.63750012374
    ));
#1096 = CARTESIAN_POINT('',(8.438906247229,-41.21944970409,
    0.712499855479));
#1097 = CARTESIAN_POINT('',(24.481570119523,-30.63099847493,
    0.787500084943));
#1098 = CARTESIAN_POINT('',(32.499999928169,-15.31526448458,
    0.862499976836));
#1099 = CARTESIAN_POINT('',(32.49999993072,15.31526449064,1.012500024276
    ));
#1100 = CARTESIAN_POINT('',(24.481570092323,30.630998476959,
    1.08749991617));
#1101 = CARTESIAN_POINT('',(8.438906284995,41.21944971924,1.162500145633
    ));
#1102 = CARTESIAN_POINT('',(-12.42114336429,42.374600685055,
    1.237499877372));
#1103 = CARTESIAN_POINT('',(-31.82287449655,31.822874547687,
    1.312500000557));
#1104 = CARTESIAN_POINT('',(-42.37460072261,12.42114329436,
    1.387500123739));
#1105 = CARTESIAN_POINT('',(-41.21944970407,-8.438906247205,
    1.46249985548));
#1106 = CARTESIAN_POINT('',(-30.63099847494,-24.48157011953,
    1.537500084942));
#1107 = CARTESIAN_POINT('',(-15.31526448458,-32.49999992816,
    1.612499976836));
#1108 = CARTESIAN_POINT('',(15.315264490635,-32.49999993072,
    1.762500024276));
#1109 = CARTESIAN_POINT('',(30.630998476984,-24.48157009232,
    1.837499916171));
#1110 = CARTESIAN_POINT('',(41.219449719179,-8.438906284987,
    1.91250014563));
#1111 = CARTESIAN_POINT('',(42.374600685146,12.421143364271,
    1.987499877378));
#1112 = CARTESIAN_POINT('',(31.822874547591,31.822874496585,
    2.06250000055));
#1113 = CARTESIAN_POINT('',(12.42114329443,42.374600722582,
    2.137500123745));
#1114 = CARTESIAN_POINT('',(-8.438906247242,41.219449704097,
    2.212499855476));
#1115 = CARTESIAN_POINT('',(-24.48157011951,30.630998474934,
    2.287500084944));
#1116 = CARTESIAN_POINT('',(-32.49999992817,15.315264484585,
    2.362499976836));
#1117 = CARTESIAN_POINT('',(-32.49999993071,-15.31526449064,
    2.512500024276));
#1118 = CARTESIAN_POINT('',(-24.48157009233,-30.63099847694,
    2.587499916168));
#1119 = CARTESIAN_POINT('',(-8.438906284972,-41.21944971928,
    2.662500145637));
#1120 = CARTESIAN_POINT('',(12.421143364253,-42.37460068498,
    2.737499877366));
#1121 = CARTESIAN_POINT('',(31.822874496599,-31.82287454776,
    2.812500000563));
#1122 = CARTESIAN_POINT('',(42.374600722577,-12.42114329429,
    2.887500123734));
#1123 = CARTESIAN_POINT('',(41.219449704095,8.438906247165,
    2.962499855482));
#1124 = CARTESIAN_POINT('',(30.630998474937,24.481570119545,
    3.037500084942));
#1125 = CARTESIAN_POINT('',(15.315264484582,32.499999928166,
    3.112499976836));
#1126 = CARTESIAN_POINT('',(-15.31526449063,32.499999930722,
    3.262500024276));
#1127 = CARTESIAN_POINT('',(-30.63099847696,24.481570092319,
    3.33749991617));
#1128 = CARTESIAN_POINT('',(-41.21944971921,8.438906284993,
    3.412500145632));
#1129 = CARTESIAN_POINT('',(-42.37460068508,-12.42114336428,
    3.487499877375));
#1130 = CARTESIAN_POINT('',(-31.82287454766,-31.82287449657,
    3.562500000553));
#1131 = CARTESIAN_POINT('',(-12.42114329437,-42.37460072259,
    3.637500123742));
#1132 = CARTESIAN_POINT('',(8.438906247211,-41.21944970408,
    3.712499855478));
#1133 = CARTESIAN_POINT('',(24.481570119527,-30.63099847493,
    3.787500084943));
#1134 = CARTESIAN_POINT('',(32.499999928171,-15.31526448458,
    3.862499976836));
#1135 = CARTESIAN_POINT('',(32.499999930716,15.315264490642,
    4.012500024276));
#1136 = CARTESIAN_POINT('',(24.481570092345,30.630998476941,
    4.087499916168));
#1137 = CARTESIAN_POINT('',(8.43890628494,41.21944971929,4.162500145637)
  );
#1138 = CARTESIAN_POINT('',(-12.4211433642,42.374600684963,
    4.237499877366));
#1139 = CARTESIAN_POINT('',(-31.82287449665,31.822874547803,
    4.312500000563));
#1140 = CARTESIAN_POINT('',(-42.37460072253,12.421143294257,
    4.387500123735));
#1141 = CARTESIAN_POINT('',(-41.21944970412,-8.438906247145,
    4.462499855481));
#1142 = CARTESIAN_POINT('',(-30.63099847492,-24.48157011955,
    4.537500084942));
#1143 = CARTESIAN_POINT('',(-15.31526448458,-32.49999992816,
    4.612499976836));
#1144 = CARTESIAN_POINT('',(15.315264490643,-32.49999993072,
    4.762500024276));
#1145 = CARTESIAN_POINT('',(30.630998476942,-24.48157009233,
    4.837499916168));
#1146 = CARTESIAN_POINT('',(41.219449719284,-8.438906284973,
    4.912500145638));
#1147 = CARTESIAN_POINT('',(42.374600684978,12.421143364254,
    4.987499877363));
#1148 = CARTESIAN_POINT('',(31.822874547783,31.822874496598,
    5.062500000567));
#1149 = CARTESIAN_POINT('',(12.421143294274,42.374600722578,
    5.137500123731));
#1150 = CARTESIAN_POINT('',(-8.438906247154,41.219449704096,
    5.212499855484));
#1151 = CARTESIAN_POINT('',(-24.48157011954,30.630998474936,
    5.287500084941));
#1152 = CARTESIAN_POINT('',(-32.49999992816,15.315264484583,
    5.362499976836));
#1153 = CARTESIAN_POINT('',(-32.49999993072,-15.31526449064,
    5.512500024276));
#1154 = CARTESIAN_POINT('',(-24.48157009232,-30.63099847695,
    5.58749991617));
#1155 = CARTESIAN_POINT('',(-8.438906284987,-41.21944971924,
    5.662500145632));
#1156 = CARTESIAN_POINT('',(12.421143364278,-42.37460068503,
    5.737499877374));
#1157 = CARTESIAN_POINT('',(31.822874496567,-31.82287454772,
    5.812500000555));
#1158 = CARTESIAN_POINT('',(42.374600722607,-12.42114329431,
    5.887500123741));
#1159 = CARTESIAN_POINT('',(41.219449704075,8.438906247176,
    5.962499855479));
#1160 = CARTESIAN_POINT('',(30.630998474946,24.481570119541,
    6.037500084943));
#1161 = CARTESIAN_POINT('',(15.315264484579,32.499999928167,
    6.112499976836));
#1162 = CARTESIAN_POINT('',(-15.31526449063,32.499999930722,
    6.262500024276));
#1163 = CARTESIAN_POINT('',(-30.63099847699,24.481570092321,
    6.337499916172));
#1164 = CARTESIAN_POINT('',(-41.21944971916,8.438906284991,
    6.412500145625));
#1165 = CARTESIAN_POINT('',(-42.37460068517,-12.42114336427,
    6.487499877388));
#1166 = CARTESIAN_POINT('',(-31.82287454755,-31.82287449657,
    6.562500000539));
#1167 = CARTESIAN_POINT('',(-12.42114329444,-42.37460072259,
    6.637500123753));
#1168 = CARTESIAN_POINT('',(8.438906247249,-41.21944970409,
    6.712499855473));
#1169 = CARTESIAN_POINT('',(24.481570119516,-30.63099847493,
    6.787500084945));
#1170 = CARTESIAN_POINT('',(32.499999928171,-15.31526448458,
    6.862499976836));
#1171 = CARTESIAN_POINT('',(32.499999930718,15.31526449064,
    7.012500024276));
#1172 = CARTESIAN_POINT('',(24.48157009233,30.630998476963,
    7.087499916169));
#1173 = CARTESIAN_POINT('',(8.43890628498,41.219449719229,7.162500145634
    ));
#1174 = CARTESIAN_POINT('',(-12.42114336427,42.374600685069,
    7.237499877372));
#1175 = CARTESIAN_POINT('',(-31.82287449656,31.82287454768,
    7.312500000557));
#1176 = CARTESIAN_POINT('',(-42.37460072261,12.421143294354,
    7.38750012374));
#1177 = CARTESIAN_POINT('',(-41.21944970406,-8.438906247197,
    7.46249985548));
#1178 = CARTESIAN_POINT('',(-30.63099847495,-24.48157011953,
    7.537500084942));
#1179 = CARTESIAN_POINT('',(-15.31526448457,-32.49999992816,
    7.612499976836));
#1180 = CARTESIAN_POINT('',(15.315264490634,-32.49999993072,
    7.762500024276));
#1181 = CARTESIAN_POINT('',(30.630998476989,-24.48157009232,
    7.837499916173));
#1182 = CARTESIAN_POINT('',(41.219449719166,-8.438906284986,
    7.912500145624));
#1183 = CARTESIAN_POINT('',(42.374600685167,12.421143364272,
    7.987499877387));
#1184 = CARTESIAN_POINT('',(31.822874547574,31.822874496579,
    8.062500000539));
#1185 = CARTESIAN_POINT('',(12.421143294436,42.374600722593,
    8.137500123753));
#1186 = CARTESIAN_POINT('',(-8.438906247244,41.219449704087,
    8.212499855472));
#1187 = CARTESIAN_POINT('',(-24.48157011951,30.630998474938,
    8.287500084946));
#1188 = CARTESIAN_POINT('',(-32.49999992817,15.315264484583,
    8.362499976835));
#1189 = CARTESIAN_POINT('',(-32.49999993071,-15.31526449064,
    8.51250002428));
#1190 = CARTESIAN_POINT('',(-24.48157009233,-30.63099847696,
    8.587499916151));
#1191 = CARTESIAN_POINT('',(-8.438906284971,-41.21944971924,
    8.662500145682));
#1192 = CARTESIAN_POINT('',(12.421143364256,-42.37460068504,
    8.737499877279));
#1193 = CARTESIAN_POINT('',(31.822874496593,-31.8228745477,
    8.812500000696));
#1194 = CARTESIAN_POINT('',(42.37460072258,-12.42114329433,
    8.887500123569));
#1195 = CARTESIAN_POINT('',(41.219449704102,8.438906247187,8.96249985565
    ));
#1196 = CARTESIAN_POINT('',(30.630998474924,24.481570119536,
    9.037500084803));
#1197 = CARTESIAN_POINT('',(15.315264484594,32.499999928169,
    9.112499976929));
#1198 = CARTESIAN_POINT('',(-15.31526449066,32.499999930719,
    9.262500024088));
#1199 = CARTESIAN_POINT('',(-30.63099847682,24.481570092332,
    9.337499917233));
#1200 = CARTESIAN_POINT('',(-41.21944971961,8.438906284965,
    9.412500142697));
#1201 = CARTESIAN_POINT('',(-42.37460068432,-12.42114336423,
    9.487499883089));
#1202 = CARTESIAN_POINT('',(-31.82287454877,-31.82287449662,
    9.562499991946));
#1203 = CARTESIAN_POINT('',(-12.42114329306,-42.37460072255,
    9.637500134157));
#1204 = CARTESIAN_POINT('',(8.438906245961,-41.21944970411,
    9.712499845199));
#1205 = CARTESIAN_POINT('',(24.481570120517,-30.63099847493,
    9.78750009324));
#1206 = CARTESIAN_POINT('',(32.499999927532,-15.31526448457,
    9.862499971406));
#1207 = CARTESIAN_POINT('',(32.499999929772,3.025053656641E-09,
    9.937500003374));
#1208 = CARTESIAN_POINT('',(32.499999929725,3.0496281056E-09,
    -1.937500002261));
#1209 = CARTESIAN_POINT('',(32.499999924627,15.315264490635,
    -1.862499970294));
#1210 = CARTESIAN_POINT('',(24.481570114735,30.630998479457,
    -1.787500092127));
#1211 = CARTESIAN_POINT('',(8.43890623829,41.219449705649,
    -1.712499844085));
#1212 = CARTESIAN_POINT('',(-12.42114330104,42.374600720135,
    -1.637500133051));
#1213 = CARTESIAN_POINT('',(-31.82287455458,31.822874490669,
    -1.562499990824));
#1214 = CARTESIAN_POINT('',(-42.37460068666,12.421143356266,
    -1.487499881986));
#1215 = CARTESIAN_POINT('',(-41.21944971793,-8.438906292639,
    -1.412500141579));
#1216 = CARTESIAN_POINT('',(-30.63099847222,-24.48157009803,
    -1.337499916123));
#1217 = CARTESIAN_POINT('',(-15.31526448456,-32.49999993353,
    -1.262500022975));
#1218 = CARTESIAN_POINT('',(15.315264490645,-32.49999992526,
    -1.112499975817));
#1219 = CARTESIAN_POINT('',(30.630998479461,-24.48157011376,
    -1.037500083689));
#1220 = CARTESIAN_POINT('',(41.219449705609,-8.438906239499,
    -0.962499854542));
#1221 = CARTESIAN_POINT('',(42.374600720215,12.421143302279,
    -0.88750012245));
#1222 = CARTESIAN_POINT('',(31.82287449057,31.822874553564,
    -0.81249999959));
#1223 = CARTESIAN_POINT('',(12.42114335635,42.374600687341,
    -0.737499876163));
#1224 = CARTESIAN_POINT('',(-8.438906292689,41.219449717585,
    -0.66250014457));
#1225 = CARTESIAN_POINT('',(-24.48157009801,30.630998472346,
    -0.587499915039));
#1226 = CARTESIAN_POINT('',(-32.49999993353,15.315264484542,
    -0.512500023167));
#1227 = CARTESIAN_POINT('',(-32.49999992525,-15.31526449063,
    -0.362499975722));
#1228 = CARTESIAN_POINT('',(-24.48157011378,-30.63099847946,
    -0.287500083833));
#1229 = CARTESIAN_POINT('',(-8.438906239462,-41.21944970562,
    -0.212499854364));
#1230 = CARTESIAN_POINT('',(12.421143302224,-42.37460072016,
    -0.13750012263));
#1231 = CARTESIAN_POINT('',(31.822874553622,-31.82287449063,
    -6.249999944128E-02));
#1232 = CARTESIAN_POINT('',(42.374600687299,-12.42114335628,
    1.250012373826E-02));
#1233 = CARTESIAN_POINT('',(41.219449717606,8.43890629265,
    8.749985548023E-02));
#1234 = CARTESIAN_POINT('',(30.63099847234,24.481570098026,
    0.162500084942));
#1235 = CARTESIAN_POINT('',(15.315264484542,32.499999933534,
    0.237499976836));
#1236 = CARTESIAN_POINT('',(-15.31526449063,32.49999992526,
    0.387500024276));
#1237 = CARTESIAN_POINT('',(-30.63099847948,24.481570113767,
    0.46249991617));
#1238 = CARTESIAN_POINT('',(-41.21944970558,8.438906239493,
    0.537500145633));
#1239 = CARTESIAN_POINT('',(-42.37460072024,-12.42114330227,
    0.612499877373));
#1240 = CARTESIAN_POINT('',(-31.82287449054,-31.82287455357,
    0.687500000556));
#1241 = CARTESIAN_POINT('',(-12.42114335636,-42.37460068733,
    0.76250012374));
#1242 = CARTESIAN_POINT('',(8.438906292694,-41.21944971758,
    0.837499855479));
#1243 = CARTESIAN_POINT('',(24.481570098012,-30.63099847234,
    0.912500084943));
#1244 = CARTESIAN_POINT('',(32.499999933536,-15.31526448454,
    0.987499976836));
#1245 = CARTESIAN_POINT('',(32.49999992526,15.315264490636,
    1.137500024276));
#1246 = CARTESIAN_POINT('',(24.481570113764,30.630998479464,
    1.21249991617));
#1247 = CARTESIAN_POINT('',(8.438906239506,41.219449705622,
    1.287500145633));
#1248 = CARTESIAN_POINT('',(-12.42114330229,42.374600720187,
    1.362499877372));
#1249 = CARTESIAN_POINT('',(-31.82287455353,31.822874490603,
    1.437500000557));
#1250 = CARTESIAN_POINT('',(-42.37460068736,12.421143356324,
    1.512500123739));
#1251 = CARTESIAN_POINT('',(-41.21944971757,-8.438906292673,
    1.58749985548));
#1252 = CARTESIAN_POINT('',(-30.63099847235,-24.48157009801,
    1.662500084942));
#1253 = CARTESIAN_POINT('',(-15.31526448454,-32.49999993353,
    1.737499976836));
#1254 = CARTESIAN_POINT('',(15.315264490632,-32.49999992526,
    1.887500024276));
#1255 = CARTESIAN_POINT('',(30.630998479487,-24.48157011376,
    1.962499916171));
#1256 = CARTESIAN_POINT('',(41.219449705567,-8.438906239495,
    2.03750014563));
#1257 = CARTESIAN_POINT('',(42.374600720269,12.421143302271,
    2.112499877378));
#1258 = CARTESIAN_POINT('',(31.822874490518,31.822874553578,
    2.18750000055));
#1259 = CARTESIAN_POINT('',(12.421143356386,42.374600687325,
    2.262500123745));
#1260 = CARTESIAN_POINT('',(-8.438906292705,41.219449717597,
    2.337499855476));
#1261 = CARTESIAN_POINT('',(-24.481570098,30.63099847234,2.412500084944)
  );
#1262 = CARTESIAN_POINT('',(-32.49999993353,15.315264484544,
    2.487499976836));
#1263 = CARTESIAN_POINT('',(-32.49999992525,-15.31526449063,
    2.637500024276));
#1264 = CARTESIAN_POINT('',(-24.48157011377,-30.63099847944,
    2.712499916168));
#1265 = CARTESIAN_POINT('',(-8.438906239483,-41.21944970566,
    2.787500145636));
#1266 = CARTESIAN_POINT('',(12.421143302259,-42.37460072011,
    2.862499877367));
#1267 = CARTESIAN_POINT('',(31.822874553584,-31.82287449068,
    2.937500000562));
#1268 = CARTESIAN_POINT('',(42.374600687329,-12.42114335625,
    3.012500123736));
#1269 = CARTESIAN_POINT('',(41.21944971759,8.438906292632,3.087499855481
    ));
#1270 = CARTESIAN_POINT('',(30.630998472345,24.481570098033,
    3.162500084942));
#1271 = CARTESIAN_POINT('',(15.315264484542,32.499999933532,
    3.237499976836));
#1272 = CARTESIAN_POINT('',(-15.31526449063,32.499999925262,
    3.387500024276));
#1273 = CARTESIAN_POINT('',(-30.63099847947,24.48157011376,3.46249991617
    ));
#1274 = CARTESIAN_POINT('',(-41.2194497056,8.438906239505,3.537500145632
    ));
#1275 = CARTESIAN_POINT('',(-42.37460072021,-12.42114330228,
    3.612499877375));
#1276 = CARTESIAN_POINT('',(-31.82287449058,-31.82287455355,
    3.687500000553));
#1277 = CARTESIAN_POINT('',(-12.42114335633,-42.37460068734,
    3.762500123743));
#1278 = CARTESIAN_POINT('',(8.438906292675,-41.21944971758,
    3.837499855478));
#1279 = CARTESIAN_POINT('',(24.481570098016,-30.63099847234,
    3.912500084943));
#1280 = CARTESIAN_POINT('',(32.499999933537,-15.31526448454,
    3.987499976836));
#1281 = CARTESIAN_POINT('',(32.499999925256,15.315264490638,
    4.137500024276));
#1282 = CARTESIAN_POINT('',(24.481570113785,30.630998479447,
    4.212499916168));
#1283 = CARTESIAN_POINT('',(8.438906239452,41.219449705671,
    4.287500145637));
#1284 = CARTESIAN_POINT('',(-12.4211433022,42.374600720096,
    4.362499877367));
#1285 = CARTESIAN_POINT('',(-31.82287455363,31.822874490719,
    4.437500000562));
#1286 = CARTESIAN_POINT('',(-42.37460068728,12.421143356222,
    4.512500123736));
#1287 = CARTESIAN_POINT('',(-41.21944971761,-8.438906292613,
    4.587499855481));
#1288 = CARTESIAN_POINT('',(-30.63099847233,-24.48157009803,
    4.662500084943));
#1289 = CARTESIAN_POINT('',(-15.31526448454,-32.49999993353,
    4.737499976836));
#1290 = CARTESIAN_POINT('',(15.31526449064,-32.49999992526,
    4.887500024276));
#1291 = CARTESIAN_POINT('',(30.630998479446,-24.48157011377,
    4.962499916168));
#1292 = CARTESIAN_POINT('',(41.219449705667,-8.438906239485,
    5.037500145638));
#1293 = CARTESIAN_POINT('',(42.374600720108,12.421143302261,
    5.112499877364));
#1294 = CARTESIAN_POINT('',(31.822874490701,31.82287455358,
    5.187500000566));
#1295 = CARTESIAN_POINT('',(12.421143356238,42.374600687332,
    5.262500123732));
#1296 = CARTESIAN_POINT('',(-8.438906292621,41.219449717589,
    5.337499855483));
#1297 = CARTESIAN_POINT('',(-24.48157009803,30.630998472345,
    5.412500084942));
#1298 = CARTESIAN_POINT('',(-32.49999993353,15.315264484542,
    5.487499976836));
#1299 = CARTESIAN_POINT('',(-32.49999992526,-15.31526449063,
    5.637500024276));
#1300 = CARTESIAN_POINT('',(-24.48157011376,-30.63099847946,
    5.71249991617));
#1301 = CARTESIAN_POINT('',(-8.438906239502,-41.21944970563,
    5.787500145633));
#1302 = CARTESIAN_POINT('',(12.421143302289,-42.37460072015,
    5.862499877373));
#1303 = CARTESIAN_POINT('',(31.822874553544,-31.82287449065,
    5.937500000556));
#1304 = CARTESIAN_POINT('',(42.374600687364,-12.42114335627,
    6.01250012374));
#1305 = CARTESIAN_POINT('',(41.219449717567,8.438906292639,
    6.087499855479));
#1306 = CARTESIAN_POINT('',(30.630998472356,24.481570098031,
    6.162500084943));
#1307 = CARTESIAN_POINT('',(15.315264484538,32.499999933533,
    6.237499976836));
#1308 = CARTESIAN_POINT('',(-15.31526449063,32.499999925261,
    6.387500024276));
#1309 = CARTESIAN_POINT('',(-30.63099847949,24.481570113763,
    6.462499916172));
#1310 = CARTESIAN_POINT('',(-41.21944970554,8.4389062395,6.537500145625)
  );
#1311 = CARTESIAN_POINT('',(-42.3746007203,-12.42114330228,
    6.612499877387));
#1312 = CARTESIAN_POINT('',(-31.82287449048,-31.82287455356,
    6.68750000054));
#1313 = CARTESIAN_POINT('',(-12.4211433564,-42.37460068733,
    6.762500123753));
#1314 = CARTESIAN_POINT('',(8.438906292714,-41.21944971758,
    6.837499855473));
#1315 = CARTESIAN_POINT('',(24.481570098004,-30.63099847234,
    6.912500084944));
#1316 = CARTESIAN_POINT('',(32.499999933537,-15.31526448454,
    6.987499976836));
#1317 = CARTESIAN_POINT('',(32.499999925258,15.315264490636,
    7.137500024276));
#1318 = CARTESIAN_POINT('',(24.481570113769,30.630998479468,
    7.212499916169));
#1319 = CARTESIAN_POINT('',(8.438906239494,41.219449705611,
    7.287500145634));
#1320 = CARTESIAN_POINT('',(-12.42114330228,42.374600720201,
    7.362499877371));
#1321 = CARTESIAN_POINT('',(-31.82287455354,31.822874490596,
    7.437500000558));
#1322 = CARTESIAN_POINT('',(-42.37460068737,12.421143356318,
    7.512500123739));
#1323 = CARTESIAN_POINT('',(-41.21944971755,-8.438906292665,
    7.58749985548));
#1324 = CARTESIAN_POINT('',(-30.63099847235,-24.48157009802,
    7.662500084942));
#1325 = CARTESIAN_POINT('',(-15.31526448453,-32.49999993353,
    7.737499976837));
#1326 = CARTESIAN_POINT('',(15.315264490631,-32.49999992526,
    7.887500024276));
#1327 = CARTESIAN_POINT('',(30.630998479493,-24.48157011376,
    7.962499916173));
#1328 = CARTESIAN_POINT('',(41.219449705552,-8.438906239493,
    8.037500145625));
#1329 = CARTESIAN_POINT('',(42.374600720292,12.421143302271,
    8.112499877387));
#1330 = CARTESIAN_POINT('',(31.8228744905,31.822874553569,8.18750000054)
  );
#1331 = CARTESIAN_POINT('',(12.421143356393,42.374600687341,
    8.262500123752));
#1332 = CARTESIAN_POINT('',(-8.438906292707,41.219449717583,
    8.337499855472));
#1333 = CARTESIAN_POINT('',(-24.481570098,30.630998472346,8.412500084946
    ));
#1334 = CARTESIAN_POINT('',(-32.49999993353,15.315264484542,
    8.487499976835));
#1335 = CARTESIAN_POINT('',(-32.49999992525,-15.31526449063,
    8.637500024279));
#1336 = CARTESIAN_POINT('',(-24.48157011376,-30.63099847946,
    8.712499916152));
#1337 = CARTESIAN_POINT('',(-8.43890623949,-41.21944970562,
    8.787500145681));
#1338 = CARTESIAN_POINT('',(12.421143302278,-42.37460072018,
    8.862499877281));
#1339 = CARTESIAN_POINT('',(31.82287455355,-31.82287449062,
    8.937500000694));
#1340 = CARTESIAN_POINT('',(42.374600687367,-12.42114335629,
    9.012500123571));
#1341 = CARTESIAN_POINT('',(41.219449717559,8.438906292652,
    9.087499855649));
#1342 = CARTESIAN_POINT('',(30.630998472364,24.481570098025,
    9.162500084803));
#1343 = CARTESIAN_POINT('',(15.315264484532,32.499999933534,
    9.237499976929));
#1344 = CARTESIAN_POINT('',(-15.31526449061,32.49999992526,
    9.387500024088));
#1345 = CARTESIAN_POINT('',(-30.63099847957,24.481570113764,
    9.462499917233));
#1346 = CARTESIAN_POINT('',(-41.21944970531,8.438906239502,
    9.537500142697));
#1347 = CARTESIAN_POINT('',(-42.37460072078,-12.42114330229,
    9.612499883088));
#1348 = CARTESIAN_POINT('',(-31.82287448969,-31.82287455353,
    9.687499991947));
#1349 = CARTESIAN_POINT('',(-12.42114335744,-42.37460068739,
    9.762500134155));
#1350 = CARTESIAN_POINT('',(8.438906293806,-41.21944971752,
    9.837499845201));
#1351 = CARTESIAN_POINT('',(24.481570097086,-30.63099847241,
    9.912500093239));
#1352 = CARTESIAN_POINT('',(32.499999934153,-15.31526448449,
    9.987499971406));
#1353 = CARTESIAN_POINT('',(32.499999929074,3.021483179394E-09,
    10.062500003374));
#1354 = DEFINITIONAL_REPRESENTATION('',(#1355),#1359);
#1355 = LINE('',#1356,#1357);
#1356 = CARTESIAN_POINT('',(0.125,0.));
#1357 = VECTOR('',#1358,1.);
#1358 = DIRECTION('',(0.,1.));
#1359 = ( GEOMETRIC_REPRESENTATION_CONTEXT(2) 
PARAMETRIC_REPRESENTATION_CONTEXT() REPRESENTATION_CONTEXT('2D SPACE',''
  ) );
#1360 = ORIENTED_EDGE('',*,*,#1361,.F.);
#1361 = EDGE_CURVE('',#1362,#902,#1364,.T.);
#1362 = VERTEX_POINT('',#1363);
#1363 = CARTESIAN_POINT('',(-11.2390251484,-29.91730269317,0.));
#1364 = SURFACE_CURVE('',#1365,(#1388,#1414),.PCURVE_S1.);
#1365 = B_SPLINE_CURVE_WITH_KNOTS('',6,(#1366,#1367,#1368,#1369,#1370,
    #1371,#1372,#1373,#1374,#1375,#1376,#1377,#1378,#1379,#1380,#1381,
    #1382,#1383,#1384,#1385,#1386,#1387),.UNSPECIFIED.,.F.,.F.,(7,5,5,5,
    7),(0.,0.245996821169,0.492315614058,0.743965323353,1.),
  .UNSPECIFIED.);
#1366 = CARTESIAN_POINT('',(-22.49216046685,-22.49216157218,0.));
#1367 = CARTESIAN_POINT('',(-20.68215702276,-24.34268104765,0.));
#1368 = CARTESIAN_POINT('',(-18.69119004622,-26.01668746396,0.));
#1369 = CARTESIAN_POINT('',(-16.54154226503,-27.49171320067,0.));
#1370 = CARTESIAN_POINT('',(-14.25840722325,-28.75016196742,0.));
#1371 = CARTESIAN_POINT('',(-11.86905434451,-29.77810110198,0.));
#1372 = CARTESIAN_POINT('',(-6.934655638959,-31.35578904709,0.));
#1373 = CARTESIAN_POINT('',(-4.388738414219,-31.90512467199,0.));
#1374 = CARTESIAN_POINT('',(-1.795713636895,-32.20507507092,0.));
#1375 = CARTESIAN_POINT('',(0.814127774259,-32.25188389419,0.));
#1376 = CARTESIAN_POINT('',(3.410371990349,-32.04596236148,0.));
#1377 = CARTESIAN_POINT('',(8.569786100174,-31.1306294021,0.));
#1378 = CARTESIAN_POINT('',(11.131757416222,-30.41028721844,0.));
#1379 = CARTESIAN_POINT('',(13.615747328665,-29.43818482761,0.));
#1380 = CARTESIAN_POINT('',(15.991673459758,-28.22580931341,0.));
#1381 = CARTESIAN_POINT('',(18.231423971086,-26.78863129875,0.));
#1382 = CARTESIAN_POINT('',(22.42382389696,-23.47755611004,0.));
#1383 = CARTESIAN_POINT('',(24.371417454972,-21.59598986661,0.));
#1384 = CARTESIAN_POINT('',(26.125293021696,-19.52431070904,0.));
#1385 = CARTESIAN_POINT('',(27.663563266419,-17.2879456759,0.));
#1386 = CARTESIAN_POINT('',(28.968150788143,-14.915016486,0.));
#1387 = CARTESIAN_POINT('',(30.026076041511,-12.43722103934,0.));
#1388 = PCURVE('',#112,#1389);
#1389 = DEFINITIONAL_REPRESENTATION('',(#1390),#1413);
#1390 = B_SPLINE_CURVE_WITH_KNOTS('',6,(#1391,#1392,#1393,#1394,#1395,
    #1396,#1397,#1398,#1399,#1400,#1401,#1402,#1403,#1404,#1405,#1406,
    #1407,#1408,#1409,#1410,#1411,#1412),.UNSPECIFIED.,.F.,.F.,(7,5,5,5,
    7),(0.,0.245996821169,0.492315614058,0.743965323353,1.),
  .UNSPECIFIED.);
#1391 = CARTESIAN_POINT('',(0.758620302397,10.33868083545));
#1392 = CARTESIAN_POINT('',(0.727180745789,10.42107827943));
#1393 = CARTESIAN_POINT('',(0.695770980276,10.503397646346));
#1394 = CARTESIAN_POINT('',(0.66439997699,10.585615423963));
#1395 = CARTESIAN_POINT('',(0.633062479688,10.667745387957));
#1396 = CARTESIAN_POINT('',(0.601753603184,10.749800341818));
#1397 = CARTESIAN_POINT('',(0.539170402543,10.913819694009));
#1398 = CARTESIAN_POINT('',(0.507887778632,10.995805844564));
#1399 = CARTESIAN_POINT('',(0.476643401366,11.077691757724));
#1400 = CARTESIAN_POINT('',(0.445432104512,11.159490973374));
#1401 = CARTESIAN_POINT('',(0.414249083074,11.241216084407));
#1402 = CARTESIAN_POINT('',(0.351283353526,11.40623797782));
#1403 = CARTESIAN_POINT('',(0.319493449955,11.489553618212));
#1404 = CARTESIAN_POINT('',(0.287743055367,11.572765712494));
#1405 = CARTESIAN_POINT('',(0.256026584374,11.655888898737));
#1406 = CARTESIAN_POINT('',(0.224338857639,11.738936751008));
#1407 = CARTESIAN_POINT('',(0.160488770527,11.906276384644));
#1408 = CARTESIAN_POINT('',(0.128318348889,11.990589293119));
#1409 = CARTESIAN_POINT('',(9.618841834111E-02,12.074796081506));
#1410 = CARTESIAN_POINT('',(6.409308138173E-02,12.158912206403));
#1411 = CARTESIAN_POINT('',(3.202685547145E-02,12.242952036922));
#1412 = CARTESIAN_POINT('',(0.,12.326888685174));
#1413 = ( GEOMETRIC_REPRESENTATION_CONTEXT(2) 
PARAMETRIC_REPRESENTATION_CONTEXT() REPRESENTATION_CONTEXT('2D SPACE',''
  ) );
#1414 = PCURVE('',#1415,#1420);
#1415 = PLANE('',#1416);
#1416 = AXIS2_PLACEMENT_3D('',#1417,#1418,#1419);
#1417 = CARTESIAN_POINT('',(0.,0.,0.));
#1418 = DIRECTION('',(0.,0.,1.));
#1419 = DIRECTION('',(1.,0.,-0.));
#1420 = DEFINITIONAL_REPRESENTATION('',(#1421),#1444);
#1421 = B_SPLINE_CURVE_WITH_KNOTS('',6,(#1422,#1423,#1424,#1425,#1426,
    #1427,#1428,#1429,#1430,#1431,#1432,#1433,#1434,#1435,#1436,#1437,
    #1438,#1439,#1440,#1441,#1442,#1443),.UNSPECIFIED.,.F.,.F.,(7,5,5,5,
    7),(0.,0.245996821169,0.492315614058,0.743965323353,1.),
  .UNSPECIFIED.);
#1422 = CARTESIAN_POINT('',(-22.49216046685,-22.49216157218));
#1423 = CARTESIAN_POINT('',(-20.68215702276,-24.34268104765));
#1424 = CARTESIAN_POINT('',(-18.69119004622,-26.01668746396));
#1425 = CARTESIAN_POINT('',(-16.54154226503,-27.49171320067));
#1426 = CARTESIAN_POINT('',(-14.25840722325,-28.75016196742));
#1427 = CARTESIAN_POINT('',(-11.86905434451,-29.77810110198));
#1428 = CARTESIAN_POINT('',(-6.934655638959,-31.35578904709));
#1429 = CARTESIAN_POINT('',(-4.388738414219,-31.90512467199));
#1430 = CARTESIAN_POINT('',(-1.795713636895,-32.20507507092));
#1431 = CARTESIAN_POINT('',(0.814127774259,-32.25188389419));
#1432 = CARTESIAN_POINT('',(3.410371990349,-32.04596236148));
#1433 = CARTESIAN_POINT('',(8.569786100174,-31.1306294021));
#1434 = CARTESIAN_POINT('',(11.131757416222,-30.41028721844));
#1435 = CARTESIAN_POINT('',(13.615747328665,-29.43818482761));
#1436 = CARTESIAN_POINT('',(15.991673459758,-28.22580931341));
#1437 = CARTESIAN_POINT('',(18.231423971086,-26.78863129875));
#1438 = CARTESIAN_POINT('',(22.42382389696,-23.47755611004));
#1439 = CARTESIAN_POINT('',(24.371417454972,-21.59598986661));
#1440 = CARTESIAN_POINT('',(26.125293021696,-19.52431070904));
#1441 = CARTESIAN_POINT('',(27.663563266419,-17.2879456759));
#1442 = CARTESIAN_POINT('',(28.968150788143,-14.915016486));
#1443 = CARTESIAN_POINT('',(30.026076041511,-12.43722103934));
#1444 = ( GEOMETRIC_REPRESENTATION_CONTEXT(2) 
PARAMETRIC_REPRESENTATION_CONTEXT() REPRESENTATION_CONTEXT('2D SPACE',''
  ) );
#1445 = ORIENTED_EDGE('',*,*,#1446,.T.);
#1446 = EDGE_CURVE('',#1362,#1447,#1449,.T.);
#1447 = VERTEX_POINT('',#1448);
#1448 = CARTESIAN_POINT('',(31.958734122635,-7.827632289617E-15,
    0.307191913692));
#1449 = SURFACE_CURVE('',#1450,(#1474,#1501),.PCURVE_S1.);
#1450 = B_SPLINE_CURVE_WITH_KNOTS('',8,(#1451,#1452,#1453,#1454,#1455,
    #1456,#1457,#1458,#1459,#1460,#1461,#1462,#1463,#1464,#1465,#1466,
    #1467,#1468,#1469,#1470,#1471,#1472,#1473),.UNSPECIFIED.,.F.,.F.,(9,
    7,7,9),(0.,0.461194964973,0.727704307001,1.),.UNSPECIFIED.);
#1451 = CARTESIAN_POINT('',(-11.23913884092,-29.91725998208,
    -5.999999999993E-07));
#1452 = CARTESIAN_POINT('',(-7.910745344817,-31.16765111557,
    1.770780040466E-02));
#1453 = CARTESIAN_POINT('',(-4.420123354789,-31.99606597033,
    3.54315625138E-02));
#1454 = CARTESIAN_POINT('',(-0.834793807333,-32.37550620084,
    5.314237520642E-02));
#1455 = CARTESIAN_POINT('',(2.778002539197,-32.29602390861,
    7.084599537188E-02));
#1456 = CARTESIAN_POINT('',(6.35147544716,-31.75742843434,
    8.855186138655E-02));
#1457 = CARTESIAN_POINT('',(9.819683922941,-30.77115974683,
    0.106266220037));
#1458 = CARTESIAN_POINT('',(13.117784095663,-29.35855852582,
    0.123991926397));
#1459 = CARTESIAN_POINT('',(17.955203761512,-26.51777517897,
    0.151930109906));
#1460 = CARTESIAN_POINT('',(19.650623593797,-25.34708587021,
    0.162163395747));
#1461 = CARTESIAN_POINT('',(21.258305747222,-24.05279262238,
    0.172396053752));
#1462 = CARTESIAN_POINT('',(22.767790282946,-22.64267922587,
    0.182627759147));
#1463 = CARTESIAN_POINT('',(24.169548952168,-21.12545688828,
    0.192859130712));
#1464 = CARTESIAN_POINT('',(25.454939564797,-19.51070227482,
    0.20309093453));
#1465 = CARTESIAN_POINT('',(26.616257822364,-17.8088932412,
    0.213323251675));
#1466 = CARTESIAN_POINT('',(28.699892034163,-14.21560209866,
    0.234008107422));
#1467 = CARTESIAN_POINT('',(29.616696867707,-12.32041513255,
    0.244462801516));
#1468 = CARTESIAN_POINT('',(30.390139551676,-10.35821703729,
    0.254917049674));
#1469 = CARTESIAN_POINT('',(31.014633445289,-8.341707766921,
    0.265370954227));
#1470 = CARTESIAN_POINT('',(31.485952319846,-6.28398188778,
    0.275825368735));
#1471 = CARTESIAN_POINT('',(31.801167138022,-4.19849796771,
    0.286280950946));
#1472 = CARTESIAN_POINT('',(31.958734123744,-2.099087019701,
    0.296737262258));
#1473 = CARTESIAN_POINT('',(31.958734122635,-1.06581410364E-14,
    0.307191913692));
#1474 = PCURVE('',#112,#1475);
#1475 = DEFINITIONAL_REPRESENTATION('',(#1476),#1500);
#1476 = B_SPLINE_CURVE_WITH_KNOTS('',8,(#1477,#1478,#1479,#1480,#1481,
    #1482,#1483,#1484,#1485,#1486,#1487,#1488,#1489,#1490,#1491,#1492,
    #1493,#1494,#1495,#1496,#1497,#1498,#1499),.UNSPECIFIED.,.F.,.F.,(9,
    7,7,9),(0.,0.461194964973,0.727704307001,1.),.UNSPECIFIED.);
#1477 = CARTESIAN_POINT('',(0.59401434291,10.770079738538));
#1478 = CARTESIAN_POINT('',(0.594018896483,10.882733342871));
#1479 = CARTESIAN_POINT('',(0.594018942769,10.995496495229));
#1480 = CARTESIAN_POINT('',(0.594013263496,11.108192265632));
#1481 = CARTESIAN_POINT('',(0.594004679545,11.220849887909));
#1482 = CARTESIAN_POINT('',(0.593999813862,11.333512053963));
#1483 = CARTESIAN_POINT('',(0.593998752104,11.446218283008));
#1484 = CARTESIAN_POINT('',(0.593999760296,11.558991284229));
#1485 = CARTESIAN_POINT('',(0.594001987919,11.736735576803));
#1486 = CARTESIAN_POINT('',(0.594002939245,11.801839961237));
#1487 = CARTESIAN_POINT('',(0.594003711638,11.866940820161));
#1488 = CARTESIAN_POINT('',(0.594003995139,11.932036899629));
#1489 = CARTESIAN_POINT('',(0.594003670225,11.997132449727));
#1490 = CARTESIAN_POINT('',(0.594002868469,12.062231999648));
#1491 = CARTESIAN_POINT('',(0.594001907897,12.127335231723));
#1492 = CARTESIAN_POINT('',(0.594000280708,12.258942032762));
#1493 = CARTESIAN_POINT('',(0.593999633287,12.325459286873));
#1494 = CARTESIAN_POINT('',(0.593999452515,12.391972422604));
#1495 = CARTESIAN_POINT('',(0.59400015434,12.458481082111));
#1496 = CARTESIAN_POINT('',(0.594001922606,12.524990247277));
#1497 = CARTESIAN_POINT('',(0.594004565224,12.591504534964));
#1498 = CARTESIAN_POINT('',(0.594007582794,12.65802238412));
#1499 = CARTESIAN_POINT('',(0.594010449716,12.724530134714));
#1500 = ( GEOMETRIC_REPRESENTATION_CONTEXT(2) 
PARAMETRIC_REPRESENTATION_CONTEXT() REPRESENTATION_CONTEXT('2D SPACE',''
  ) );
#1501 = PCURVE('',#1502,#1507);
#1502 = CYLINDRICAL_SURFACE('',#1503,31.958734122635);
#1503 = AXIS2_PLACEMENT_3D('',#1504,#1505,#1506);
#1504 = CARTESIAN_POINT('',(0.,0.,0.));
#1505 = DIRECTION('',(0.,0.,1.));
#1506 = DIRECTION('',(1.,0.,-0.));
#1507 = DEFINITIONAL_REPRESENTATION('',(#1508),#1532);
#1508 = B_SPLINE_CURVE_WITH_KNOTS('',8,(#1509,#1510,#1511,#1512,#1513,
    #1514,#1515,#1516,#1517,#1518,#1519,#1520,#1521,#1522,#1523,#1524,
    #1525,#1526,#1527,#1528,#1529,#1530,#1531),.UNSPECIFIED.,.F.,.F.,(9,
    7,7,9),(0.,0.461194964973,0.727704307001,1.),.UNSPECIFIED.);
#1509 = CARTESIAN_POINT('',(4.353027475048,-6.E-07));
#1510 = CARTESIAN_POINT('',(4.464280761548,1.770780040466E-02));
#1511 = CARTESIAN_POINT('',(4.575642267447,3.543156251379E-02));
#1512 = CARTESIAN_POINT('',(4.68693733046,5.314237520643E-02));
#1513 = CARTESIAN_POINT('',(4.798194881695,7.084599537187E-02));
#1514 = CARTESIAN_POINT('',(4.909456983819,8.855186138656E-02));
#1515 = CARTESIAN_POINT('',(5.020762502757,0.106266220037));
#1516 = CARTESIAN_POINT('',(5.132133829111,0.123991926397));
#1517 = CARTESIAN_POINT('',(5.307668733979,0.151930109906));
#1518 = CARTESIAN_POINT('',(5.371963824792,0.162163395747));
#1519 = CARTESIAN_POINT('',(5.436255401798,0.172396053752));
#1520 = CARTESIAN_POINT('',(5.500542240659,0.182627759147));
#1521 = CARTESIAN_POINT('',(5.564828557351,0.192859130712));
#1522 = CARTESIAN_POINT('',(5.629118843341,0.20309093453));
#1523 = CARTESIAN_POINT('',(5.693412798564,0.213323251675));
#1524 = CARTESIAN_POINT('',(5.823383713284,0.234008107422));
#1525 = CARTESIAN_POINT('',(5.889074190351,0.244462801516));
#1526 = CARTESIAN_POINT('',(5.954760641868,0.254917049674));
#1527 = CARTESIAN_POINT('',(6.020442713276,0.265370954227));
#1528 = CARTESIAN_POINT('',(6.086125312072,0.275825368735));
#1529 = CARTESIAN_POINT('',(6.151812975115,0.286280950946));
#1530 = CARTESIAN_POINT('',(6.217504138093,0.296737262258));
#1531 = CARTESIAN_POINT('',(6.28318530718,0.307191913692));
#1532 = ( GEOMETRIC_REPRESENTATION_CONTEXT(2) 
PARAMETRIC_REPRESENTATION_CONTEXT() REPRESENTATION_CONTEXT('2D SPACE',''
  ) );
#1533 = ORIENTED_EDGE('',*,*,#1534,.T.);
#1534 = EDGE_CURVE('',#1447,#1535,#1537,.T.);
#1535 = VERTEX_POINT('',#1536);
#1536 = CARTESIAN_POINT('',(31.958734122635,-7.827632289617E-15,
    1.307189591036));
#1537 = SURFACE_CURVE('',#1538,(#1618,#1701),.PCURVE_S1.);
#1538 = B_SPLINE_CURVE_WITH_KNOTS('',8,(#1539,#1540,#1541,#1542,#1543,
    #1544,#1545,#1546,#1547,#1548,#1549,#1550,#1551,#1552,#1553,#1554,
    #1555,#1556,#1557,#1558,#1559,#1560,#1561,#1562,#1563,#1564,#1565,
    #1566,#1567,#1568,#1569,#1570,#1571,#1572,#1573,#1574,#1575,#1576,
    #1577,#1578,#1579,#1580,#1581,#1582,#1583,#1584,#1585,#1586,#1587,
    #1588,#1589,#1590,#1591,#1592,#1593,#1594,#1595,#1596,#1597,#1598,
    #1599,#1600,#1601,#1602,#1603,#1604,#1605,#1606,#1607,#1608,#1609,
    #1610,#1611,#1612,#1613,#1614,#1615,#1616,#1617),.UNSPECIFIED.,.F.,
  .F.,(9,7,7,7,7,7,7,7,7,7,7,9),(0.,0.109844043628,0.213294085522,
    0.244718774707,0.319221923808,0.402936197985,0.512589359539,
    0.631599056156,0.703869778307,0.792654476773,0.885046439612,1.),
  .UNSPECIFIED.);
#1539 = CARTESIAN_POINT('',(31.958734122635,-7.105427357601E-15,
    0.307191913692));
#1540 = CARTESIAN_POINT('',(31.958734122635,2.756568311682,
    0.320921197886));
#1541 = CARTESIAN_POINT('',(31.687002587617,5.514163365286,
    0.334655477636));
#1542 = CARTESIAN_POINT('',(31.143186261256,8.239930411528,
    0.348386260796));
#1543 = CARTESIAN_POINT('',(30.33212343531,10.902661533359,
    0.362113493348));
#1544 = CARTESIAN_POINT('',(29.262404436876,13.472435131132,
    0.375839055339));
#1545 = CARTESIAN_POINT('',(27.946448634743,15.920701244781,
    0.389565845883));
#1546 = CARTESIAN_POINT('',(26.400380801853,18.220302015181,
    0.403295787622));
#1547 = CARTESIAN_POINT('',(22.992636994453,22.348137535634,
    0.429948550187));
#1548 = CARTESIAN_POINT('',(21.153606159206,24.197187558915,0.4428793722
    ));
#1549 = CARTESIAN_POINT('',(19.145463337136,25.872202988737,
    0.455809917178));
#1550 = CARTESIAN_POINT('',(16.987633285665,27.355515503023,
    0.468741468561));
#1551 = CARTESIAN_POINT('',(14.701278763393,28.632055253529,
    0.481675719913));
#1552 = CARTESIAN_POINT('',(12.309300615996,29.68943479315,
    0.494611906845));
#1553 = CARTESIAN_POINT('',(9.836315777126,30.517972090967,
    0.507546601541));
#1554 = CARTESIAN_POINT('',(6.54148612571,31.29203550731,0.524400007059)
  );
#1555 = CARTESIAN_POINT('',(5.768738179329,31.450738444109,0.52832639248
    ));
#1556 = CARTESIAN_POINT('',(4.991605172031,31.587627608378,
    0.532252545637));
#1557 = CARTESIAN_POINT('',(4.210794130393,31.702564184459,
    0.536178565814));
#1558 = CARTESIAN_POINT('',(3.427024093521,31.795436920298,
    0.540104566123));
#1559 = CARTESIAN_POINT('',(2.641026113054,31.866162127442,
    0.544030673504));
#1560 = CARTESIAN_POINT('',(1.853543253156,31.914683681039,
    0.547957028721));
#1561 = CARTESIAN_POINT('',(-0.803401513075,32.003301035778,
    0.561193530342));
#1562 = CARTESIAN_POINT('',(-2.676407313093,31.94068201167,
    0.570507953954));
#1563 = CARTESIAN_POINT('',(-4.543771416321,31.752761234063,
    0.579824745658));
#1564 = CARTESIAN_POINT('',(-6.39573802891,31.440162196739,
    0.589140084254));
#1565 = CARTESIAN_POINT('',(-8.222696210135,31.004384897436,
    0.598452311414));
#1566 = CARTESIAN_POINT('',(-10.01518180941,30.447780578512,
    0.607762698972));
#1567 = CARTESIAN_POINT('',(-11.76389608657,29.77360291154,
    0.617073310956));
#1568 = CARTESIAN_POINT('',(-15.3652500985,28.101310580786,
    0.636841475753));
#1569 = CARTESIAN_POINT('',(-17.20461460402,27.07316964556,
    0.647302257022));
#1570 = CARTESIAN_POINT('',(-18.96479513635,25.907666923282,
    0.657762991497));
#1571 = CARTESIAN_POINT('',(-20.63384610287,24.61206507229,
    0.668224106164));
#1572 = CARTESIAN_POINT('',(-22.20076605861,23.194728919107,
    0.67868653797));
#1573 = CARTESIAN_POINT('',(-23.65544692785,21.665040158678,
    0.68915079719));
#1574 = CARTESIAN_POINT('',(-24.98872210285,20.033433141844,
    0.699616323886));
#1575 = CARTESIAN_POINT('',(-27.76929975609,16.056145007541,
    0.723788475983));
#1576 = CARTESIAN_POINT('',(-29.12479502842,13.644616946353,
    0.737502044653));
#1577 = CARTESIAN_POINT('',(-30.2398591114,11.103651212379,
    0.751212145544));
#1578 = CARTESIAN_POINT('',(-31.10063246049,8.461515699883,
    0.764918122202));
#1579 = CARTESIAN_POINT('',(-31.69707321037,5.747527935389,
    0.778622196476));
#1580 = CARTESIAN_POINT('',(-32.02304406739,2.992029339842,
    0.792327501966));
#1581 = CARTESIAN_POINT('',(-32.07620711106,0.226302135434,
    0.806035478427));
#1582 = CARTESIAN_POINT('',(-31.62419796375,-5.494725341127,
    0.834611875944));
#1583 = CARTESIAN_POINT('',(-31.0707864367,-8.448723964953,
    0.849492779928));
#1584 = CARTESIAN_POINT('',(-30.20195892172,-11.33703737011,
    0.864370138681));
#1585 = CARTESIAN_POINT('',(-29.02762303303,-14.12068218453,
    0.879245365825));
#1586 = CARTESIAN_POINT('',(-27.5625209868,-16.76289432096,
    0.894121141523));
#1587 = CARTESIAN_POINT('',(-25.8264611407,-19.22937229804,
    0.908999982346));
#1588 = CARTESIAN_POINT('',(-23.84403775401,-21.48821141156,
    0.923882547269));
#1589 = CARTESIAN_POINT('',(-20.31242464099,-24.7397616199,0.947788946)
  );
#1590 = CARTESIAN_POINT('',(-18.89823331846,-25.88189541926,
    0.956822433176));
#1591 = CARTESIAN_POINT('',(-17.4108676048,-26.93141973949,
    0.965855864748));
#1592 = CARTESIAN_POINT('',(-15.85747052404,-27.88289271713,
    0.97488909971));
#1593 = CARTESIAN_POINT('',(-14.24559332821,-28.7315685906,0.98392246247
    ));
#1594 = CARTESIAN_POINT('',(-12.58317654408,-29.47337289223,
    0.99295625404));
#1595 = CARTESIAN_POINT('',(-10.87856531006,-30.10493782365,
    1.00199025094));
#1596 = CARTESIAN_POINT('',(-7.005415458692,-31.26099529783,
    1.022120174236));
#1597 = CARTESIAN_POINT('',(-4.819040868478,-31.72829302811,
    1.03321983074));
#1598 = CARTESIAN_POINT('',(-2.597806232045,-32.02057451524,
    1.044319286234));
#1599 = CARTESIAN_POINT('',(-0.358138049154,-32.13499096293,
    1.055418051808));
#1600 = CARTESIAN_POINT('',(1.883510833517,-32.07051455119,
    1.066516773323));
#1601 = CARTESIAN_POINT('',(4.110684021303,-31.82781682966,
    1.077616063815));
#1602 = CARTESIAN_POINT('',(6.306938015861,-31.40937222176,
    1.088715419709));
#1603 = CARTESIAN_POINT('',(10.692075579422,-30.20624658019,
    1.111359877771));
#1604 = CARTESIAN_POINT('',(12.878013823777,-29.40710871548,
    1.122909783024));
#1605 = CARTESIAN_POINT('',(14.994954610949,-28.4273226185,
    1.134458107256));
#1606 = CARTESIAN_POINT('',(17.025515857735,-27.27407294812,
    1.146004893703));
#1607 = CARTESIAN_POINT('',(18.953402731142,-25.95631381821,
    1.15755155546));
#1608 = CARTESIAN_POINT('',(20.763417821015,-24.48474153772,
    1.169099942351));
#1609 = CARTESIAN_POINT('',(22.44147608185,-22.87179205447,
    1.180650698291));
#1610 = CARTESIAN_POINT('',(25.882793759909,-18.96752424133,
    1.206570227342));
#1611 = CARTESIAN_POINT('',(27.568378136897,-16.60493703425,1.2209502748
    ));
#1612 = CARTESIAN_POINT('',(29.006075202613,-14.07248235882,
    1.235329702492));
#1613 = CARTESIAN_POINT('',(30.176568480865,-11.40096391126,
    1.249707464459));
#1614 = CARTESIAN_POINT('',(31.064964479078,-8.62289697639,
    1.264083276158));
#1615 = CARTESIAN_POINT('',(31.660978814592,-5.772498423497,
    1.278453039194));
#1616 = CARTESIAN_POINT('',(31.958734122635,-2.885548570252,
    1.292819519932));
#1617 = CARTESIAN_POINT('',(31.958734122635,2.13162820728E-14,
    1.307189591036));
#1618 = PCURVE('',#112,#1619);
#1619 = DEFINITIONAL_REPRESENTATION('',(#1620),#1700);
#1620 = B_SPLINE_CURVE_WITH_KNOTS('',8,(#1621,#1622,#1623,#1624,#1625,
    #1626,#1627,#1628,#1629,#1630,#1631,#1632,#1633,#1634,#1635,#1636,
    #1637,#1638,#1639,#1640,#1641,#1642,#1643,#1644,#1645,#1646,#1647,
    #1648,#1649,#1650,#1651,#1652,#1653,#1654,#1655,#1656,#1657,#1658,
    #1659,#1660,#1661,#1662,#1663,#1664,#1665,#1666,#1667,#1668,#1669,
    #1670,#1671,#1672,#1673,#1674,#1675,#1676,#1677,#1678,#1679,#1680,
    #1681,#1682,#1683,#1684,#1685,#1686,#1687,#1688,#1689,#1690,#1691,
    #1692,#1693,#1694,#1695,#1696,#1697,#1698,#1699),.UNSPECIFIED.,.F.,
  .F.,(9,7,7,7,7,7,7,7,7,7,7,9),(0.,0.109844043628,0.213294085522,
    0.244718774707,0.319221923808,0.402936197985,0.512589359539,
    0.631599056156,0.703869778307,0.792654476773,0.885046439612,1.),
  .UNSPECIFIED.);
#1621 = CARTESIAN_POINT('',(0.59401045994,12.724530133645));
#1622 = CARTESIAN_POINT('',(0.594014226444,12.811869608427));
#1623 = CARTESIAN_POINT('',(0.594017701759,12.899241629407));
#1624 = CARTESIAN_POINT('',(0.594019573038,12.986595608047));
#1625 = CARTESIAN_POINT('',(0.594018330411,13.073935157766));
#1626 = CARTESIAN_POINT('',(0.594012849031,13.16127518795));
#1627 = CARTESIAN_POINT('',(0.59400458249,13.24863033392));
#1628 = CARTESIAN_POINT('',(0.593996791606,13.336004282016));
#1629 = CARTESIAN_POINT('',(0.593987273301,13.505601169715));
#1630 = CARTESIAN_POINT('',(0.593985214137,13.587875884433));
#1631 = CARTESIAN_POINT('',(0.593987779379,13.670136716833));
#1632 = CARTESIAN_POINT('',(0.593996282264,13.752388390761));
#1633 = CARTESIAN_POINT('',(0.594010166699,13.834643138521));
#1634 = CARTESIAN_POINT('',(0.594023495482,13.916911657222));
#1635 = CARTESIAN_POINT('',(0.59402816785,13.999193368834));
#1636 = CARTESIAN_POINT('',(0.594024219573,14.10642955084));
#1637 = CARTESIAN_POINT('',(0.594022615065,14.131414461024));
#1638 = CARTESIAN_POINT('',(0.59402029586,14.156399766577));
#1639 = CARTESIAN_POINT('',(0.594017362513,14.181385835633));
#1640 = CARTESIAN_POINT('',(0.594014046238,14.206372781868));
#1641 = CARTESIAN_POINT('',(0.594010708908,14.231360464499));
#1642 = CARTESIAN_POINT('',(0.594007843054,14.256348488286));
#1643 = CARTESIAN_POINT('',(0.594001872651,14.340578268363));
#1644 = CARTESIAN_POINT('',(0.594007720264,14.399823775388));
#1645 = CARTESIAN_POINT('',(0.594020103186,14.459067220967));
#1646 = CARTESIAN_POINT('',(0.594029476253,14.518309309776));
#1647 = CARTESIAN_POINT('',(0.594030631109,14.577553141266));
#1648 = CARTESIAN_POINT('',(0.594025879659,14.63680074808));
#1649 = CARTESIAN_POINT('',(0.59402105051,14.696049986399));
#1650 = CARTESIAN_POINT('',(0.594006711501,14.821857871969));
#1651 = CARTESIAN_POINT('',(0.593997826949,14.888435420706));
#1652 = CARTESIAN_POINT('',(0.593990248779,14.955009247933));
#1653 = CARTESIAN_POINT('',(0.593985901472,15.021577026528));
#1654 = CARTESIAN_POINT('',(0.593985399083,15.088143108275));
#1655 = CARTESIAN_POINT('',(0.593988025327,15.154712616919));
#1656 = CARTESIAN_POINT('',(0.593992324625,15.221285804809));
#1657 = CARTESIAN_POINT('',(0.594003826453,15.375045301025));
#1658 = CARTESIAN_POINT('',(0.594011462055,15.462274649259));
#1659 = CARTESIAN_POINT('',(0.594017662712,15.549485695294));
#1660 = CARTESIAN_POINT('',(0.594020025534,15.636680560151));
#1661 = CARTESIAN_POINT('',(0.59401849738,15.723873519077));
#1662 = CARTESIAN_POINT('',(0.594014851969,15.811079860287));
#1663 = CARTESIAN_POINT('',(0.594010673225,15.898304592685));
#1664 = CARTESIAN_POINT('',(0.594003041855,16.080135210648));
#1665 = CARTESIAN_POINT('',(0.593999677923,16.174820283453));
#1666 = CARTESIAN_POINT('',(0.593998240547,16.269477751405));
#1667 = CARTESIAN_POINT('',(0.593999299929,16.364115113933));
#1668 = CARTESIAN_POINT('',(0.594001543267,16.458752863575));
#1669 = CARTESIAN_POINT('',(0.59400320774,16.553411631455));
#1670 = CARTESIAN_POINT('',(0.594003751295,16.648097030773));
#1671 = CARTESIAN_POINT('',(0.594003177087,16.800197382739));
#1672 = CARTESIAN_POINT('',(0.594002630288,16.857672256275));
#1673 = CARTESIAN_POINT('',(0.594001796767,16.915147527494));
#1674 = CARTESIAN_POINT('',(0.594000854072,16.972621833955));
#1675 = CARTESIAN_POINT('',(0.59400005505,17.030096576959));
#1676 = CARTESIAN_POINT('',(0.593999658397,17.087572993624));
#1677 = CARTESIAN_POINT('',(0.593999848897,17.145049177837));
#1678 = CARTESIAN_POINT('',(0.594001628236,17.273116423594));
#1679 = CARTESIAN_POINT('',(0.594003523925,17.343730412877));
#1680 = CARTESIAN_POINT('',(0.594006418527,17.414340505315));
#1681 = CARTESIAN_POINT('',(0.594010020714,17.484944353842));
#1682 = CARTESIAN_POINT('',(0.594013647197,17.555547858378));
#1683 = CARTESIAN_POINT('',(0.594016388303,17.626157303315));
#1684 = CARTESIAN_POINT('',(0.594017455621,17.696771551053));
#1685 = CARTESIAN_POINT('',(0.594015937633,17.840845575379));
#1686 = CARTESIAN_POINT('',(0.594013192152,17.914336330257));
#1687 = CARTESIAN_POINT('',(0.594008265089,17.987822743792));
#1688 = CARTESIAN_POINT('',(0.594001572005,18.061304001965));
#1689 = CARTESIAN_POINT('',(0.593994405419,18.134785707781));
#1690 = CARTESIAN_POINT('',(0.593989001879,18.208273768738));
#1691 = CARTESIAN_POINT('',(0.593986986109,18.281768023464));
#1692 = CARTESIAN_POINT('',(0.593990525624,18.446665662943));
#1693 = CARTESIAN_POINT('',(0.593998033452,18.538135660802));
#1694 = CARTESIAN_POINT('',(0.594011655363,18.629585691633));
#1695 = CARTESIAN_POINT('',(0.594027824349,18.72101844925));
#1696 = CARTESIAN_POINT('',(0.594039521459,18.812450518729));
#1697 = CARTESIAN_POINT('',(0.594030206067,18.903899175019));
#1698 = CARTESIAN_POINT('',(0.59400477488,18.995369185061));
#1699 = CARTESIAN_POINT('',(0.594004772087,19.086795394701));
#1700 = ( GEOMETRIC_REPRESENTATION_CONTEXT(2) 
PARAMETRIC_REPRESENTATION_CONTEXT() REPRESENTATION_CONTEXT('2D SPACE',''
  ) );
#1701 = PCURVE('',#1702,#1707);
#1702 = CYLINDRICAL_SURFACE('',#1703,31.958734122635);
#1703 = AXIS2_PLACEMENT_3D('',#1704,#1705,#1706);
#1704 = CARTESIAN_POINT('',(0.,0.,0.));
#1705 = DIRECTION('',(0.,0.,1.));
#1706 = DIRECTION('',(1.,0.,-0.));
#1707 = DEFINITIONAL_REPRESENTATION('',(#1708),#1788);
#1708 = B_SPLINE_CURVE_WITH_KNOTS('',8,(#1709,#1710,#1711,#1712,#1713,
    #1714,#1715,#1716,#1717,#1718,#1719,#1720,#1721,#1722,#1723,#1724,
    #1725,#1726,#1727,#1728,#1729,#1730,#1731,#1732,#1733,#1734,#1735,
    #1736,#1737,#1738,#1739,#1740,#1741,#1742,#1743,#1744,#1745,#1746,
    #1747,#1748,#1749,#1750,#1751,#1752,#1753,#1754,#1755,#1756,#1757,
    #1758,#1759,#1760,#1761,#1762,#1763,#1764,#1765,#1766,#1767,#1768,
    #1769,#1770,#1771,#1772,#1773,#1774,#1775,#1776,#1777,#1778,#1779,
    #1780,#1781,#1782,#1783,#1784,#1785,#1786,#1787),.UNSPECIFIED.,.F.,
  .F.,(9,7,7,7,7,7,7,7,7,7,7,9),(0.,0.109844043628,0.213294085522,
    0.244718774707,0.319221923808,0.402936197985,0.512589359539,
    0.631599056156,0.703869778307,0.792654476773,0.885046439612,1.),
  .UNSPECIFIED.);
#1709 = CARTESIAN_POINT('',(0.,0.307191913692));
#1710 = CARTESIAN_POINT('',(8.625398931961E-02,0.320921197886));
#1711 = CARTESIAN_POINT('',(0.17254007926,0.334655477636));
#1712 = CARTESIAN_POINT('',(0.258808284919,0.348386260796));
#1713 = CARTESIAN_POINT('',(0.345062169954,0.362113493348));
#1714 = CARTESIAN_POINT('',(0.431316491746,0.375839055339));
#1715 = CARTESIAN_POINT('',(0.517585769117,0.389565845883));
#1716 = CARTESIAN_POINT('',(0.603873662951,0.403295787622));
#1717 = CARTESIAN_POINT('',(0.771362536581,0.429948550187));
#1718 = CARTESIAN_POINT('',(0.85261464391,0.4428793722));
#1719 = CARTESIAN_POINT('',(0.933853061814,0.455809917178));
#1720 = CARTESIAN_POINT('',(1.015082414415,0.468741468561));
#1721 = CARTESIAN_POINT('',(1.096314728354,0.481675719913));
#1722 = CARTESIAN_POINT('',(1.177560518201,0.494611906845));
#1723 = CARTESIAN_POINT('',(1.258819389251,0.507546601541));
#1724 = CARTESIAN_POINT('',(1.364722673906,0.524400007059));
#1725 = CARTESIAN_POINT('',(1.389397042148,0.52832639248));
#1726 = CARTESIAN_POINT('',(1.414071814765,0.532252545637));
#1727 = CARTESIAN_POINT('',(1.438747356376,0.536178565814));
#1728 = CARTESIAN_POINT('',(1.463423776663,0.540104566123));
#1729 = CARTESIAN_POINT('',(1.488100930372,0.544030673504));
#1730 = CARTESIAN_POINT('',(1.512778417309,0.547957028721));
#1731 = CARTESIAN_POINT('',(1.595961379976,0.561193530342));
#1732 = CARTESIAN_POINT('',(1.654470444233,0.570507953954));
#1733 = CARTESIAN_POINT('',(1.712977758627,0.579824745658));
#1734 = CARTESIAN_POINT('',(1.771483700206,0.589140084254));
#1735 = CARTESIAN_POINT('',(1.829991090359,0.598452311414));
#1736 = CARTESIAN_POINT('',(1.888502079527,0.607762698972));
#1737 = CARTESIAN_POINT('',(1.947014865814,0.617073310956));
#1738 = CARTESIAN_POINT('',(2.071258885729,0.636841475753));
#1739 = CARTESIAN_POINT('',(2.137008855055,0.647302257022));
#1740 = CARTESIAN_POINT('',(2.202755195943,0.657762991497));
#1741 = CARTESIAN_POINT('',(2.268495598095,0.668224106164));
#1742 = CARTESIAN_POINT('',(2.33423433248,0.67868653797));
#1743 = CARTESIAN_POINT('',(2.399976435677,0.68915079719));
#1744 = CARTESIAN_POINT('',(2.465722146544,0.699616323886));
#1745 = CARTESIAN_POINT('',(2.617570427411,0.723788475983));
#1746 = CARTESIAN_POINT('',(2.703715486475,0.737502044653));
#1747 = CARTESIAN_POINT('',(2.789842440368,0.751212145544));
#1748 = CARTESIAN_POINT('',(2.875953422591,0.764918122202));
#1749 = CARTESIAN_POINT('',(2.962062589844,0.778622196476));
#1750 = CARTESIAN_POINT('',(3.048185050296,0.792327501966));
#1751 = CARTESIAN_POINT('',(3.134325727931,0.806035478427));
#1752 = CARTESIAN_POINT('',(3.313896543585,0.834611875944));
#1753 = CARTESIAN_POINT('',(3.407404888325,0.849492779928));
#1754 = CARTESIAN_POINT('',(3.500885951608,0.864370138681));
#1755 = CARTESIAN_POINT('',(3.594347080241,0.879245365825));
#1756 = CARTESIAN_POINT('',(3.687808470436,0.894121141523));
#1757 = CARTESIAN_POINT('',(3.78129052853,0.908999982346));
#1758 = CARTESIAN_POINT('',(3.874798854355,0.923882547269));
#1759 = CARTESIAN_POINT('',(4.025008410213,0.947788946));
#1760 = CARTESIAN_POINT('',(4.081768805853,0.956822433176));
#1761 = CARTESIAN_POINT('',(4.138529611212,0.965855864748));
#1762 = CARTESIAN_POINT('',(4.195289491003,0.97488909971));
#1763 = CARTESIAN_POINT('',(4.252049835094,0.98392246247));
#1764 = CARTESIAN_POINT('',(4.308811865375,0.99295625404));
#1765 = CARTESIAN_POINT('',(4.365573694088,1.00199025094));
#1766 = CARTESIAN_POINT('',(4.492049271102,1.022120174236));
#1767 = CARTESIAN_POINT('',(4.561785671861,1.03321983074));
#1768 = CARTESIAN_POINT('',(4.631518238956,1.044319286234));
#1769 = CARTESIAN_POINT('',(4.701244629527,1.055418051808));
#1770 = CARTESIAN_POINT('',(4.770970648014,1.066516773323));
#1771 = CARTESIAN_POINT('',(4.840702489443,1.077616063815));
#1772 = CARTESIAN_POINT('',(4.910439032744,1.088715419709));
#1773 = CARTESIAN_POINT('',(5.052722222917,1.111359877771));
#1774 = CARTESIAN_POINT('',(5.125299460459,1.122909783024));
#1775 = CARTESIAN_POINT('',(5.197872394455,1.134458107256));
#1776 = CARTESIAN_POINT('',(5.270440244753,1.146004893703));
#1777 = CARTESIAN_POINT('',(5.343008572,1.15755155546));
#1778 = CARTESIAN_POINT('',(5.415583217238,1.169099942351));
#1779 = CARTESIAN_POINT('',(5.488163999138,1.180650698291));
#1780 = CARTESIAN_POINT('',(5.651012087217,1.206570227342));
#1781 = CARTESIAN_POINT('',(5.741345176077,1.2209502748));
#1782 = CARTESIAN_POINT('',(5.83165849182,1.235329702492));
#1783 = CARTESIAN_POINT('',(5.921954638912,1.249707464459));
#1784 = CARTESIAN_POINT('',(6.012250005846,1.264083276158));
#1785 = CARTESIAN_POINT('',(6.102561849199,1.278453039195));
#1786 = CARTESIAN_POINT('',(6.19289548033,1.292819519932));
#1787 = CARTESIAN_POINT('',(6.28318530718,1.307189591036));
#1788 = ( GEOMETRIC_REPRESENTATION_CONTEXT(2) 
PARAMETRIC_REPRESENTATION_CONTEXT() REPRESENTATION_CONTEXT('2D SPACE',''
  ) );
#1789 = ORIENTED_EDGE('',*,*,#1790,.T.);
#1790 = EDGE_CURVE('',#1535,#1791,#1793,.T.);
#1791 = VERTEX_POINT('',#1792);
#1792 = CARTESIAN_POINT('',(31.958734122635,-7.827632289617E-15,
    2.307191954496));
#1793 = SURFACE_CURVE('',#1794,(#1867,#1943),.PCURVE_S1.);
#1794 = B_SPLINE_CURVE_WITH_KNOTS('',8,(#1795,#1796,#1797,#1798,#1799,
    #1800,#1801,#1802,#1803,#1804,#1805,#1806,#1807,#1808,#1809,#1810,
    #1811,#1812,#1813,#1814,#1815,#1816,#1817,#1818,#1819,#1820,#1821,
    #1822,#1823,#1824,#1825,#1826,#1827,#1828,#1829,#1830,#1831,#1832,
    #1833,#1834,#1835,#1836,#1837,#1838,#1839,#1840,#1841,#1842,#1843,
    #1844,#1845,#1846,#1847,#1848,#1849,#1850,#1851,#1852,#1853,#1854,
    #1855,#1856,#1857,#1858,#1859,#1860,#1861,#1862,#1863,#1864,#1865,
    #1866),.UNSPECIFIED.,.F.,.F.,(9,7,7,7,7,7,7,7,7,7,9),(0.,
    0.102011596563,0.208543700641,0.335265117375,0.445378119369,
    0.554368983434,0.667747205605,0.725063900723,0.790429593677,
    0.889058927609,1.),.UNSPECIFIED.);
#1795 = CARTESIAN_POINT('',(31.958734122635,2.13162820728E-14,
    1.307189591036));
#1796 = CARTESIAN_POINT('',(31.958734122635,2.560246365281,
    1.319939652736));
#1797 = CARTESIAN_POINT('',(31.724329614793,5.121423619327,
    1.332702522679));
#1798 = CARTESIAN_POINT('',(31.255222708554,7.657247788855,
    1.345460226049));
#1799 = CARTESIAN_POINT('',(30.554960691577,10.142607092212,
    1.358209982369));
#1800 = CARTESIAN_POINT('',(29.629973263106,12.553346428052,
    1.370956723545));
#1801 = CARTESIAN_POINT('',(28.489565419295,14.866295079445,
    1.383704535446));
#1802 = CARTESIAN_POINT('',(27.145856680741,17.059288587267,
    1.396455446301));
#1803 = CARTESIAN_POINT('',(24.015612224428,21.254673890095,
    1.422518489028));
#1804 = CARTESIAN_POINT('',(22.211167160002,23.245552432866,
    1.435838149084));
#1805 = CARTESIAN_POINT('',(20.218938020598,25.060109473148,
    1.449157729449));
#1806 = CARTESIAN_POINT('',(18.059324536494,26.67808859538,
    1.462477254053));
#1807 = CARTESIAN_POINT('',(15.754769260729,28.082088901851,
    1.475797148046));
#1808 = CARTESIAN_POINT('',(13.329770822635,29.257662447182,
    1.48911840081));
#1809 = CARTESIAN_POINT('',(10.810827781683,30.193315696848,
    1.502440861466));
#1810 = CARTESIAN_POINT('',(5.153645668256,31.700424832651,
    1.531596952982));
#1811 = CARTESIAN_POINT('',(1.985491303491,32.170060001187,
    1.547443549281));
#1812 = CARTESIAN_POINT('',(-1.228368498053,32.276809106555,
    1.563282735937));
#1813 = CARTESIAN_POINT('',(-4.439648967775,32.016929925993,
    1.57911823422));
#1814 = CARTESIAN_POINT('',(-7.60071948005,31.39326731614,1.594956006186
    ));
#1815 = CARTESIAN_POINT('',(-10.66483214641,30.41585893478,
    1.610800162354));
#1816 = CARTESIAN_POINT('',(-13.58606907285,29.101419074218,
    1.626651230163));
#1817 = CARTESIAN_POINT('',(-18.69612036491,26.066295303442,
    1.656250698114));
#1818 = CARTESIAN_POINT('',(-20.93342488051,24.419844146301,
    1.670017883391));
#1819 = CARTESIAN_POINT('',(-23.00352982042,22.554682129429,
    1.683781962638));
#1820 = CARTESIAN_POINT('',(-24.88191250212,20.491058889868,
    1.697543286189));
#1821 = CARTESIAN_POINT('',(-26.54707852137,18.251825978134,
    1.711304163452));
#1822 = CARTESIAN_POINT('',(-27.98070443769,15.862455242185,
    1.725067366111));
#1823 = CARTESIAN_POINT('',(-29.16759131403,13.350946996835,
    1.738833691916));
#1824 = CARTESIAN_POINT('',(-31.01684034337,8.172940336088,
    1.766215753509));
#1825 = CARTESIAN_POINT('',(-31.6852104095,5.506081753919,1.779843222693
    ));
#1826 = CARTESIAN_POINT('',(-32.09083804802,2.778302346006,1.79346904159
    ));
#1827 = CARTESIAN_POINT('',(-32.2278496139,1.996799280943E-02,
    1.807093333343));
#1828 = CARTESIAN_POINT('',(-32.09425323678,-2.738526377853,
    1.82071765191));
#1829 = CARTESIAN_POINT('',(-31.69201623574,-5.466801349702,
    1.83434323678));
#1830 = CARTESIAN_POINT('',(-31.02694898122,-8.134545704701,
    1.847970168555));
#1831 = CARTESIAN_POINT('',(-29.15648369702,-13.39239791057,
    1.875759367531));
#1832 = CARTESIAN_POINT('',(-27.92958892319,-15.97737323462,
    1.889933331719));
#1833 = CARTESIAN_POINT('',(-26.44123037849,-18.43214065331,
    1.904102930717));
#1834 = CARTESIAN_POINT('',(-24.70814492524,-20.72619933621,
    1.918269610066));
#1835 = CARTESIAN_POINT('',(-22.75053621049,-22.83188146982,
    1.932437590236));
#1836 = CARTESIAN_POINT('',(-20.59214311081,-24.72450616288,
    1.946611478372));
#1837 = CARTESIAN_POINT('',(-18.26006248683,-26.38232432692,
    1.960791295557));
#1838 = CARTESIAN_POINT('',(-14.53531282096,-28.49832432297,
    1.982131385458));
#1839 = CARTESIAN_POINT('',(-13.24802452248,-29.14452273167,
    1.989297364218));
#1840 = CARTESIAN_POINT('',(-11.92806442707,-29.72418283734,
    1.996463181841));
#1841 = CARTESIAN_POINT('',(-10.57944925592,-30.23538910923,
    2.003628463612));
#1842 = CARTESIAN_POINT('',(-9.206308884842,-30.67652734975,
    2.010792930128));
#1843 = CARTESIAN_POINT('',(-7.812886344257,-31.04628469454,
    2.017956397293));
#1844 = CARTESIAN_POINT('',(-6.403537819209,-31.34364961241,
    2.025118776323));
#1845 = CARTESIAN_POINT('',(-3.362403454002,-31.82366740827,
    2.040447033946));
#1846 = CARTESIAN_POINT('',(-1.726984418614,-31.98437482331,
    2.048613455469));
#1847 = CARTESIAN_POINT('',(-8.311067217641E-02,-32.04900264448,
    2.056781011064));
#1848 = CARTESIAN_POINT('',(1.562614614589,-32.0170597529,2.064950550901
    ));
#1849 = CARTESIAN_POINT('',(3.203620229227,-31.88859541682,
    2.073122102574));
#1850 = CARTESIAN_POINT('',(4.833366917542,-31.66419929166,
    2.081294871095));
#1851 = CARTESIAN_POINT('',(6.445347383603,-31.34500141999,
    2.089467238897));
#1852 = CARTESIAN_POINT('',(10.428802202674,-30.31051477579,
    2.109963645022));
#1853 = CARTESIAN_POINT('',(12.770048850896,-29.47614807227,
    2.122290727914));
#1854 = CARTESIAN_POINT('',(15.033994360873,-28.43530350276,
    2.134613640672));
#1855 = CARTESIAN_POINT('',(17.199524208397,-27.19662860013,
    2.14693537437));
#1856 = CARTESIAN_POINT('',(19.246887968577,-25.77102597856,
    2.159259256752));
#1857 = CARTESIAN_POINT('',(21.157735541023,-24.17165202163,
    2.171586835229));
#1858 = CARTESIAN_POINT('',(22.915147424947,-22.41390910791,
    2.183917651889));
#1859 = CARTESIAN_POINT('',(26.291429808087,-18.38132308371,
    2.210113105992));
#1860 = CARTESIAN_POINT('',(27.866921987934,-16.06776787165,
    2.223987147086));
#1861 = CARTESIAN_POINT('',(29.208516453406,-13.60116322567,
    2.237858490628));
#1862 = CARTESIAN_POINT('',(30.299445477127,-11.0094011295,
    2.251726365201));
#1863 = CARTESIAN_POINT('',(31.126773247379,-8.321854178395,
    2.26559244839));
#1864 = CARTESIAN_POINT('',(31.681552095955,-5.569347509619,
    2.279459568424));
#1865 = CARTESIAN_POINT('',(31.958734122635,-2.784077251853,
    2.293328794151));
#1866 = CARTESIAN_POINT('',(31.958734122635,2.13162820728E-14,
    2.307191954496));
#1867 = PCURVE('',#112,#1868);
#1868 = DEFINITIONAL_REPRESENTATION('',(#1869),#1942);
#1869 = B_SPLINE_CURVE_WITH_KNOTS('',8,(#1870,#1871,#1872,#1873,#1874,
    #1875,#1876,#1877,#1878,#1879,#1880,#1881,#1882,#1883,#1884,#1885,
    #1886,#1887,#1888,#1889,#1890,#1891,#1892,#1893,#1894,#1895,#1896,
    #1897,#1898,#1899,#1900,#1901,#1902,#1903,#1904,#1905,#1906,#1907,
    #1908,#1909,#1910,#1911,#1912,#1913,#1914,#1915,#1916,#1917,#1918,
    #1919,#1920,#1921,#1922,#1923,#1924,#1925,#1926,#1927,#1928,#1929,
    #1930,#1931,#1932,#1933,#1934,#1935,#1936,#1937,#1938,#1939,#1940,
    #1941),.UNSPECIFIED.,.F.,.F.,(9,7,7,7,7,7,7,7,7,7,9),(0.,
    0.102011596563,0.208543700641,0.335265117375,0.445378119369,
    0.554368983434,0.667747205605,0.725063900723,0.790429593677,
    0.889058927609,1.),.UNSPECIFIED.);
#1870 = CARTESIAN_POINT('',(0.594004772087,19.086795394701));
#1871 = CARTESIAN_POINT('',(0.59400476961,19.16791467418));
#1872 = CARTESIAN_POINT('',(0.594024778007,19.249062998173));
#1873 = CARTESIAN_POINT('',(0.59403584974,19.330201872452));
#1874 = CARTESIAN_POINT('',(0.594031475219,19.411330667359));
#1875 = CARTESIAN_POINT('',(0.594020025906,19.492458820882));
#1876 = CARTESIAN_POINT('',(0.594007499668,19.573596609068));
#1877 = CARTESIAN_POINT('',(0.593997882552,19.654746489336));
#1878 = CARTESIAN_POINT('',(0.593986485431,19.820596347107));
#1879 = CARTESIAN_POINT('',(0.593985076825,19.905343247553));
#1880 = CARTESIAN_POINT('',(0.593989462228,19.990074455924));
#1881 = CARTESIAN_POINT('',(0.593997988535,20.074794456954));
#1882 = CARTESIAN_POINT('',(0.594006531552,20.15951676435));
#1883 = CARTESIAN_POINT('',(0.594012803673,20.244253668208));
#1884 = CARTESIAN_POINT('',(0.594016091612,20.329006078013));
#1885 = CARTESIAN_POINT('',(0.594017603108,20.514500901078));
#1886 = CARTESIAN_POINT('',(0.594014748502,20.615328629575));
#1887 = CARTESIAN_POINT('',(0.594008839311,20.716117221476));
#1888 = CARTESIAN_POINT('',(0.594002633123,20.816883125349));
#1889 = CARTESIAN_POINT('',(0.593999433396,20.917655615603));
#1890 = CARTESIAN_POINT('',(0.593998962287,21.018461572621));
#1891 = CARTESIAN_POINT('',(0.593999959413,21.119307655353));
#1892 = CARTESIAN_POINT('',(0.594002344276,21.307621067911));
#1893 = CARTESIAN_POINT('',(0.594003665852,21.395208087145));
#1894 = CARTESIAN_POINT('',(0.594004431297,21.482776802515));
#1895 = CARTESIAN_POINT('',(0.594003936399,21.570331288543));
#1896 = CARTESIAN_POINT('',(0.594002225664,21.657886121667));
#1897 = CARTESIAN_POINT('',(0.594000470417,21.745455866228));
#1898 = CARTESIAN_POINT('',(0.593999648142,21.833043035923));
#1899 = CARTESIAN_POINT('',(0.594000607475,22.007252457383));
#1900 = CARTESIAN_POINT('',(0.594002362826,22.093949428944));
#1901 = CARTESIAN_POINT('',(0.594005755894,22.18063160878));
#1902 = CARTESIAN_POINT('',(0.59401055626,22.267300384246));
#1903 = CARTESIAN_POINT('',(0.594015474688,22.353969020886));
#1904 = CARTESIAN_POINT('',(0.594018306121,22.440651183724));
#1905 = CARTESIAN_POINT('',(0.5940180291,22.527350062627));
#1906 = CARTESIAN_POINT('',(0.594011874751,22.704168443754));
#1907 = CARTESIAN_POINT('',(0.594005770471,22.794362960106));
#1908 = CARTESIAN_POINT('',(0.593997107506,22.884536409816));
#1909 = CARTESIAN_POINT('',(0.593987964371,22.974692542386));
#1910 = CARTESIAN_POINT('',(0.593982331963,23.064847750141));
#1911 = CARTESIAN_POINT('',(0.593984945855,23.155018933867));
#1912 = CARTESIAN_POINT('',(0.593993953778,23.24521108216));
#1913 = CARTESIAN_POINT('',(0.594009813889,23.380940825535));
#1914 = CARTESIAN_POINT('',(0.594015870017,23.426516810308));
#1915 = CARTESIAN_POINT('',(0.594021400588,23.472093147271));
#1916 = CARTESIAN_POINT('',(0.594025471553,23.517669900372));
#1917 = CARTESIAN_POINT('',(0.594027470921,23.563246895886));
#1918 = CARTESIAN_POINT('',(0.594027108761,23.608823722411));
#1919 = CARTESIAN_POINT('',(0.594024417199,23.654399730869));
#1920 = CARTESIAN_POINT('',(0.594014428289,23.751948349015));
#1921 = CARTESIAN_POINT('',(0.594007427358,23.803923636111));
#1922 = CARTESIAN_POINT('',(0.594003036641,23.855899297562));
#1923 = CARTESIAN_POINT('',(0.59400347909,23.907874916431));
#1924 = CARTESIAN_POINT('',(0.594008911596,23.959850257085));
#1925 = CARTESIAN_POINT('',(0.594017424993,24.011825265189));
#1926 = CARTESIAN_POINT('',(0.594025044052,24.063800067707));
#1927 = CARTESIAN_POINT('',(0.594026758713,24.194199143898));
#1928 = CARTESIAN_POINT('',(0.594020756929,24.272643043158));
#1929 = CARTESIAN_POINT('',(0.594008166604,24.351077678304));
#1930 = CARTESIAN_POINT('',(0.593995670671,24.429504564571));
#1931 = CARTESIAN_POINT('',(0.593987944818,24.507932619811));
#1932 = CARTESIAN_POINT('',(0.593985518172,24.586370302315));
#1933 = CARTESIAN_POINT('',(0.593987290362,24.664817582607));
#1934 = CARTESIAN_POINT('',(0.593996245647,24.831456536649));
#1935 = CARTESIAN_POINT('',(0.594004081409,24.919706328412));
#1936 = CARTESIAN_POINT('',(0.59401256831,25.007937251109));
#1937 = CARTESIAN_POINT('',(0.594018279895,25.09615337692));
#1938 = CARTESIAN_POINT('',(0.594019628503,25.184369540037));
#1939 = CARTESIAN_POINT('',(0.594017771738,25.272600700554));
#1940 = CARTESIAN_POINT('',(0.594014264336,25.360849584074));
#1941 = CARTESIAN_POINT('',(0.594010460181,25.449060655759));
#1942 = ( GEOMETRIC_REPRESENTATION_CONTEXT(2) 
PARAMETRIC_REPRESENTATION_CONTEXT() REPRESENTATION_CONTEXT('2D SPACE',''
  ) );
#1943 = PCURVE('',#1944,#1949);
#1944 = CYLINDRICAL_SURFACE('',#1945,31.958734122635);
#1945 = AXIS2_PLACEMENT_3D('',#1946,#1947,#1948);
#1946 = CARTESIAN_POINT('',(0.,0.,0.));
#1947 = DIRECTION('',(0.,0.,1.));
#1948 = DIRECTION('',(1.,0.,-0.));
#1949 = DEFINITIONAL_REPRESENTATION('',(#1950),#2023);
#1950 = B_SPLINE_CURVE_WITH_KNOTS('',8,(#1951,#1952,#1953,#1954,#1955,
    #1956,#1957,#1958,#1959,#1960,#1961,#1962,#1963,#1964,#1965,#1966,
    #1967,#1968,#1969,#1970,#1971,#1972,#1973,#1974,#1975,#1976,#1977,
    #1978,#1979,#1980,#1981,#1982,#1983,#1984,#1985,#1986,#1987,#1988,
    #1989,#1990,#1991,#1992,#1993,#1994,#1995,#1996,#1997,#1998,#1999,
    #2000,#2001,#2002,#2003,#2004,#2005,#2006,#2007,#2008,#2009,#2010,
    #2011,#2012,#2013,#2014,#2015,#2016,#2017,#2018,#2019,#2020,#2021,
    #2022),.UNSPECIFIED.,.F.,.F.,(9,7,7,7,7,7,7,7,7,7,9),(0.,
    0.102011596563,0.208543700641,0.335265117375,0.445378119369,
    0.554368983434,0.667747205605,0.725063900723,0.790429593677,
    0.889058927609,1.),.UNSPECIFIED.);
#1951 = CARTESIAN_POINT('',(0.,1.307189591036));
#1952 = CARTESIAN_POINT('',(8.011100675818E-02,1.319939652736));
#1953 = CARTESIAN_POINT('',(0.160251128642,1.332702522679));
#1954 = CARTESIAN_POINT('',(0.240381478573,1.345460226049));
#1955 = CARTESIAN_POINT('',(0.320501709946,1.358209982369));
#1956 = CARTESIAN_POINT('',(0.400621325656,1.370956723545));
#1957 = CARTESIAN_POINT('',(0.480750527212,1.383704535446));
#1958 = CARTESIAN_POINT('',(0.560891730379,1.396455446301));
#1959 = CARTESIAN_POINT('',(0.724680168543,1.422518489028));
#1960 = CARTESIAN_POINT('',(0.808373745956,1.435838149084));
#1961 = CARTESIAN_POINT('',(0.89205182642,1.449157729449));
#1962 = CARTESIAN_POINT('',(0.975718782011,1.462477254053));
#1963 = CARTESIAN_POINT('',(1.05938795185,1.475797148046));
#1964 = CARTESIAN_POINT('',(1.143071520228,1.48911840081));
#1965 = CARTESIAN_POINT('',(1.226770422536,1.502440861466));
#1966 = CARTESIAN_POINT('',(1.409959559589,1.531596952982));
#1967 = CARTESIAN_POINT('',(1.509534066392,1.547443549281));
#1968 = CARTESIAN_POINT('',(1.609070016165,1.563282735937));
#1969 = CARTESIAN_POINT('',(1.708583653205,1.57911823422));
#1970 = CARTESIAN_POINT('',(1.808103802348,1.594956006186));
#1971 = CARTESIAN_POINT('',(1.907656916886,1.610800162354));
#1972 = CARTESIAN_POINT('',(2.007249551418,1.626651230163));
#1973 = CARTESIAN_POINT('',(2.193222193409,1.656250698114));
#1974 = CARTESIAN_POINT('',(2.279720423952,1.670017883391));
#1975 = CARTESIAN_POINT('',(2.366200525683,1.683781962638));
#1976 = CARTESIAN_POINT('',(2.452666560763,1.697543286189));
#1977 = CARTESIAN_POINT('',(2.539132982946,1.711304163452));
#1978 = CARTESIAN_POINT('',(2.625614212358,1.725067366111));
#1979 = CARTESIAN_POINT('',(2.712112730145,1.738833691916));
#1980 = CARTESIAN_POINT('',(2.884156955227,1.766215753509));
#1981 = CARTESIAN_POINT('',(2.969776452492,1.779843222693));
#1982 = CARTESIAN_POINT('',(3.055381376159,1.79346904159));
#1983 = CARTESIAN_POINT('',(3.14097305431,1.807093333343));
#1984 = CARTESIAN_POINT('',(3.226564535056,1.82071765191));
#1985 = CARTESIAN_POINT('',(3.312169296278,1.83434323678));
#1986 = CARTESIAN_POINT('',(3.397790510553,1.847970168555));
#1987 = CARTESIAN_POINT('',(3.572410994584,1.875759367531));
#1988 = CARTESIAN_POINT('',(3.661484343898,1.889933331719));
#1989 = CARTESIAN_POINT('',(3.750536898245,1.904102930717));
#1990 = CARTESIAN_POINT('',(3.839572402283,1.918269610065));
#1991 = CARTESIAN_POINT('',(3.92860708244,1.932437590236));
#1992 = CARTESIAN_POINT('',(4.017657551943,1.946611478372));
#1993 = CARTESIAN_POINT('',(4.106728657609,1.960791295557));
#1994 = CARTESIAN_POINT('',(4.240771261414,1.982131385458));
#1995 = CARTESIAN_POINT('',(4.285780710273,1.989297364218));
#1996 = CARTESIAN_POINT('',(4.330790496078,1.996463181841));
#1997 = CARTESIAN_POINT('',(4.375800692072,2.003628463612));
#1998 = CARTESIAN_POINT('',(4.420811137636,2.010792930128));
#1999 = CARTESIAN_POINT('',(4.465821438297,2.017956397293));
#2000 = CARTESIAN_POINT('',(4.510830965725,2.025118776323));
#2001 = CARTESIAN_POINT('',(4.60716721927,2.040447033946));
#2002 = CARTESIAN_POINT('',(4.658496553492,2.048613455469));
#2003 = CARTESIAN_POINT('',(4.709826270799,2.056781011064));
#2004 = CARTESIAN_POINT('',(4.761155955152,2.064950550901));
#2005 = CARTESIAN_POINT('',(4.812485364073,2.073122102574));
#2006 = CARTESIAN_POINT('',(4.863814428644,2.081294871095));
#2007 = CARTESIAN_POINT('',(4.915143253506,2.089467238897));
#2008 = CARTESIAN_POINT('',(5.043921484797,2.109963645022));
#2009 = CARTESIAN_POINT('',(5.121390244466,2.122290727914));
#2010 = CARTESIAN_POINT('',(5.198849833183,2.134613640672));
#2011 = CARTESIAN_POINT('',(5.276301872418,2.14693537437));
#2012 = CARTESIAN_POINT('',(5.353755130004,2.159259256752));
#2013 = CARTESIAN_POINT('',(5.431217913329,2.171586835229));
#2014 = CARTESIAN_POINT('',(5.508690158243,2.183917651889));
#2015 = CARTESIAN_POINT('',(5.673257868643,2.210113105992));
#2016 = CARTESIAN_POINT('',(5.760410722414,2.223987147086));
#2017 = CARTESIAN_POINT('',(5.847544891627,2.237858490628));
#2018 = CARTESIAN_POINT('',(5.934664416979,2.251726365202));
#2019 = CARTESIAN_POINT('',(6.021784016578,2.265592448389));
#2020 = CARTESIAN_POINT('',(6.10891849978,2.279459568424));
#2021 = CARTESIAN_POINT('',(6.196070553473,2.293328794151));
#2022 = CARTESIAN_POINT('',(6.28318530718,2.307191954496));
#2023 = ( GEOMETRIC_REPRESENTATION_CONTEXT(2) 
PARAMETRIC_REPRESENTATION_CONTEXT() REPRESENTATION_CONTEXT('2D SPACE',''
  ) );
#2024 = ORIENTED_EDGE('',*,*,#2025,.T.);
#2025 = EDGE_CURVE('',#1791,#2026,#2028,.T.);
#2026 = VERTEX_POINT('',#2027);
#2027 = CARTESIAN_POINT('',(31.958734122635,-7.827632289617E-15,
    3.307191913692));
#2028 = SURFACE_CURVE('',#2029,(#2109,#2192),.PCURVE_S1.);
#2029 = B_SPLINE_CURVE_WITH_KNOTS('',8,(#2030,#2031,#2032,#2033,#2034,
    #2035,#2036,#2037,#2038,#2039,#2040,#2041,#2042,#2043,#2044,#2045,
    #2046,#2047,#2048,#2049,#2050,#2051,#2052,#2053,#2054,#2055,#2056,
    #2057,#2058,#2059,#2060,#2061,#2062,#2063,#2064,#2065,#2066,#2067,
    #2068,#2069,#2070,#2071,#2072,#2073,#2074,#2075,#2076,#2077,#2078,
    #2079,#2080,#2081,#2082,#2083,#2084,#2085,#2086,#2087,#2088,#2089,
    #2090,#2091,#2092,#2093,#2094,#2095,#2096,#2097,#2098,#2099,#2100,
    #2101,#2102,#2103,#2104,#2105,#2106,#2107,#2108),.UNSPECIFIED.,.F.,
  .F.,(9,7,7,7,7,7,7,7,7,7,7,9),(0.,0.111814567344,0.206044554415,
    0.304560074134,0.409909879161,0.468103767147,0.550093226918,
    0.635916712836,0.741429635957,0.84342359605,0.925642269289,1.),
  .UNSPECIFIED.);
#2030 = CARTESIAN_POINT('',(31.958734122635,2.13162820728E-14,
    2.307191954496));
#2031 = CARTESIAN_POINT('',(31.958734122635,2.806425956636,
    2.321166398994));
#2032 = CARTESIAN_POINT('',(31.677084156932,5.614124452974,
    2.335147042878));
#2033 = CARTESIAN_POINT('',(31.113338311335,8.388246049653,2.34912516687
    ));
#2034 = CARTESIAN_POINT('',(30.272728666582,11.095801354142,
    2.363101645315));
#2035 = CARTESIAN_POINT('',(29.164501137976,13.70524020706,
    2.377078831062));
#2036 = CARTESIAN_POINT('',(27.802008819478,16.186534894154,
    2.391058648196));
#2037 = CARTESIAN_POINT('',(26.202535690634,18.511199266723,
    2.405041474621));
#2038 = CARTESIAN_POINT('',(22.860373156276,22.457917543451,
    2.430797220059));
#2039 = CARTESIAN_POINT('',(21.179073363093,24.133790924785,
    2.442577183174));
#2040 = CARTESIAN_POINT('',(19.357980372859,25.665069221932,
    2.454355532995));
#2041 = CARTESIAN_POINT('',(17.411694906595,27.038394370153,
    2.466132901304));
#2042 = CARTESIAN_POINT('',(15.356084320175,28.242178982665,
    2.477910784333));
#2043 = CARTESIAN_POINT('',(13.208279652547,29.266654322509,
    2.489690459992));
#2044 = CARTESIAN_POINT('',(10.986680885719,30.10393107613,
    2.501471729929));
#2045 = CARTESIAN_POINT('',(6.332339466797,31.422533552295,
    2.525563643879));
#2046 = CARTESIAN_POINT('',(3.893239275027,31.886321425432,
    2.537880980162));
#2047 = CARTESIAN_POINT('',(1.416501185426,32.13334999036,2.550197215096
    ));
#2048 = CARTESIAN_POINT('',(-1.075347824788,32.160419845,2.56251237775)
  );
#2049 = CARTESIAN_POINT('',(-3.559830673824,31.966958769972,
    2.574827413281));
#2050 = CARTESIAN_POINT('',(-6.014551230466,31.555032355575,
    2.587143097389));
#2051 = CARTESIAN_POINT('',(-8.417222509657,30.929343102556,
    2.599459264426));
#2052 = CARTESIAN_POINT('',(-13.23582924965,29.208976766289,
    2.624937205222));
#2053 = CARTESIAN_POINT('',(-15.64268626648,28.084217336539,
    2.638106635896));
#2054 = CARTESIAN_POINT('',(-17.93898828882,26.733165581081,
    2.651272914054));
#2055 = CARTESIAN_POINT('',(-20.10012972924,25.168920911418,
    2.664436984201));
#2056 = CARTESIAN_POINT('',(-22.10359633894,23.407265205123,
    2.677601938049));
#2057 = CARTESIAN_POINT('',(-23.92903072951,21.466669597837,
    2.690771180899));
#2058 = CARTESIAN_POINT('',(-25.55823394517,19.368222517137,
    2.703945016707));
#2059 = CARTESIAN_POINT('',(-27.7590889054,15.903670878533,
    2.724391017325));
#2060 = CARTESIAN_POINT('',(-28.4778557201,14.629933004629,2.73166689445
    ));
#2061 = CARTESIAN_POINT('',(-29.1297332901,13.319234583061,
    2.738942885519));
#2062 = CARTESIAN_POINT('',(-29.71251370667,11.975686062711,
    2.746218607384));
#2063 = CARTESIAN_POINT('',(-30.22430516509,10.60352529939,
    2.753493739571));
#2064 = CARTESIAN_POINT('',(-30.66353196465,9.207117555831,2.76076802427
    ));
#2065 = CARTESIAN_POINT('',(-31.02893450863,7.790955501691,
    2.768041266343));
#2066 = CARTESIAN_POINT('',(-31.72904512241,4.343103635284,
    2.785558959861));
#2067 = CARTESIAN_POINT('',(-31.99018887927,2.296142122162,
    2.795802954085));
#2068 = CARTESIAN_POINT('',(-32.10026760844,0.231889238667,
    2.806046394246));
#2069 = CARTESIAN_POINT('',(-32.05808271786,-1.836610883141,
    2.816295079977));
#2070 = CARTESIAN_POINT('',(-31.86375591738,-3.896385493224,
    2.826549740038));
#2071 = CARTESIAN_POINT('',(-31.51865411867,-5.934541251188,
    2.836804196096));
#2072 = CARTESIAN_POINT('',(-31.0254533072,-7.938279331941,
    2.847051482534));
#2073 = CARTESIAN_POINT('',(-29.72143656605,-11.94305304186,
    2.868023510467));
#2074 = CARTESIAN_POINT('',(-28.89664393011,-13.94020259906,
    2.878749195475));
#2075 = CARTESIAN_POINT('',(-27.91864146495,-15.87166410165,
    2.889473334349));
#2076 = CARTESIAN_POINT('',(-26.79368371053,-17.72374845546,
    2.900197035714));
#2077 = CARTESIAN_POINT('',(-25.5293569975,-19.48363679856,
    2.910922114017));
#2078 = CARTESIAN_POINT('',(-24.1344901245,-21.13933962695,
    2.921649613223));
#2079 = CARTESIAN_POINT('',(-22.61922047582,-22.67975789908,
    2.932378899957));
#2080 = CARTESIAN_POINT('',(-18.99863501701,-25.8345807959,
    2.956297044426));
#2081 = CARTESIAN_POINT('',(-16.83658617698,-27.38585899357,
    2.969492782819));
#2082 = CARTESIAN_POINT('',(-14.53079984973,-28.72933045275,
    2.982686841243));
#2083 = CARTESIAN_POINT('',(-12.10487414638,-29.84985907361,
    2.995878170033));
#2084 = CARTESIAN_POINT('',(-9.583729722224,-30.73547938767,
    3.009067811303));
#2085 = CARTESIAN_POINT('',(-6.993576152525,-31.37745474299,
    3.022257818952));
#2086 = CARTESIAN_POINT('',(-4.361839220634,-31.77023464729,
    3.035449066698));
#2087 = CARTESIAN_POINT('',(0.838640590719,-32.05011961784,
    3.061382311073));
#2088 = CARTESIAN_POINT('',(3.408210748771,-31.9537415801,3.074132859108
    ));
#2089 = CARTESIAN_POINT('',(5.965027797446,-31.62174040977,
    3.086881685381));
#2090 = CARTESIAN_POINT('',(8.483861038121,-31.05631765818,
    3.099629274149));
#2091 = CARTESIAN_POINT('',(10.940265176642,-30.26260222296,
    3.112377316551));
#2092 = CARTESIAN_POINT('',(13.310627063057,-29.24864171232,
    3.125127220538));
#2093 = CARTESIAN_POINT('',(15.572194311951,-28.02534858308,
    3.137879084883));
#2094 = CARTESIAN_POINT('',(19.421367706339,-25.46427372273,
    3.160904169907));
#2095 = CARTESIAN_POINT('',(21.055211016372,-24.19428805161,
    3.171182060188));
#2096 = CARTESIAN_POINT('',(22.593646551878,-22.80481172919,
    3.18145922076));
#2097 = CARTESIAN_POINT('',(24.026548017603,-21.30431010764,
    3.191735416054));
#2098 = CARTESIAN_POINT('',(25.344780362573,-19.70213916663,
    3.202011348469));
#2099 = CARTESIAN_POINT('',(26.540153433507,-18.00848795409,
    3.212287834686));
#2100 = CARTESIAN_POINT('',(27.605481145235,-16.23441448808,
    3.222564937474));
#2101 = CARTESIAN_POINT('',(29.375163990609,-12.72569171922,
    3.242134667202));
#2102 = CARTESIAN_POINT('',(30.10433189814,-11.00341522704,
    3.251427869646));
#2103 = CARTESIAN_POINT('',(30.717898832467,-9.233825717722,
    3.260720735877));
#2104 = CARTESIAN_POINT('',(31.212385208069,-7.42589729867,
    3.270013836507));
#2105 = CARTESIAN_POINT('',(31.585114642626,-5.588881002282,
    3.279307808745));
#2106 = CARTESIAN_POINT('',(31.834221482416,-3.732301614429,
    3.288602877404));
#2107 = CARTESIAN_POINT('',(31.958734122635,-1.865968439218,
    3.297898325395));
#2108 = CARTESIAN_POINT('',(31.958734122635,-2.84217094304E-14,
    3.307191913692));
#2109 = PCURVE('',#112,#2110);
#2110 = DEFINITIONAL_REPRESENTATION('',(#2111),#2191);
#2111 = B_SPLINE_CURVE_WITH_KNOTS('',8,(#2112,#2113,#2114,#2115,#2116,
    #2117,#2118,#2119,#2120,#2121,#2122,#2123,#2124,#2125,#2126,#2127,
    #2128,#2129,#2130,#2131,#2132,#2133,#2134,#2135,#2136,#2137,#2138,
    #2139,#2140,#2141,#2142,#2143,#2144,#2145,#2146,#2147,#2148,#2149,
    #2150,#2151,#2152,#2153,#2154,#2155,#2156,#2157,#2158,#2159,#2160,
    #2161,#2162,#2163,#2164,#2165,#2166,#2167,#2168,#2169,#2170,#2171,
    #2172,#2173,#2174,#2175,#2176,#2177,#2178,#2179,#2180,#2181,#2182,
    #2183,#2184,#2185,#2186,#2187,#2188,#2189,#2190),.UNSPECIFIED.,.F.,
  .F.,(9,7,7,7,7,7,7,7,7,7,7,9),(0.,0.111814567344,0.206044554415,
    0.304560074134,0.409909879161,0.468103767147,0.550093226918,
    0.635916712836,0.741429635957,0.84342359605,0.925642269289,1.),
  .UNSPECIFIED.);
#2112 = CARTESIAN_POINT('',(0.594010460181,25.449060655759));
#2113 = CARTESIAN_POINT('',(0.594006625488,25.537979826761));
#2114 = CARTESIAN_POINT('',(0.59400248474,25.626939242023));
#2115 = CARTESIAN_POINT('',(0.593999399568,25.715879858583));
#2116 = CARTESIAN_POINT('',(0.593998485731,25.804804315055));
#2117 = CARTESIAN_POINT('',(0.593999520824,25.893728163784));
#2118 = CARTESIAN_POINT('',(0.594001174688,25.982667132398));
#2119 = CARTESIAN_POINT('',(0.594002514914,26.071626068908));
#2120 = CARTESIAN_POINT('',(0.594003704516,26.235487832311));
#2121 = CARTESIAN_POINT('',(0.594003755989,26.310434945988));
#2122 = CARTESIAN_POINT('',(0.594003092009,26.385373670534));
#2123 = CARTESIAN_POINT('',(0.594001780677,26.460307847035));
#2124 = CARTESIAN_POINT('',(0.594000330342,26.535245662625));
#2125 = CARTESIAN_POINT('',(0.593999477298,26.610193318004));
#2126 = CARTESIAN_POINT('',(0.593999647117,26.685148435864));
#2127 = CARTESIAN_POINT('',(0.594002128915,26.838421075597));
#2128 = CARTESIAN_POINT('',(0.594004538642,26.916780919281));
#2129 = CARTESIAN_POINT('',(0.594008112815,26.995130704085));
#2130 = CARTESIAN_POINT('',(0.594012388794,27.073471827453));
#2131 = CARTESIAN_POINT('',(0.594016251261,27.151813225775));
#2132 = CARTESIAN_POINT('',(0.594018247762,27.230163640872));
#2133 = CARTESIAN_POINT('',(0.59401772782,27.308523723644));
#2134 = CARTESIAN_POINT('',(0.594012025916,27.470636081658));
#2135 = CARTESIAN_POINT('',(0.594006521828,27.554437916468));
#2136 = CARTESIAN_POINT('',(0.593998797425,27.638225513183));
#2137 = CARTESIAN_POINT('',(0.593990439712,27.722000721738));
#2138 = CARTESIAN_POINT('',(0.593984434733,27.805775386532));
#2139 = CARTESIAN_POINT('',(0.593984442026,27.889561582013));
#2140 = CARTESIAN_POINT('',(0.593990264617,27.97336175826));
#2141 = CARTESIAN_POINT('',(0.59400373931,28.103409320316));
#2142 = CARTESIAN_POINT('',(0.594009694408,28.149684772405));
#2143 = CARTESIAN_POINT('',(0.59401579188,28.195960576296));
#2144 = CARTESIAN_POINT('',(0.594021167381,28.242236559606));
#2145 = CARTESIAN_POINT('',(0.594025110229,28.288512545942));
#2146 = CARTESIAN_POINT('',(0.594027063409,28.334788354905));
#2147 = CARTESIAN_POINT('',(0.594026623569,28.381063802085));
#2148 = CARTESIAN_POINT('',(0.59401919802,28.492535473773));
#2149 = CARTESIAN_POINT('',(0.594007627105,28.557740806327));
#2150 = CARTESIAN_POINT('',(0.593995865781,28.622943112813));
#2151 = CARTESIAN_POINT('',(0.593998562563,28.688140900899));
#2152 = CARTESIAN_POINT('',(0.594015937919,28.753338229349));
#2153 = CARTESIAN_POINT('',(0.594031231136,28.818539716785));
#2154 = CARTESIAN_POINT('',(0.594027633125,28.883745099731));
#2155 = CARTESIAN_POINT('',(0.594021640252,29.017190408033));
#2156 = CARTESIAN_POINT('',(0.59401397785,29.085450141548));
#2157 = CARTESIAN_POINT('',(0.594003714522,29.153706854722));
#2158 = CARTESIAN_POINT('',(0.593994311711,29.221958529076));
#2159 = CARTESIAN_POINT('',(0.593988311968,29.290210045048));
#2160 = CARTESIAN_POINT('',(0.593986319125,29.35846646208));
#2161 = CARTESIAN_POINT('',(0.593987342399,29.426726347141));
#2162 = CARTESIAN_POINT('',(0.593994391876,29.578881448289));
#2163 = CARTESIAN_POINT('',(0.594001447314,29.662817743509));
#2164 = CARTESIAN_POINT('',(0.594009688876,29.746740241712));
#2165 = CARTESIAN_POINT('',(0.594016116999,29.830650125954));
#2166 = CARTESIAN_POINT('',(0.594018894268,29.914558841981));
#2167 = CARTESIAN_POINT('',(0.594018484424,29.998478241855));
#2168 = CARTESIAN_POINT('',(0.594016025395,30.082410902108));
#2169 = CARTESIAN_POINT('',(0.59400953105,30.247422099054));
#2170 = CARTESIAN_POINT('',(0.594005548116,30.328554904784));
#2171 = CARTESIAN_POINT('',(0.594001849549,30.409676010927));
#2172 = CARTESIAN_POINT('',(0.593999541647,30.490785599062));
#2173 = CARTESIAN_POINT('',(0.59399902138,30.571893388253));
#2174 = CARTESIAN_POINT('',(0.593999707248,30.653009860284));
#2175 = CARTESIAN_POINT('',(0.59400085778,30.734137586834));
#2176 = CARTESIAN_POINT('',(0.594002751971,30.880624318094));
#2177 = CARTESIAN_POINT('',(0.594003532641,30.94601293506));
#2178 = CARTESIAN_POINT('',(0.594003950524,31.01139786022));
#2179 = CARTESIAN_POINT('',(0.594003791297,31.076778156532));
#2180 = CARTESIAN_POINT('',(0.594003064635,31.142158267482));
#2181 = CARTESIAN_POINT('',(0.594002022076,31.207542729775));
#2182 = CARTESIAN_POINT('',(0.594001052445,31.272930923728));
#2183 = CARTESIAN_POINT('',(0.593999914389,31.397441715449));
#2184 = CARTESIAN_POINT('',(0.593999681267,31.456568144291));
#2185 = CARTESIAN_POINT('',(0.593999977139,31.515691047655));
#2186 = CARTESIAN_POINT('',(0.594001004244,31.574813525904));
#2187 = CARTESIAN_POINT('',(0.594002808089,31.633939513852));
#2188 = CARTESIAN_POINT('',(0.594005224399,31.693070872361));
#2189 = CARTESIAN_POINT('',(0.594007910329,31.752203937653));
#2190 = CARTESIAN_POINT('',(0.59401045994,31.811325528347));
#2191 = ( GEOMETRIC_REPRESENTATION_CONTEXT(2) 
PARAMETRIC_REPRESENTATION_CONTEXT() REPRESENTATION_CONTEXT('2D SPACE',''
  ) );
#2192 = PCURVE('',#2193,#2198);
#2193 = CYLINDRICAL_SURFACE('',#2194,31.958734122635);
#2194 = AXIS2_PLACEMENT_3D('',#2195,#2196,#2197);
#2195 = CARTESIAN_POINT('',(0.,0.,0.));
#2196 = DIRECTION('',(0.,0.,1.));
#2197 = DIRECTION('',(1.,0.,-0.));
#2198 = DEFINITIONAL_REPRESENTATION('',(#2199),#2279);
#2199 = B_SPLINE_CURVE_WITH_KNOTS('',8,(#2200,#2201,#2202,#2203,#2204,
    #2205,#2206,#2207,#2208,#2209,#2210,#2211,#2212,#2213,#2214,#2215,
    #2216,#2217,#2218,#2219,#2220,#2221,#2222,#2223,#2224,#2225,#2226,
    #2227,#2228,#2229,#2230,#2231,#2232,#2233,#2234,#2235,#2236,#2237,
    #2238,#2239,#2240,#2241,#2242,#2243,#2244,#2245,#2246,#2247,#2248,
    #2249,#2250,#2251,#2252,#2253,#2254,#2255,#2256,#2257,#2258,#2259,
    #2260,#2261,#2262,#2263,#2264,#2265,#2266,#2267,#2268,#2269,#2270,
    #2271,#2272,#2273,#2274,#2275,#2276,#2277,#2278),.UNSPECIFIED.,.F.,
  .F.,(9,7,7,7,7,7,7,7,7,7,7,9),(0.,0.111814567344,0.206044554415,
    0.304560074134,0.409909879161,0.468103767147,0.550093226918,
    0.635916712836,0.741429635957,0.84342359605,0.925642269289,1.),
  .UNSPECIFIED.);
#2200 = CARTESIAN_POINT('',(0.,2.307191954496));
#2201 = CARTESIAN_POINT('',(8.781405251745E-02,2.321166398994));
#2202 = CARTESIAN_POINT('',(0.175667891709,2.335147042878));
#2203 = CARTESIAN_POINT('',(0.263503181883,2.34912516687));
#2204 = CARTESIAN_POINT('',(0.35132248061,2.363101645315));
#2205 = CARTESIAN_POINT('',(0.439141093538,2.377078831062));
#2206 = CARTESIAN_POINT('',(0.526974544691,2.391058648196));
#2207 = CARTESIAN_POINT('',(0.61482764877,2.405041474621));
#2208 = CARTESIAN_POINT('',(0.776652423613,2.430797220059));
#2209 = CARTESIAN_POINT('',(0.850667838909,2.442577183174));
#2210 = CARTESIAN_POINT('',(0.924674971928,2.454355532995));
#2211 = CARTESIAN_POINT('',(0.998677644523,2.466132901304));
#2212 = CARTESIAN_POINT('',(1.072683966987,2.477910784333));
#2213 = CARTESIAN_POINT('',(1.146700068876,2.489690459992));
#2214 = CARTESIAN_POINT('',(1.220723590685,2.501471729929));
#2215 = CARTESIAN_POINT('',(1.37209131015,2.525563643879));
#2216 = CARTESIAN_POINT('',(1.449477306468,2.537880980162));
#2217 = CARTESIAN_POINT('',(1.526853379542,2.550197215096));
#2218 = CARTESIAN_POINT('',(1.60422087744,2.56251237775));
#2219 = CARTESIAN_POINT('',(1.681588593942,2.574827413281));
#2220 = CARTESIAN_POINT('',(1.758965155526,2.587143097389));
#2221 = CARTESIAN_POINT('',(1.836351222042,2.599459264426));
#2222 = CARTESIAN_POINT('',(1.996448482015,2.624937205222));
#2223 = CARTESIAN_POINT('',(2.079208616122,2.638106635896));
#2224 = CARTESIAN_POINT('',(2.1619546954,2.651272914054));
#2225 = CARTESIAN_POINT('',(2.244688581068,2.664436984201));
#2226 = CARTESIAN_POINT('',(2.327421998721,2.677601938049));
#2227 = CARTESIAN_POINT('',(2.410166830704,2.690771180899));
#2228 = CARTESIAN_POINT('',(2.492925433954,2.703945016707));
#2229 = CARTESIAN_POINT('',(2.621356527492,2.724391017325));
#2230 = CARTESIAN_POINT('',(2.667056766531,2.73166689445));
#2231 = CARTESIAN_POINT('',(2.712757336616,2.738942885519));
#2232 = CARTESIAN_POINT('',(2.75845807232,2.746218607384));
#2233 = CARTESIAN_POINT('',(2.804158808201,2.753493739571));
#2234 = CARTESIAN_POINT('',(2.849859378807,2.76076802427));
#2235 = CARTESIAN_POINT('',(2.89555961867,2.768041266343));
#2236 = CARTESIAN_POINT('',(3.00564580258,2.785558959861));
#2237 = CARTESIAN_POINT('',(3.070040891499,2.795802954085));
#2238 = CARTESIAN_POINT('',(3.13443276501,2.806046394246));
#2239 = CARTESIAN_POINT('',(3.198820196312,2.816295079977));
#2240 = CARTESIAN_POINT('',(3.263207355345,2.826549740038));
#2241 = CARTESIAN_POINT('',(3.327598619363,2.836804196096));
#2242 = CARTESIAN_POINT('',(3.391993434598,2.847051482534));
#2243 = CARTESIAN_POINT('',(3.523779952953,2.868023510467));
#2244 = CARTESIAN_POINT('',(3.591191147866,2.878749195475));
#2245 = CARTESIAN_POINT('',(3.658599384742,2.889473334349));
#2246 = CARTESIAN_POINT('',(3.72600269741,2.900197035714));
#2247 = CARTESIAN_POINT('',(3.793405899374,2.910922114017));
#2248 = CARTESIAN_POINT('',(3.860813958221,2.921649613223));
#2249 = CARTESIAN_POINT('',(3.928225427596,2.932378899957));
#2250 = CARTESIAN_POINT('',(4.078489323905,2.956297044426));
#2251 = CARTESIAN_POINT('',(4.16138230819,2.969492782819));
#2252 = CARTESIAN_POINT('',(4.244261620876,2.982686841243));
#2253 = CARTESIAN_POINT('',(4.327128439902,2.995878170033));
#2254 = CARTESIAN_POINT('',(4.40999412199,3.009067811303));
#2255 = CARTESIAN_POINT('',(4.492870409901,3.022257818952));
#2256 = CARTESIAN_POINT('',(4.575759854608,3.035449066698));
#2257 = CARTESIAN_POINT('',(4.738720187124,3.061382311073));
#2258 = CARTESIAN_POINT('',(4.818844666402,3.074132859108));
#2259 = CARTESIAN_POINT('',(4.898957622301,3.086881685381));
#2260 = CARTESIAN_POINT('',(4.97905920289,3.099629274149));
#2261 = CARTESIAN_POINT('',(5.059158963085,3.112377316551));
#2262 = CARTESIAN_POINT('',(5.139267229567,3.125127220538));
#2263 = CARTESIAN_POINT('',(5.219386543341,3.137879084883));
#2264 = CARTESIAN_POINT('',(5.364052363583,3.160904169907));
#2265 = CARTESIAN_POINT('',(5.428628131761,3.171182060188));
#2266 = CARTESIAN_POINT('',(5.493200230444,3.18145922076));
#2267 = CARTESIAN_POINT('',(5.557767751608,3.191735416054));
#2268 = CARTESIAN_POINT('',(5.622335103124,3.202011348469));
#2269 = CARTESIAN_POINT('',(5.686906781867,3.212287834686));
#2270 = CARTESIAN_POINT('',(5.751482185272,3.222564937474));
#2271 = CARTESIAN_POINT('',(5.87444535264,3.242134667202));
#2272 = CARTESIAN_POINT('',(5.93283689303,3.251427869646));
#2273 = CARTESIAN_POINT('',(5.991224983874,3.260720735877));
#2274 = CARTESIAN_POINT('',(6.049612680954,3.270013836507));
#2275 = CARTESIAN_POINT('',(6.108003859147,3.279307808745));
#2276 = CARTESIAN_POINT('',(6.166400342573,3.288602877404));
#2277 = CARTESIAN_POINT('',(6.224798500241,3.297898325395));
#2278 = CARTESIAN_POINT('',(6.28318530718,3.307191913692));
#2279 = ( GEOMETRIC_REPRESENTATION_CONTEXT(2) 
PARAMETRIC_REPRESENTATION_CONTEXT() REPRESENTATION_CONTEXT('2D SPACE',''
  ) );
#2280 = ORIENTED_EDGE('',*,*,#2281,.T.);
#2281 = EDGE_CURVE('',#2026,#2282,#2284,.T.);
#2282 = VERTEX_POINT('',#2283);
#2283 = CARTESIAN_POINT('',(31.958734122635,-7.827632289617E-15,
    4.307189591035));
#2284 = SURFACE_CURVE('',#2285,(#2358,#2434),.PCURVE_S1.);
#2285 = B_SPLINE_CURVE_WITH_KNOTS('',8,(#2286,#2287,#2288,#2289,#2290,
    #2291,#2292,#2293,#2294,#2295,#2296,#2297,#2298,#2299,#2300,#2301,
    #2302,#2303,#2304,#2305,#2306,#2307,#2308,#2309,#2310,#2311,#2312,
    #2313,#2314,#2315,#2316,#2317,#2318,#2319,#2320,#2321,#2322,#2323,
    #2324,#2325,#2326,#2327,#2328,#2329,#2330,#2331,#2332,#2333,#2334,
    #2335,#2336,#2337,#2338,#2339,#2340,#2341,#2342,#2343,#2344,#2345,
    #2346,#2347,#2348,#2349,#2350,#2351,#2352,#2353,#2354,#2355,#2356,
    #2357),.UNSPECIFIED.,.F.,.F.,(9,7,7,7,7,7,7,7,7,7,9),(0.,
    0.109034625493,0.207772204139,0.255316331797,0.398755895041,
    0.513843518774,0.623232770049,0.705637834327,0.803683407507,
    0.89882380822,1.),.UNSPECIFIED.);
#2286 = CARTESIAN_POINT('',(31.958734122635,-2.84217094304E-14,
    3.307191913692));
#2287 = CARTESIAN_POINT('',(31.958734122635,2.73651682062,3.320821330011
    ));
#2288 = CARTESIAN_POINT('',(31.690941432532,5.474095604617,
    3.334455919142));
#2289 = CARTESIAN_POINT('',(31.154993035462,8.180565424581,
    3.348087232946));
#2290 = CARTESIAN_POINT('',(30.355584629226,10.825355862994,
    3.361715050538));
#2291 = CARTESIAN_POINT('',(29.301073949174,13.379163514638,
    3.375341134185));
#2292 = CARTESIAN_POINT('',(28.003541273369,15.814019239316,3.3889682543
    ));
#2293 = CARTESIAN_POINT('',(26.478662275995,18.103318540009,
    3.402598323854));
#2294 = CARTESIAN_POINT('',(23.178933919568,22.141341707436,
    3.428564026909));
#2295 = CARTESIAN_POINT('',(21.440553301989,23.921602379158,
    3.440906145295));
#2296 = CARTESIAN_POINT('',(19.546633800405,25.544956805641,
    3.45324808068));
#2297 = CARTESIAN_POINT('',(17.513836431713,26.995862842025,
    3.465591085053));
#2298 = CARTESIAN_POINT('',(15.360322204932,28.260908473762,
    3.477936716519));
#2299 = CARTESIAN_POINT('',(13.105754073092,29.328864638503,
    3.490284567626));
#2300 = CARTESIAN_POINT('',(10.771293863217,30.190733277073,
    3.502631710405));
#2301 = CARTESIAN_POINT('',(7.228549541193,31.153370527783,
    3.520914259612));
#2302 = CARTESIAN_POINT('',(6.063791030938,31.41710643342,3.526855370016
    ));
#2303 = CARTESIAN_POINT('',(4.888146131154,31.631043176727,
    3.532795716588));
#2304 = CARTESIAN_POINT('',(3.704070284527,31.794667489589,
    3.538735643059));
#2305 = CARTESIAN_POINT('',(2.514056477573,31.907613864379,
    3.544675561043));
#2306 = CARTESIAN_POINT('',(1.320635240638,31.969664553962,
    3.550615950036));
#2307 = CARTESIAN_POINT('',(0.126374647898,31.980749571692,
    3.556557357416));
#2308 = CARTESIAN_POINT('',(-4.663848242813,31.820862297299,
    3.580430419487));
#2309 = CARTESIAN_POINT('',(-8.250333185074,31.237508083555,
    3.59839104972));
#2310 = CARTESIAN_POINT('',(-11.7493689173,30.191540158393,3.61632294706
    ));
#2311 = CARTESIAN_POINT('',(-15.09237527327,28.700570271402,
    3.634238317681));
#2312 = CARTESIAN_POINT('',(-18.2154276861,26.791314481947,
    3.652160748622));
#2313 = CARTESIAN_POINT('',(-21.06030338237,24.501329043573,
    3.670095171281));
#2314 = CARTESIAN_POINT('',(-23.5736543341,21.876981982093,
    3.688045654274));
#2315 = CARTESIAN_POINT('',(-27.42706697939,16.657099758491,
    3.720362668977));
#2316 = CARTESIAN_POINT('',(-28.90328598258,14.155095230108,
    3.734756749924));
#2317 = CARTESIAN_POINT('',(-30.11730669215,11.50513319046,
    3.749146746227));
#2318 = CARTESIAN_POINT('',(-31.05256328853,8.739610985659,
    3.763532092622));
#2319 = CARTESIAN_POINT('',(-31.69701893722,5.892262583707,3.77791547929
    ));
#2320 = CARTESIAN_POINT('',(-32.04336599469,2.998141868925,
    3.792300653745));
#2321 = CARTESIAN_POINT('',(-32.08885139506,9.349874239386E-02,
    3.806689246203));
#2322 = CARTESIAN_POINT('',(-31.5981177283,-5.518732639945,
    3.834741791354));
#2323 = CARTESIAN_POINT('',(-31.09039861479,-8.231137924517,
    3.848417240849));
#2324 = CARTESIAN_POINT('',(-30.31658397707,-10.88869626924,
    3.862090432341));
#2325 = CARTESIAN_POINT('',(-29.28410848397,-13.4611104024,
    3.875762089656));
#2326 = CARTESIAN_POINT('',(-28.0039775606,-15.91966881255,
    3.889434179615));
#2327 = CARTESIAN_POINT('',(-26.49082318053,-18.2373357698,
    3.903108506958));
#2328 = CARTESIAN_POINT('',(-24.76279094064,-20.38876593598,
    3.916785447711));
#2329 = CARTESIAN_POINT('',(-21.3963931755,-23.82922925334,
    3.940756664828));
#2330 = CARTESIAN_POINT('',(-19.84054004156,-25.20061416203,
    3.951056812077));
#2331 = CARTESIAN_POINT('',(-18.18463156474,-26.45548349201,
    3.961356292418));
#2332 = CARTESIAN_POINT('',(-16.4389064956,-27.58542506506,
    3.971655204178));
#2333 = CARTESIAN_POINT('',(-14.61432226881,-28.58314465093,
    3.981954408126));
#2334 = CARTESIAN_POINT('',(-12.7225189757,-29.4424275064,3.992254646952
    ));
#2335 = CARTESIAN_POINT('',(-10.77585355829,-30.15822533063,
    4.002555621263));
#2336 = CARTESIAN_POINT('',(-6.421765519215,-31.40344063358,
    4.025109252663));
#2337 = CARTESIAN_POINT('',(-3.995908210846,-31.87201543212,
    4.037366977194));
#2338 = CARTESIAN_POINT('',(-1.532132903444,-32.126049193,4.04962365332)
  );
#2339 = CARTESIAN_POINT('',(0.947369606671,-32.16231595878,
    4.061879304689));
#2340 = CARTESIAN_POINT('',(3.420446828277,-31.98016908614,
    4.074134852145));
#2341 = CARTESIAN_POINT('',(5.865014875786,-31.58155071802,
    4.086391041964));
#2342 = CARTESIAN_POINT('',(8.259085682951,-30.97099305613,
    4.098647678759));
#2343 = CARTESIAN_POINT('',(12.833822543762,-29.36587200121,
    4.122789475283));
#2344 = CARTESIAN_POINT('',(15.019785169685,-28.38284583675,
    4.13468055248));
#2345 = CARTESIAN_POINT('',(17.11879418167,-27.21412043176,
    4.146569558602));
#2346 = CARTESIAN_POINT('',(19.112566699294,-25.86891157314,
    4.158457082839));
#2347 = CARTESIAN_POINT('',(20.984154107219,-24.35830487739,
    4.17034511394));
#2348 = CARTESIAN_POINT('',(22.717962183459,-22.69524435842,
    4.182235823439));
#2349 = CARTESIAN_POINT('',(24.29977872341,-20.89453461312,
    4.194129526425));
#2350 = CARTESIAN_POINT('',(27.224525909145,-16.93021549331,
    4.218667952395));
#2351 = CARTESIAN_POINT('',(28.546805309778,-14.74965110487,
    4.23131974752));
#2352 = CARTESIAN_POINT('',(29.668671834895,-12.45203885259,
    4.243970813052));
#2353 = CARTESIAN_POINT('',(30.578386093993,-10.05907427951,4.2566197111
    ));
#2354 = CARTESIAN_POINT('',(31.266966643657,-7.593391479675,
    4.269265541868));
#2355 = CARTESIAN_POINT('',(31.728221134614,-5.078530561832,
    4.281906613737));
#2356 = CARTESIAN_POINT('',(31.958734122635,-2.538905204082,
    4.294545808607));
#2357 = CARTESIAN_POINT('',(31.958734122635,-7.105427357601E-15,
    4.307189591035));
#2358 = PCURVE('',#112,#2359);
#2359 = DEFINITIONAL_REPRESENTATION('',(#2360),#2433);
#2360 = B_SPLINE_CURVE_WITH_KNOTS('',8,(#2361,#2362,#2363,#2364,#2365,
    #2366,#2367,#2368,#2369,#2370,#2371,#2372,#2373,#2374,#2375,#2376,
    #2377,#2378,#2379,#2380,#2381,#2382,#2383,#2384,#2385,#2386,#2387,
    #2388,#2389,#2390,#2391,#2392,#2393,#2394,#2395,#2396,#2397,#2398,
    #2399,#2400,#2401,#2402,#2403,#2404,#2405,#2406,#2407,#2408,#2409,
    #2410,#2411,#2412,#2413,#2414,#2415,#2416,#2417,#2418,#2419,#2420,
    #2421,#2422,#2423,#2424,#2425,#2426,#2427,#2428,#2429,#2430,#2431,
    #2432),.UNSPECIFIED.,.F.,.F.,(9,7,7,7,7,7,7,7,7,7,9),(0.,
    0.109034625493,0.207772204139,0.255316331797,0.398755895041,
    0.513843518774,0.623232770049,0.705637834327,0.803683407507,
    0.89882380822,1.),.UNSPECIFIED.);
#2361 = CARTESIAN_POINT('',(0.59401045994,31.811325528347));
#2362 = CARTESIAN_POINT('',(0.594014199046,31.898029689035));
#2363 = CARTESIAN_POINT('',(0.594017651161,31.984767512667));
#2364 = CARTESIAN_POINT('',(0.594019532446,32.07148861467));
#2365 = CARTESIAN_POINT('',(0.594018365001,32.158195463021));
#2366 = CARTESIAN_POINT('',(0.594013046188,32.244902159542));
#2367 = CARTESIAN_POINT('',(0.594004939814,32.331622756051));
#2368 = CARTESIAN_POINT('',(0.593997187977,32.418361188484));
#2369 = CARTESIAN_POINT('',(0.593987642388,32.583586892928));
#2370 = CARTESIAN_POINT('',(0.593985351912,32.662116725313));
#2371 = CARTESIAN_POINT('',(0.593987114312,32.740634771537));
#2372 = CARTESIAN_POINT('',(0.593994190792,32.819145691692));
#2373 = CARTESIAN_POINT('',(0.594006308692,32.897660113451));
#2374 = CARTESIAN_POINT('',(0.594019130575,32.976186812137));
#2375 = CARTESIAN_POINT('',(0.594025956518,33.054724718543));
#2376 = CARTESIAN_POINT('',(0.594025746375,33.171043694627));
#2377 = CARTESIAN_POINT('',(0.594023865187,33.208847544449));
#2378 = CARTESIAN_POINT('',(0.594020220272,33.246651156983));
#2379 = CARTESIAN_POINT('',(0.594015272384,33.284455511582));
#2380 = CARTESIAN_POINT('',(0.59400989387,33.322260940775));
#2381 = CARTESIAN_POINT('',(0.594005368672,33.360067130266));
#2382 = CARTESIAN_POINT('',(0.594003392321,33.397873118933));
#2383 = CARTESIAN_POINT('',(0.594014156305,33.549731658858));
#2384 = CARTESIAN_POINT('',(0.594045827482,33.66391894586));
#2385 = CARTESIAN_POINT('',(0.594035222353,33.778034225187));
#2386 = CARTESIAN_POINT('',(0.594002227286,33.892103037164));
#2387 = CARTESIAN_POINT('',(0.593986187454,34.006172332138));
#2388 = CARTESIAN_POINT('',(0.593982078023,34.120286654159));
#2389 = CARTESIAN_POINT('',(0.593987350218,34.234478568722));
#2390 = CARTESIAN_POINT('',(0.594001862333,34.440049950869));
#2391 = CARTESIAN_POINT('',(0.594010184646,34.531607098888));
#2392 = CARTESIAN_POINT('',(0.594017412127,34.623141128679));
#2393 = CARTESIAN_POINT('',(0.594020379954,34.714656738308));
#2394 = CARTESIAN_POINT('',(0.594018819495,34.806171747467));
#2395 = CARTESIAN_POINT('',(0.594014897733,34.897704319543));
#2396 = CARTESIAN_POINT('',(0.594010451413,34.989260012643));
#2397 = CARTESIAN_POINT('',(0.594003056414,35.167757123476));
#2398 = CARTESIAN_POINT('',(0.594000040221,35.25477186386));
#2399 = CARTESIAN_POINT('',(0.593998602674,35.341768100876));
#2400 = CARTESIAN_POINT('',(0.593999157768,35.428749354698));
#2401 = CARTESIAN_POINT('',(0.594000884901,35.515730289416));
#2402 = CARTESIAN_POINT('',(0.594002501356,35.60272574903));
#2403 = CARTESIAN_POINT('',(0.594003380046,35.689739769399));
#2404 = CARTESIAN_POINT('',(0.594003534019,35.842250604692));
#2405 = CARTESIAN_POINT('',(0.594003155935,35.907783863275));
#2406 = CARTESIAN_POINT('',(0.594002294074,35.973314146705));
#2407 = CARTESIAN_POINT('',(0.594001152893,36.038841544718));
#2408 = CARTESIAN_POINT('',(0.594000099278,36.104370572216));
#2409 = CARTESIAN_POINT('',(0.593999543979,36.169904877885));
#2410 = CARTESIAN_POINT('',(0.593999786047,36.235441773145));
#2411 = CARTESIAN_POINT('',(0.594002050779,36.378928020337));
#2412 = CARTESIAN_POINT('',(0.594004410814,36.45690872848));
#2413 = CARTESIAN_POINT('',(0.594007932977,36.534879720668));
#2414 = CARTESIAN_POINT('',(0.594012175389,36.61284230544));
#2415 = CARTESIAN_POINT('',(0.594016055216,36.690805179354));
#2416 = CARTESIAN_POINT('',(0.594018142708,36.768776837547));
#2417 = CARTESIAN_POINT('',(0.594017766345,36.846757796834));
#2418 = CARTESIAN_POINT('',(0.594012635769,37.000367753393));
#2419 = CARTESIAN_POINT('',(0.594008010881,37.076034060224));
#2420 = CARTESIAN_POINT('',(0.59400149949,37.151692134514));
#2421 = CARTESIAN_POINT('',(0.59399413735,37.227343010312));
#2422 = CARTESIAN_POINT('',(0.593987891809,37.302994184516));
#2423 = CARTESIAN_POINT('',(0.593985316382,37.37865278068));
#2424 = CARTESIAN_POINT('',(0.593987270852,37.454318550159));
#2425 = CARTESIAN_POINT('',(0.593998451644,37.610409219239));
#2426 = CARTESIAN_POINT('',(0.594008127374,37.690877935859));
#2427 = CARTESIAN_POINT('',(0.594020503062,37.771334934514));
#2428 = CARTESIAN_POINT('',(0.59403161686,37.85178145024));
#2429 = CARTESIAN_POINT('',(0.594035568763,37.932227221169));
#2430 = CARTESIAN_POINT('',(0.594024450906,38.012682209858));
#2431 = CARTESIAN_POINT('',(0.594004774544,38.093147686889));
#2432 = CARTESIAN_POINT('',(0.594004772086,38.173590789402));
#2433 = ( GEOMETRIC_REPRESENTATION_CONTEXT(2) 
PARAMETRIC_REPRESENTATION_CONTEXT() REPRESENTATION_CONTEXT('2D SPACE',''
  ) );
#2434 = PCURVE('',#2435,#2440);
#2435 = CYLINDRICAL_SURFACE('',#2436,31.958734122635);
#2436 = AXIS2_PLACEMENT_3D('',#2437,#2438,#2439);
#2437 = CARTESIAN_POINT('',(0.,0.,0.));
#2438 = DIRECTION('',(0.,0.,1.));
#2439 = DIRECTION('',(1.,0.,-0.));
#2440 = DEFINITIONAL_REPRESENTATION('',(#2441),#2514);
#2441 = B_SPLINE_CURVE_WITH_KNOTS('',8,(#2442,#2443,#2444,#2445,#2446,
    #2447,#2448,#2449,#2450,#2451,#2452,#2453,#2454,#2455,#2456,#2457,
    #2458,#2459,#2460,#2461,#2462,#2463,#2464,#2465,#2466,#2467,#2468,
    #2469,#2470,#2471,#2472,#2473,#2474,#2475,#2476,#2477,#2478,#2479,
    #2480,#2481,#2482,#2483,#2484,#2485,#2486,#2487,#2488,#2489,#2490,
    #2491,#2492,#2493,#2494,#2495,#2496,#2497,#2498,#2499,#2500,#2501,
    #2502,#2503,#2504,#2505,#2506,#2507,#2508,#2509,#2510,#2511,#2512,
    #2513),.UNSPECIFIED.,.F.,.F.,(9,7,7,7,7,7,7,7,7,7,9),(0.,
    0.109034625493,0.207772204139,0.255316331797,0.398755895041,
    0.513843518774,0.623232770049,0.705637834327,0.803683407507,
    0.89882380822,1.),.UNSPECIFIED.);
#2442 = CARTESIAN_POINT('',(0.,3.307191913692));
#2443 = CARTESIAN_POINT('',(8.562657113136E-02,3.320821330011));
#2444 = CARTESIAN_POINT('',(0.171286346345,3.334455919142));
#2445 = CARTESIAN_POINT('',(0.256929542707,3.348087232946));
#2446 = CARTESIAN_POINT('',(0.342558592643,3.361715050538));
#2447 = CARTESIAN_POINT('',(0.428187454712,3.375341134185));
#2448 = CARTESIAN_POINT('',(0.513830069443,3.3889682543));
#2449 = CARTESIAN_POINT('',(0.599490344979,3.402598323854));
#2450 = CARTESIAN_POINT('',(0.762662363848,3.428564026909));
#2451 = CARTESIAN_POINT('',(0.840216132194,3.440906145295));
#2452 = CARTESIAN_POINT('',(0.917758281099,3.45324808068));
#2453 = CARTESIAN_POINT('',(0.995293379444,3.465591085053));
#2454 = CARTESIAN_POINT('',(1.072831876453,3.477936716519));
#2455 = CARTESIAN_POINT('',(1.150382393166,3.490284567626));
#2456 = CARTESIAN_POINT('',(1.227943987956,3.502631710405));
#2457 = CARTESIAN_POINT('',(1.342817116647,3.520914259612));
#2458 = CARTESIAN_POINT('',(1.380151105356,3.526855370016));
#2459 = CARTESIAN_POINT('',(1.417484882036,3.532795716588));
#2460 = CARTESIAN_POINT('',(1.454819399914,3.538735643059));
#2461 = CARTESIAN_POINT('',(1.492154978734,3.544675561043));
#2462 = CARTESIAN_POINT('',(1.52949130475,3.550615950036));
#2463 = CARTESIAN_POINT('',(1.56682743073,3.556557357416));
#2464 = CARTESIAN_POINT('',(1.716798655346,3.580430419487));
#2465 = CARTESIAN_POINT('',(1.829567210116,3.59839104972));
#2466 = CARTESIAN_POINT('',(1.942263373803,3.61632294706));
#2467 = CARTESIAN_POINT('',(2.054914224237,3.634238317681));
#2468 = CARTESIAN_POINT('',(2.167565736183,3.652160748622));
#2469 = CARTESIAN_POINT('',(2.280261778029,3.670095171281));
#2470 = CARTESIAN_POINT('',(2.393034374868,3.688045654274));
#2471 = CARTESIAN_POINT('',(2.596050548204,3.720362668977));
#2472 = CARTESIAN_POINT('',(2.686469618627,3.734756749924));
#2473 = CARTESIAN_POINT('',(2.776865816954,3.749146746227));
#2474 = CARTESIAN_POINT('',(2.867243824129,3.763532092622));
#2475 = CARTESIAN_POINT('',(2.957621313546,3.77791547929));
#2476 = CARTESIAN_POINT('',(3.048016235212,3.792300653745));
#2477 = CARTESIAN_POINT('',(3.13843405051,3.806689246203));
#2478 = CARTESIAN_POINT('',(3.314712791392,3.834741791354));
#2479 = CARTESIAN_POINT('',(3.400646126484,3.848417240849));
#2480 = CARTESIAN_POINT('',(3.486561171359,3.862090432341));
#2481 = CARTESIAN_POINT('',(3.572461357792,3.875762089656));
#2482 = CARTESIAN_POINT('',(3.658361135123,3.889434179615));
#2483 = CARTESIAN_POINT('',(3.744275176769,3.903108506958));
#2484 = CARTESIAN_POINT('',(3.830207505856,3.916785447711));
#2485 = CARTESIAN_POINT('',(3.980822437435,3.940756664828));
#2486 = CARTESIAN_POINT('',(4.045541032209,3.951056812077));
#2487 = CARTESIAN_POINT('',(4.110256703057,3.961356292418));
#2488 = CARTESIAN_POINT('',(4.174969556363,3.971655204178));
#2489 = CARTESIAN_POINT('',(4.239684062391,3.981954408126));
#2490 = CARTESIAN_POINT('',(4.304403825976,3.992254646952));
#2491 = CARTESIAN_POINT('',(4.369126183838,4.002555621263));
#2492 = CARTESIAN_POINT('',(4.510829137385,4.025109252663));
#2493 = CARTESIAN_POINT('',(4.587840709455,4.037366977194));
#2494 = CARTESIAN_POINT('',(4.664842697681,4.04962365332));
#2495 = CARTESIAN_POINT('',(4.741836362847,4.061879304689));
#2496 = CARTESIAN_POINT('',(4.818830262081,4.074134852145));
#2497 = CARTESIAN_POINT('',(4.895832777458,4.086391041964));
#2498 = CARTESIAN_POINT('',(4.972844435352,4.098647678759));
#2499 = CARTESIAN_POINT('',(5.124544983344,4.122789475283));
#2500 = CARTESIAN_POINT('',(5.199270720422,4.13468055248));
#2501 = CARTESIAN_POINT('',(5.273988328558,4.146569558602));
#2502 = CARTESIAN_POINT('',(5.348698854648,4.158457082839));
#2503 = CARTESIAN_POINT('',(5.423409723933,4.17034511394));
#2504 = CARTESIAN_POINT('',(5.49812795705,4.182235823439));
#2505 = CARTESIAN_POINT('',(5.572853269746,4.194129526425));
#2506 = CARTESIAN_POINT('',(5.727003816907,4.218667952395));
#2507 = CARTESIAN_POINT('',(5.806472320174,4.23131974752));
#2508 = CARTESIAN_POINT('',(5.885929191903,4.243970813052));
#2509 = CARTESIAN_POINT('',(5.965375642967,4.2566197111));
#2510 = CARTESIAN_POINT('',(6.044821345783,4.269265541868));
#2511 = CARTESIAN_POINT('',(6.124276317671,4.281906613737));
#2512 = CARTESIAN_POINT('',(6.203742072841,4.294545808607));
#2513 = CARTESIAN_POINT('',(6.28318530718,4.307189591035));
#2514 = ( GEOMETRIC_REPRESENTATION_CONTEXT(2) 
PARAMETRIC_REPRESENTATION_CONTEXT() REPRESENTATION_CONTEXT('2D SPACE',''
  ) );
#2515 = ORIENTED_EDGE('',*,*,#2516,.T.);
#2516 = EDGE_CURVE('',#2282,#2517,#2519,.T.);
#2517 = VERTEX_POINT('',#2518);
#2518 = CARTESIAN_POINT('',(31.958734122635,-7.827632289617E-15,
    5.307191954496));
#2519 = SURFACE_CURVE('',#2520,(#2593,#2669),.PCURVE_S1.);
#2520 = B_SPLINE_CURVE_WITH_KNOTS('',8,(#2521,#2522,#2523,#2524,#2525,
    #2526,#2527,#2528,#2529,#2530,#2531,#2532,#2533,#2534,#2535,#2536,
    #2537,#2538,#2539,#2540,#2541,#2542,#2543,#2544,#2545,#2546,#2547,
    #2548,#2549,#2550,#2551,#2552,#2553,#2554,#2555,#2556,#2557,#2558,
    #2559,#2560,#2561,#2562,#2563,#2564,#2565,#2566,#2567,#2568,#2569,
    #2570,#2571,#2572,#2573,#2574,#2575,#2576,#2577,#2578,#2579,#2580,
    #2581,#2582,#2583,#2584,#2585,#2586,#2587,#2588,#2589,#2590,#2591,
    #2592),.UNSPECIFIED.,.F.,.F.,(9,7,7,7,7,7,7,7,7,7,9),(0.,
    9.839940144723E-02,0.222663517705,0.329727305227,0.411234030497,
    0.543364836727,0.641465380638,0.696863389057,0.752506888959,
    0.877844205202,1.),.UNSPECIFIED.);
#2521 = CARTESIAN_POINT('',(31.958734122635,-7.105427357601E-15,
    4.307189591035));
#2522 = CARTESIAN_POINT('',(31.958734122635,2.469019456486,4.31948534149
    ));
#2523 = CARTESIAN_POINT('',(31.740736650855,4.938860876061,
    4.331792785442));
#2524 = CARTESIAN_POINT('',(31.304488007078,7.38599459418,4.34409602028)
  );
#2525 = CARTESIAN_POINT('',(30.653039050157,9.787878914965,
    4.356392134104));
#2526 = CARTESIAN_POINT('',(29.791962101555,12.122791297568,
    4.368685079055));
#2527 = CARTESIAN_POINT('',(28.729323495027,14.369844143537,
    4.380978507124));
#2528 = CARTESIAN_POINT('',(27.47564242242,16.509005036574,4.39327438619
    ));
#2529 = CARTESIAN_POINT('',(24.237356353109,21.062657087098,
    4.421095257908));
#2530 = CARTESIAN_POINT('',(22.145599919427,23.404032435594,
    4.43663360112));
#2531 = CARTESIAN_POINT('',(19.796689360631,25.505662148382,
    4.452170050654));
#2532 = CARTESIAN_POINT('',(17.223436263424,27.335541528479,
    4.467705025166));
#2533 = CARTESIAN_POINT('',(14.462068903957,28.866874948747,
    4.483239165042));
#2534 = CARTESIAN_POINT('',(11.552396416828,30.078541595616,
    4.498775400406));
#2535 = CARTESIAN_POINT('',(8.537461821471,30.954751898206,
    4.514315267572));
#2536 = CARTESIAN_POINT('',(2.817864154752,31.947439076148,
    4.543223419174));
#2537 = CARTESIAN_POINT('',(0.125598326265,32.152708955348,
    4.556606772385));
#2538 = CARTESIAN_POINT('',(-2.58187753953,32.098288690538,
    4.569987251495));
#2539 = CARTESIAN_POINT('',(-5.275315303489,31.783513078091,
    4.58336588227));
#2540 = CARTESIAN_POINT('',(-7.926016771437,31.211285492633,
    4.596745250217));
#2541 = CARTESIAN_POINT('',(-10.50589018238,30.388133886379,
    4.610127374462));
#2542 = CARTESIAN_POINT('',(-12.98748739298,29.324129563911,
    4.623512428133));
#2543 = CARTESIAN_POINT('',(-17.13854509211,27.05207330158,4.64707945543
    ));
#2544 = CARTESIAN_POINT('',(-18.86134005136,25.938555618617,
    4.657268301192));
#2545 = CARTESIAN_POINT('',(-20.50094412017,24.699886917199,
    4.667456534618));
#2546 = CARTESIAN_POINT('',(-22.04673138566,23.343499623497,
    4.677643514081));
#2547 = CARTESIAN_POINT('',(-23.48903825612,21.877740799495,
    4.687829619893));
#2548 = CARTESIAN_POINT('',(-24.81909428202,20.311788447423,
    4.69801563965));
#2549 = CARTESIAN_POINT('',(-26.02904344964,18.655666373756,
    4.708202223591));
#2550 = CARTESIAN_POINT('',(-28.86771345611,14.107163223655,
    4.734902259037));
#2551 = CARTESIAN_POINT('',(-30.29108814157,11.083712558141,
    4.751428022307));
#2552 = CARTESIAN_POINT('',(-31.35037457005,7.899009841591,
    4.767946700871));
#2553 = CARTESIAN_POINT('',(-32.02600163622,4.604508842906,4.78446192816
    ));
#2554 = CARTESIAN_POINT('',(-32.30595130821,1.252989550819,
    4.800979187577));
#2555 = CARTESIAN_POINT('',(-32.18674325417,-2.101463400135,
    4.817501890666));
#2556 = CARTESIAN_POINT('',(-31.67263406032,-5.403683908262,
    4.834030642129));
#2557 = CARTESIAN_POINT('',(-30.11835927819,-10.96840206594,
    4.86280279357));
#2558 = CARTESIAN_POINT('',(-29.24713597806,-13.28194909546,
    4.875065439163));
#2559 = CARTESIAN_POINT('',(-28.17298925226,-15.51546127795,
    4.88732591612));
#2560 = CARTESIAN_POINT('',(-26.90481438295,-17.64824692008,
    4.899584404216));
#2561 = CARTESIAN_POINT('',(-25.45369726109,-19.661031716,4.911842823116
    ));
#2562 = CARTESIAN_POINT('',(-23.83289748195,-21.53598068289,
    4.924103642626));
#2563 = CARTESIAN_POINT('',(-22.05782211678,-23.25671156558,
    4.936367644184));
#2564 = CARTESIAN_POINT('',(-19.06737005567,-25.68519118209,
    4.955554493633));
#2565 = CARTESIAN_POINT('',(-17.94444277337,-26.50803906368,
    4.962480062306));
#2566 = CARTESIAN_POINT('',(-16.78103684179,-27.27470533911,
    4.969406315944));
#2567 = CARTESIAN_POINT('',(-15.58046574822,-27.98285757538,
    4.976332958868));
#2568 = CARTESIAN_POINT('',(-14.34616940344,-28.63041607467,
    4.983259701853));
#2569 = CARTESIAN_POINT('',(-13.08171414169,-29.21555387439,
    4.990186262128));
#2570 = CARTESIAN_POINT('',(-11.79079272069,-29.73669674718,
    4.997112363376));
#2571 = CARTESIAN_POINT('',(-9.157834957807,-30.65036961008,
    5.010993797282));
#2572 = CARTESIAN_POINT('',(-7.815691750401,-31.04229429699,
    5.017948590308));
#2573 = CARTESIAN_POINT('',(-6.454593002653,-31.36698404814,
    5.024902025778));
#2574 = CARTESIAN_POINT('',(-5.07841088148,-31.62339595268,
    5.031854297102));
#2575 = CARTESIAN_POINT('',(-3.691091417486,-31.81075740242,
    5.038805880129));
#2576 = CARTESIAN_POINT('',(-2.296654504965,-31.92856609176,
    5.045757533158));
#2577 = CARTESIAN_POINT('',(-0.899193901898,-31.97659001777,
    5.052710296926));
#2578 = CARTESIAN_POINT('',(3.642334422651,-31.90593733419,
    5.075332119002));
#2579 = CARTESIAN_POINT('',(6.784088539697,-31.50317729532,
    5.091018810519));
#2580 = CARTESIAN_POINT('',(9.872731549865,-30.74655981002,
    5.106689704926));
#2581 = CARTESIAN_POINT('',(12.862145443975,-29.64530280167,
    5.122347092485));
#2582 = CARTESIAN_POINT('',(15.708622488777,-28.2145627335,
    5.138005173052));
#2583 = CARTESIAN_POINT('',(18.37123052336,-26.47588201602,
    5.153670137189));
#2584 = CARTESIAN_POINT('',(20.811677656196,-24.45667834438,
    5.169344172697));
#2585 = CARTESIAN_POINT('',(25.124968838121,-19.98737222461,
    5.200277988314));
#2586 = CARTESIAN_POINT('',(27.013456922646,-17.54659843535,
    5.215558318908));
#2587 = CARTESIAN_POINT('',(28.629059224532,-14.90349186706,
    5.230835369398));
#2588 = CARTESIAN_POINT('',(29.947420996083,-12.09425091849,
    5.246107948693));
#2589 = CARTESIAN_POINT('',(30.949629651874,-9.157348209789,
    5.261378077659));
#2590 = CARTESIAN_POINT('',(31.622609520299,-6.133584074744,
    5.276649963702));
#2591 = CARTESIAN_POINT('',(31.958734122635,-3.065834181576,
    5.291925800936));
#2592 = CARTESIAN_POINT('',(31.958734122635,-2.84217094304E-14,
    5.307191954496));
#2593 = PCURVE('',#112,#2594);
#2594 = DEFINITIONAL_REPRESENTATION('',(#2595),#2668);
#2595 = B_SPLINE_CURVE_WITH_KNOTS('',8,(#2596,#2597,#2598,#2599,#2600,
    #2601,#2602,#2603,#2604,#2605,#2606,#2607,#2608,#2609,#2610,#2611,
    #2612,#2613,#2614,#2615,#2616,#2617,#2618,#2619,#2620,#2621,#2622,
    #2623,#2624,#2625,#2626,#2627,#2628,#2629,#2630,#2631,#2632,#2633,
    #2634,#2635,#2636,#2637,#2638,#2639,#2640,#2641,#2642,#2643,#2644,
    #2645,#2646,#2647,#2648,#2649,#2650,#2651,#2652,#2653,#2654,#2655,
    #2656,#2657,#2658,#2659,#2660,#2661,#2662,#2663,#2664,#2665,#2666,
    #2667),.UNSPECIFIED.,.F.,.F.,(9,7,7,7,7,7,7,7,7,7,9),(0.,
    9.839940144723E-02,0.222663517705,0.329727305227,0.411234030497,
    0.543364836727,0.641465380638,0.696863389057,0.752506888959,
    0.877844205202,1.),.UNSPECIFIED.);
#2596 = CARTESIAN_POINT('',(0.594004772086,38.173590789402));
#2597 = CARTESIAN_POINT('',(0.594004769696,38.251819620052));
#2598 = CARTESIAN_POINT('',(0.594023375796,38.330074078313));
#2599 = CARTESIAN_POINT('',(0.594034639014,38.408321001457));
#2600 = CARTESIAN_POINT('',(0.59403197162,38.486559128448));
#2601 = CARTESIAN_POINT('',(0.594021983317,38.564796281027));
#2602 = CARTESIAN_POINT('',(0.594010146965,38.643041350734));
#2603 = CARTESIAN_POINT('',(0.59400035406,38.72129665883));
#2604 = CARTESIAN_POINT('',(0.593986061817,38.898337878296));
#2605 = CARTESIAN_POINT('',(0.593983629922,38.997203311077));
#2606 = CARTESIAN_POINT('',(0.593989777469,39.0960342106));
#2607 = CARTESIAN_POINT('',(0.594001775257,39.194840393202));
#2608 = CARTESIAN_POINT('',(0.594011637495,39.293646862527));
#2609 = CARTESIAN_POINT('',(0.594017013467,39.392478421599));
#2610 = CARTESIAN_POINT('',(0.594018058467,39.491344437864));
#2611 = CARTESIAN_POINT('',(0.594014802572,39.675274295937));
#2612 = CARTESIAN_POINT('',(0.5940112171,39.760432134291));
#2613 = CARTESIAN_POINT('',(0.594006503078,39.845574644585));
#2614 = CARTESIAN_POINT('',(0.594002280095,39.930704108359));
#2615 = CARTESIAN_POINT('',(0.593999899248,40.015833434296));
#2616 = CARTESIAN_POINT('',(0.593999301691,40.100975622862));
#2617 = CARTESIAN_POINT('',(0.593999841943,40.186133467212));
#2618 = CARTESIAN_POINT('',(0.594001539341,40.336068694661));
#2619 = CARTESIAN_POINT('',(0.594002518443,40.400890266731));
#2620 = CARTESIAN_POINT('',(0.594003433225,40.465708111534));
#2621 = CARTESIAN_POINT('',(0.594003942372,40.53051904138));
#2622 = CARTESIAN_POINT('',(0.594003860675,40.595325961329));
#2623 = CARTESIAN_POINT('',(0.594003246129,40.660133730276));
#2624 = CARTESIAN_POINT('',(0.594002366123,40.724945784428));
#2625 = CARTESIAN_POINT('',(0.59400015459,40.894824284993));
#2626 = CARTESIAN_POINT('',(0.593998880301,40.9999689121));
#2627 = CARTESIAN_POINT('',(0.593999019181,41.105064760767));
#2628 = CARTESIAN_POINT('',(0.594002123682,41.210130879149));
#2629 = CARTESIAN_POINT('',(0.594008815846,41.315200523839));
#2630 = CARTESIAN_POINT('',(0.59401513853,41.42030577096));
#2631 = CARTESIAN_POINT('',(0.594017922709,41.525458773233));
#2632 = CARTESIAN_POINT('',(0.59401572125,41.708520598735));
#2633 = CARTESIAN_POINT('',(0.594012550925,41.786547110062));
#2634 = CARTESIAN_POINT('',(0.594006924593,41.864566260712));
#2635 = CARTESIAN_POINT('',(0.593999430685,41.942577652282));
#2636 = CARTESIAN_POINT('',(0.593991781886,42.02058900955));
#2637 = CARTESIAN_POINT('',(0.59398688354,42.098608431684));
#2638 = CARTESIAN_POINT('',(0.593986392754,42.176636547432));
#2639 = CARTESIAN_POINT('',(0.593991927693,42.298693864585));
#2640 = CARTESIAN_POINT('',(0.593995287981,42.342747361958));
#2641 = CARTESIAN_POINT('',(0.593999819635,42.386802147318));
#2642 = CARTESIAN_POINT('',(0.594005193071,42.43085720326));
#2643 = CARTESIAN_POINT('',(0.594010940469,42.474911915728));
#2644 = CARTESIAN_POINT('',(0.594016455775,42.518966074019));
#2645 = CARTESIAN_POINT('',(0.594020994699,42.563019870781));
#2646 = CARTESIAN_POINT('',(0.594026366611,42.651323154876));
#2647 = CARTESIAN_POINT('',(0.594027659882,42.695568002613));
#2648 = CARTESIAN_POINT('',(0.594026233594,42.739811340696));
#2649 = CARTESIAN_POINT('',(0.59402180971,42.784055128328));
#2650 = CARTESIAN_POINT('',(0.594015153092,42.828300388437));
#2651 = CARTESIAN_POINT('',(0.594008071503,42.872547207682));
#2652 = CARTESIAN_POINT('',(0.594003415604,42.916794736449));
#2653 = CARTESIAN_POINT('',(0.594008825666,43.060706587457));
#2654 = CARTESIAN_POINT('',(0.594036758107,43.160436272003));
#2655 = CARTESIAN_POINT('',(0.594039844686,43.260130567702));
#2656 = CARTESIAN_POINT('',(0.594019781128,43.359799601598));
#2657 = CARTESIAN_POINT('',(0.594001338473,43.45946879652));
#2658 = CARTESIAN_POINT('',(0.593989621455,43.559164159833));
#2659 = CARTESIAN_POINT('',(0.593986364578,43.658895065114));
#2660 = CARTESIAN_POINT('',(0.593990952645,43.855692177094));
#2661 = CARTESIAN_POINT('',(0.593998555363,43.952889766273));
#2662 = CARTESIAN_POINT('',(0.594009189657,44.05005854134));
#2663 = CARTESIAN_POINT('',(0.594017551259,44.147204825795));
#2664 = CARTESIAN_POINT('',(0.594020129713,44.244350677209));
#2665 = CARTESIAN_POINT('',(0.594018482057,44.34151878348));
#2666 = CARTESIAN_POINT('',(0.594014649328,44.438717754968));
#2667 = CARTESIAN_POINT('',(0.59401046018,44.535856050461));
#2668 = ( GEOMETRIC_REPRESENTATION_CONTEXT(2) 
PARAMETRIC_REPRESENTATION_CONTEXT() REPRESENTATION_CONTEXT('2D SPACE',''
  ) );
#2669 = PCURVE('',#2670,#2675);
#2670 = CYLINDRICAL_SURFACE('',#2671,31.958734122635);
#2671 = AXIS2_PLACEMENT_3D('',#2672,#2673,#2674);
#2672 = CARTESIAN_POINT('',(0.,0.,0.));
#2673 = DIRECTION('',(0.,0.,1.));
#2674 = DIRECTION('',(1.,0.,-0.));
#2675 = DEFINITIONAL_REPRESENTATION('',(#2676),#2749);
#2676 = B_SPLINE_CURVE_WITH_KNOTS('',8,(#2677,#2678,#2679,#2680,#2681,
    #2682,#2683,#2684,#2685,#2686,#2687,#2688,#2689,#2690,#2691,#2692,
    #2693,#2694,#2695,#2696,#2697,#2698,#2699,#2700,#2701,#2702,#2703,
    #2704,#2705,#2706,#2707,#2708,#2709,#2710,#2711,#2712,#2713,#2714,
    #2715,#2716,#2717,#2718,#2719,#2720,#2721,#2722,#2723,#2724,#2725,
    #2726,#2727,#2728,#2729,#2730,#2731,#2732,#2733,#2734,#2735,#2736,
    #2737,#2738,#2739,#2740,#2741,#2742,#2743,#2744,#2745,#2746,#2747,
    #2748),.UNSPECIFIED.,.F.,.F.,(9,7,7,7,7,7,7,7,7,7,9),(0.,
    9.839940144723E-02,0.222663517705,0.329727305227,0.411234030497,
    0.543364836727,0.641465380638,0.696863389057,0.752506888959,
    0.877844205202,1.),.UNSPECIFIED.);
#2677 = CARTESIAN_POINT('',(0.,4.307189591035));
#2678 = CARTESIAN_POINT('',(7.725648478476E-02,4.31948534149));
#2679 = CARTESIAN_POINT('',(0.154538680039,4.331792785442));
#2680 = CARTESIAN_POINT('',(0.231813053844,4.34409602028));
#2681 = CARTESIAN_POINT('',(0.309078570867,4.356392134104));
#2682 = CARTESIAN_POINT('',(0.386343123896,4.368685079055));
#2683 = CARTESIAN_POINT('',(0.463615553456,4.380978507124));
#2684 = CARTESIAN_POINT('',(0.540898150968,4.39327438619));
#2685 = CARTESIAN_POINT('',(0.715738830471,4.421095257908));
#2686 = CARTESIAN_POINT('',(0.813375465173,4.43663360112));
#2687 = CARTESIAN_POINT('',(0.910978005305,4.452170050654));
#2688 = CARTESIAN_POINT('',(1.008556034772,4.467705025166));
#2689 = CARTESIAN_POINT('',(1.106134255009,4.483239165042));
#2690 = CARTESIAN_POINT('',(1.203737265628,4.498775400406));
#2691 = CARTESIAN_POINT('',(1.301374365363,4.514315267572));
#2692 = CARTESIAN_POINT('',(1.483018086358,4.543223419174));
#2693 = CARTESIAN_POINT('',(1.567117517231,4.556606772385));
#2694 = CARTESIAN_POINT('',(1.651201869775,4.569987251495));
#2695 = CARTESIAN_POINT('',(1.735273379696,4.58336588227));
#2696 = CARTESIAN_POINT('',(1.819344745892,4.596745250217));
#2697 = CARTESIAN_POINT('',(1.903428760926,4.610127374462));
#2698 = CARTESIAN_POINT('',(1.987528165987,4.623512428133));
#2699 = CARTESIAN_POINT('',(2.135599711941,4.64707945543));
#2700 = CARTESIAN_POINT('',(2.199615519926,4.657268301192));
#2701 = CARTESIAN_POINT('',(2.26362761193,4.667456534618));
#2702 = CARTESIAN_POINT('',(2.32763285054,4.677643514081));
#2703 = CARTESIAN_POINT('',(2.391634122783,4.687829619893));
#2704 = CARTESIAN_POINT('',(2.455636246625,4.69801563965));
#2705 = CARTESIAN_POINT('',(2.519642629873,4.708202223591));
#2706 = CARTESIAN_POINT('',(2.687409481426,4.734902259037));
#2707 = CARTESIAN_POINT('',(2.791247214845,4.751428022307));
#2708 = CARTESIAN_POINT('',(2.895036895938,4.767946700871));
#2709 = CARTESIAN_POINT('',(2.998797318869,4.78446192816));
#2710 = CARTESIAN_POINT('',(3.102561220508,4.800979187577));
#2711 = CARTESIAN_POINT('',(3.206360173976,4.817501890666));
#2712 = CARTESIAN_POINT('',(3.310206187109,4.834030642129));
#2713 = CARTESIAN_POINT('',(3.490992557573,4.86280279357));
#2714 = CARTESIAN_POINT('',(3.568049167436,4.875065439163));
#2715 = CARTESIAN_POINT('',(3.64509849218,4.88732591612));
#2716 = CARTESIAN_POINT('',(3.722140167352,4.899584404216));
#2717 = CARTESIAN_POINT('',(3.799181854903,4.911842823116));
#2718 = CARTESIAN_POINT('',(3.876231554712,4.924103642626));
#2719 = CARTESIAN_POINT('',(3.9532898524,4.936367644184));
#2720 = CARTESIAN_POINT('',(4.073830082733,4.955554493633));
#2721 = CARTESIAN_POINT('',(4.117336022311,4.962480062306));
#2722 = CARTESIAN_POINT('',(4.160843221352,4.969406315944));
#2723 = CARTESIAN_POINT('',(4.204350670696,4.976332958868));
#2724 = CARTESIAN_POINT('',(4.247857763911,4.983259701853));
#2725 = CARTESIAN_POINT('',(4.291364297292,4.990186262128));
#2726 = CARTESIAN_POINT('',(4.33487046986,4.997112363376));
#2727 = CARTESIAN_POINT('',(4.422076091774,5.010993797282));
#2728 = CARTESIAN_POINT('',(4.46577096083,5.017948590308));
#2729 = CARTESIAN_POINT('',(4.509464370554,5.024902025778));
#2730 = CARTESIAN_POINT('',(4.553158264165,5.031854297102));
#2731 = CARTESIAN_POINT('',(4.596853648073,5.038805880129));
#2732 = CARTESIAN_POINT('',(4.640550591882,5.045757533158));
#2733 = CARTESIAN_POINT('',(4.684248228389,5.052710296926));
#2734 = CARTESIAN_POINT('',(4.826371437862,5.075332119002));
#2735 = CARTESIAN_POINT('',(4.924862083955,5.091018810519));
#2736 = CARTESIAN_POINT('',(5.023316884234,5.106689704926));
#2737 = CARTESIAN_POINT('',(5.121746817867,5.122347092485));
#2738 = CARTESIAN_POINT('',(5.22017708382,5.138005173052));
#2739 = CARTESIAN_POINT('',(5.318633309453,5.153670137189));
#2740 = CARTESIAN_POINT('',(5.417124654621,5.169344172697));
#2741 = CARTESIAN_POINT('',(5.611475715842,5.200277988314));
#2742 = CARTESIAN_POINT('',(5.70746518245,5.215558318908));
#2743 = CARTESIAN_POINT('',(5.803426126792,5.230835369398));
#2744 = CARTESIAN_POINT('',(5.899364788092,5.246107948693));
#2745 = CARTESIAN_POINT('',(5.995303051252,5.261378077659));
#2746 = CARTESIAN_POINT('',(6.091263382428,5.276649963702));
#2747 = CARTESIAN_POINT('',(6.187254280318,5.291925800936));
#2748 = CARTESIAN_POINT('',(6.28318530718,5.307191954496));
#2749 = ( GEOMETRIC_REPRESENTATION_CONTEXT(2) 
PARAMETRIC_REPRESENTATION_CONTEXT() REPRESENTATION_CONTEXT('2D SPACE',''
  ) );
#2750 = ORIENTED_EDGE('',*,*,#2751,.T.);
#2751 = EDGE_CURVE('',#2517,#2752,#2754,.T.);
#2752 = VERTEX_POINT('',#2753);
#2753 = CARTESIAN_POINT('',(31.958734122635,-7.827632289617E-15,
    6.307191913692));
#2754 = SURFACE_CURVE('',#2755,(#2835,#2918),.PCURVE_S1.);
#2755 = B_SPLINE_CURVE_WITH_KNOTS('',8,(#2756,#2757,#2758,#2759,#2760,
    #2761,#2762,#2763,#2764,#2765,#2766,#2767,#2768,#2769,#2770,#2771,
    #2772,#2773,#2774,#2775,#2776,#2777,#2778,#2779,#2780,#2781,#2782,
    #2783,#2784,#2785,#2786,#2787,#2788,#2789,#2790,#2791,#2792,#2793,
    #2794,#2795,#2796,#2797,#2798,#2799,#2800,#2801,#2802,#2803,#2804,
    #2805,#2806,#2807,#2808,#2809,#2810,#2811,#2812,#2813,#2814,#2815,
    #2816,#2817,#2818,#2819,#2820,#2821,#2822,#2823,#2824,#2825,#2826,
    #2827,#2828,#2829,#2830,#2831,#2832,#2833,#2834),.UNSPECIFIED.,.F.,
  .F.,(9,7,7,7,7,7,7,7,7,7,7,9),(0.,0.101086255354,0.215069916686,
    0.311900634925,0.407269071553,0.457149667219,0.515690598452,
    0.575100872085,0.637479162558,0.744390202195,0.875591797225,1.),
  .UNSPECIFIED.);
#2756 = CARTESIAN_POINT('',(31.958734122635,-2.84217094304E-14,
    5.307191954496));
#2757 = CARTESIAN_POINT('',(31.958734122635,2.537016572614,
    5.319824889707));
#2758 = CARTESIAN_POINT('',(31.728563951905,5.074846398705,
    5.332461764229));
#2759 = CARTESIAN_POINT('',(31.267965712921,7.587969779948,
    5.345097250158));
#2760 = CARTESIAN_POINT('',(30.580361271467,10.051976425951,
    5.357731719658));
#2761 = CARTESIAN_POINT('',(29.671951641952,12.443366537386,
    5.370366710288));
#2762 = CARTESIAN_POINT('',(28.551709160686,14.739574642194,
    5.383003505783));
#2763 = CARTESIAN_POINT('',(27.231326441604,16.91900027894,
    5.395642202939));
#2764 = CARTESIAN_POINT('',(24.028677596139,21.264235826762,5.422524993)
  );
#2765 = CARTESIAN_POINT('',(22.094977303476,23.394510715654,
    5.436778561893));
#2766 = CARTESIAN_POINT('',(19.946458123056,25.322187171723,
    5.451028241782));
#2767 = CARTESIAN_POINT('',(17.608368431276,27.022559126056,
    5.46527471824));
#2768 = CARTESIAN_POINT('',(15.108502028976,28.474689099346,
    5.479521088102));
#2769 = CARTESIAN_POINT('',(12.477241196921,29.661590551793,
    5.493770689248));
#2770 = CARTESIAN_POINT('',(9.747413400989,30.570128027796,
    5.508024425816));
#2771 = CARTESIAN_POINT('',(4.58316594444,31.721625680777,5.534375734557
    ));
#2772 = CARTESIAN_POINT('',(2.164593543078,32.044509659931,
    5.546482727651));
#2773 = CARTESIAN_POINT('',(-0.278799668668,32.156346969175,
    5.558588642785));
#2774 = CARTESIAN_POINT('',(-2.725478279859,32.05525808338,
    5.570693313417));
#2775 = CARTESIAN_POINT('',(-5.154091169601,31.741825100902,
    5.582797513483));
#2776 = CARTESIAN_POINT('',(-7.543498821029,31.219085774235,
    5.594902005695));
#2777 = CARTESIAN_POINT('',(-9.872799789444,30.492532299562,
    5.607006802164));
#2778 = CARTESIAN_POINT('',(-14.33612851016,28.662956747134,
    5.631026095326));
#2779 = CARTESIAN_POINT('',(-16.47363192888,27.565351901426,
    5.642946396397));
#2780 = CARTESIAN_POINT('',(-18.5141927968,26.285887846308,
    5.654864838323));
#2781 = CARTESIAN_POINT('',(-20.43987522405,24.834810936671,
    5.666782050671));
#2782 = CARTESIAN_POINT('',(-22.23421208297,23.224180407472,
    5.678700111237));
#2783 = CARTESIAN_POINT('',(-23.88221836725,21.467841875018,
    5.690621175372));
#2784 = CARTESIAN_POINT('',(-25.37041184822,19.581411958811,
    5.702545390892));
#2785 = CARTESIAN_POINT('',(-27.37597835661,16.537341758977,
    5.720703968803));
#2786 = CARTESIAN_POINT('',(-28.01793037204,15.461112284562,
    5.726940268133));
#2787 = CARTESIAN_POINT('',(-28.61146833942,14.356502046333,
    5.733176749314));
#2788 = CARTESIAN_POINT('',(-29.15513384189,13.226058445831,
    5.739413210421));
#2789 = CARTESIAN_POINT('',(-29.64763587802,12.072404831557,
    5.745649449651));
#2790 = CARTESIAN_POINT('',(-30.08785086176,10.898240498968,
    5.751885265319));
#2791 = CARTESIAN_POINT('',(-30.47482262249,9.706340690478,
    5.758120455862));
#2792 = CARTESIAN_POINT('',(-31.19850763668,7.083249035872,
    5.771671602402));
#2793 = CARTESIAN_POINT('',(-31.51483829157,5.646418887275,
    5.778987445464));
#2794 = CARTESIAN_POINT('',(-31.75549589917,4.193631824,5.786302049187)
  );
#2795 = CARTESIAN_POINT('',(-31.9195669637,2.729518013757,5.793615272232
    ));
#2796 = CARTESIAN_POINT('',(-32.00646952552,1.258770128217,
    5.800928646513));
#2797 = CARTESIAN_POINT('',(-32.01595866457,-0.213857915283,
    5.808244775829));
#2798 = CARTESIAN_POINT('',(-31.94815094602,-1.68355148093,
    5.815564618372));
#2799 = CARTESIAN_POINT('',(-31.65683758666,-4.629027749527,
    5.830309361859));
#2800 = CARTESIAN_POINT('',(-31.43098623807,-6.105064815076,
    5.83773749921));
#2801 = CARTESIAN_POINT('',(-31.12647998392,-7.568341133476,
    5.84516454608));
#2802 = CARTESIAN_POINT('',(-30.744215252,-9.013857841863,5.852589624115
    ));
#2803 = CARTESIAN_POINT('',(-30.28545168587,-10.43680771756,
    5.860012894603));
#2804 = CARTESIAN_POINT('',(-29.7517639371,-11.83256462343,
    5.867435105435));
#2805 = CARTESIAN_POINT('',(-29.14501223987,-13.19667696908,
    5.874857286108));
#2806 = CARTESIAN_POINT('',(-27.75579575344,-15.9194069982,
    5.890074748716));
#2807 = CARTESIAN_POINT('',(-26.96615980306,-17.27416321313,
    5.897869120292));
#2808 = CARTESIAN_POINT('',(-26.10104791954,-18.58396687567,
    5.905663770851));
#2809 = CARTESIAN_POINT('',(-25.16347126245,-19.84392655404,
    5.913458978969));
#2810 = CARTESIAN_POINT('',(-24.15680179681,-21.04940761169,5.9212549871
    ));
#2811 = CARTESIAN_POINT('',(-23.08476726223,-22.19603141901,
    5.929051786785));
#2812 = CARTESIAN_POINT('',(-21.95146746254,-23.27969250704,
    5.936848938439));
#2813 = CARTESIAN_POINT('',(-18.72175867278,-26.03947502443,
    5.958007936163));
#2814 = CARTESIAN_POINT('',(-16.5140175159,-27.58741795889,
    5.971377442058));
#2815 = CARTESIAN_POINT('',(-14.16104723324,-28.92038248792,
    5.984745196362));
#2816 = CARTESIAN_POINT('',(-11.68763553849,-30.02288451237,
    5.998109872566));
#2817 = CARTESIAN_POINT('',(-9.119888664823,-30.88283090487,
    6.011472575592));
#2818 = CARTESIAN_POINT('',(-6.485193460667,-31.49156578904,
    6.024835585742));
#2819 = CARTESIAN_POINT('',(-3.812120843047,-31.84378965375,
    6.038200078641));
#2820 = CARTESIAN_POINT('',(2.159736291436,-32.05522418657,6.06795541121
    ));
#2821 = CARTESIAN_POINT('',(5.466602758078,-31.78437597911,
    6.084363390624));
#2822 = CARTESIAN_POINT('',(8.732505185594,-31.12307678968,
    6.100764559227));
#2823 = CARTESIAN_POINT('',(11.904089952226,-30.0798173232,
    6.117162182477));
#2824 = CARTESIAN_POINT('',(14.930653599638,-28.67015313403,
    6.133560912597));
#2825 = CARTESIAN_POINT('',(17.76459020627,-26.91744845892,
    6.149964541988));
#2826 = CARTESIAN_POINT('',(20.361214873045,-24.85202140489,
    6.166374999703));
#2827 = CARTESIAN_POINT('',(24.880478802791,-20.29951196642,
    6.198320600816));
#2828 = CARTESIAN_POINT('',(26.834100640478,-17.83673093784,
    6.213878574455));
#2829 = CARTESIAN_POINT('',(28.506998128192,-15.16083261331,
    6.229430638051));
#2830 = CARTESIAN_POINT('',(29.873138491039,-12.30974470037,
    6.244978766303));
#2831 = CARTESIAN_POINT('',(30.912212637001,-9.323889879484,
    6.260527737761));
#2832 = CARTESIAN_POINT('',(31.610157221076,-6.246248023001,
    6.276081898849));
#2833 = CARTESIAN_POINT('',(31.958734122635,-3.122108066335,
    6.291642032795));
#2834 = CARTESIAN_POINT('',(31.958734122635,4.973799150321E-14,
    6.307191913692));
#2835 = PCURVE('',#112,#2836);
#2836 = DEFINITIONAL_REPRESENTATION('',(#2837),#2917);
#2837 = B_SPLINE_CURVE_WITH_KNOTS('',8,(#2838,#2839,#2840,#2841,#2842,
    #2843,#2844,#2845,#2846,#2847,#2848,#2849,#2850,#2851,#2852,#2853,
    #2854,#2855,#2856,#2857,#2858,#2859,#2860,#2861,#2862,#2863,#2864,
    #2865,#2866,#2867,#2868,#2869,#2870,#2871,#2872,#2873,#2874,#2875,
    #2876,#2877,#2878,#2879,#2880,#2881,#2882,#2883,#2884,#2885,#2886,
    #2887,#2888,#2889,#2890,#2891,#2892,#2893,#2894,#2895,#2896,#2897,
    #2898,#2899,#2900,#2901,#2902,#2903,#2904,#2905,#2906,#2907,#2908,
    #2909,#2910,#2911,#2912,#2913,#2914,#2915,#2916),.UNSPECIFIED.,.F.,
  .F.,(9,7,7,7,7,7,7,7,7,7,7,9),(0.,0.101086255354,0.215069916686,
    0.311900634925,0.407269071553,0.457149667219,0.515690598452,
    0.575100872085,0.637479162558,0.744390202195,0.875591797225,1.),
  .UNSPECIFIED.);
#2838 = CARTESIAN_POINT('',(0.59401046018,44.535856050461));
#2839 = CARTESIAN_POINT('',(0.594006993608,44.616239218926));
#2840 = CARTESIAN_POINT('',(0.594003276818,44.696648106111));
#2841 = CARTESIAN_POINT('',(0.594000318189,44.777046171693));
#2842 = CARTESIAN_POINT('',(0.593998950727,44.857433600323));
#2843 = CARTESIAN_POINT('',(0.593999206562,44.937820090151));
#2844 = CARTESIAN_POINT('',(0.594000328868,45.01821579214));
#2845 = CARTESIAN_POINT('',(0.594001583022,45.098623247448));
#2846 = CARTESIAN_POINT('',(0.594003549129,45.269653532482));
#2847 = CARTESIAN_POINT('',(0.594004171933,45.360336884589));
#2848 = CARTESIAN_POINT('',(0.594003722653,45.450998303564));
#2849 = CARTESIAN_POINT('',(0.594001982222,45.541642725336));
#2850 = CARTESIAN_POINT('',(0.593999846657,45.632287504496));
#2851 = CARTESIAN_POINT('',(0.593998909705,45.722949700587));
#2852 = CARTESIAN_POINT('',(0.593999753185,45.813633541139));
#2853 = CARTESIAN_POINT('',(0.594004012876,45.981276390028));
#2854 = CARTESIAN_POINT('',(0.594007023638,46.058296399373));
#2855 = CARTESIAN_POINT('',(0.594010888331,46.135307312446));
#2856 = CARTESIAN_POINT('',(0.594014925969,46.21230985441));
#2857 = CARTESIAN_POINT('',(0.594017927263,46.289312118585));
#2858 = CARTESIAN_POINT('',(0.594018646645,46.366322221952));
#2859 = CARTESIAN_POINT('',(0.594016800349,46.443340985259));
#2860 = CARTESIAN_POINT('',(0.594009240413,46.596177909866));
#2861 = CARTESIAN_POINT('',(0.594003584183,46.672032849694));
#2862 = CARTESIAN_POINT('',(0.593996597378,46.747879448345));
#2863 = CARTESIAN_POINT('',(0.593989706017,46.823717973956));
#2864 = CARTESIAN_POINT('',(0.593985135461,46.899555813738));
#2865 = CARTESIAN_POINT('',(0.593985201757,46.975400610666));
#2866 = CARTESIAN_POINT('',(0.59398988464,47.051253358291));
#2867 = CARTESIAN_POINT('',(0.594001106569,47.166753634708));
#2868 = CARTESIAN_POINT('',(0.594005798563,47.206418327614));
#2869 = CARTESIAN_POINT('',(0.594010867317,47.246083190079));
#2870 = CARTESIAN_POINT('',(0.594015852836,47.285748142971));
#2871 = CARTESIAN_POINT('',(0.594020296598,47.32541310407));
#2872 = CARTESIAN_POINT('',(0.594023741549,47.365077988064));
#2873 = CARTESIAN_POINT('',(0.594025732105,47.404742706554));
#2874 = CARTESIAN_POINT('',(0.594025910448,47.490958226272));
#2875 = CARTESIAN_POINT('',(0.594023806798,47.537509072779));
#2876 = CARTESIAN_POINT('',(0.594018899751,47.584059381488));
#2877 = CARTESIAN_POINT('',(0.594010502968,47.630610051933));
#2878 = CARTESIAN_POINT('',(0.594002011404,47.677161932983));
#2879 = CARTESIAN_POINT('',(0.593999864766,47.723714713382));
#2880 = CARTESIAN_POINT('',(0.594007310243,47.7702659791));
#2881 = CARTESIAN_POINT('',(0.594018702743,47.864046088762));
#2882 = CARTESIAN_POINT('',(0.594024664658,47.911290242914));
#2883 = CARTESIAN_POINT('',(0.59402810606,47.958534064948));
#2884 = CARTESIAN_POINT('',(0.594028289921,48.005773898162));
#2885 = CARTESIAN_POINT('',(0.594025632625,48.053009677446));
#2886 = CARTESIAN_POINT('',(0.594021055276,48.10024374703));
#2887 = CARTESIAN_POINT('',(0.594015540061,48.14748008272));
#2888 = CARTESIAN_POINT('',(0.594003961116,48.244327960801));
#2889 = CARTESIAN_POINT('',(0.593997882164,48.293933751142));
#2890 = CARTESIAN_POINT('',(0.593992625216,48.343539162125));
#2891 = CARTESIAN_POINT('',(0.593988912262,48.393144073916));
#2892 = CARTESIAN_POINT('',(0.593987078157,48.442749151471));
#2893 = CARTESIAN_POINT('',(0.593987056858,48.492354514068));
#2894 = CARTESIAN_POINT('',(0.593988492634,48.541958297253));
#2895 = CARTESIAN_POINT('',(0.593995232956,48.676559785515));
#2896 = CARTESIAN_POINT('',(0.594002559304,48.761600925651));
#2897 = CARTESIAN_POINT('',(0.594010828166,48.84662845154));
#2898 = CARTESIAN_POINT('',(0.594016952044,48.931642015364));
#2899 = CARTESIAN_POINT('',(0.59401921491,49.016653144318));
#2900 = CARTESIAN_POINT('',(0.594018296999,49.101674563534));
#2901 = CARTESIAN_POINT('',(0.594015466468,49.186710429017));
#2902 = CARTESIAN_POINT('',(0.594007688086,49.376042129646));
#2903 = CARTESIAN_POINT('',(0.594002402038,49.480447898733));
#2904 = CARTESIAN_POINT('',(0.593998371546,49.58480704505));
#2905 = CARTESIAN_POINT('',(0.593997856319,49.689134422015));
#2906 = CARTESIAN_POINT('',(0.594000150436,49.79346147839));
#2907 = CARTESIAN_POINT('',(0.594002400125,49.897819821662));
#2908 = CARTESIAN_POINT('',(0.594003508167,50.002224600592));
#2909 = CARTESIAN_POINT('',(0.594003439277,50.205471165211));
#2910 = CARTESIAN_POINT('',(0.594002378892,50.304457897489));
#2911 = CARTESIAN_POINT('',(0.594000332566,50.403409612491));
#2912 = CARTESIAN_POINT('',(0.59399825875,50.502336361822));
#2913 = CARTESIAN_POINT('',(0.593998393438,50.601262687776));
#2914 = CARTESIAN_POINT('',(0.594001550145,50.700214111349));
#2915 = CARTESIAN_POINT('',(0.594006193972,50.799199638359));
#2916 = CARTESIAN_POINT('',(0.59401045994,50.898120923049));
#2917 = ( GEOMETRIC_REPRESENTATION_CONTEXT(2) 
PARAMETRIC_REPRESENTATION_CONTEXT() REPRESENTATION_CONTEXT('2D SPACE',''
  ) );
#2918 = PCURVE('',#2919,#2924);
#2919 = CYLINDRICAL_SURFACE('',#2920,31.958734122635);
#2920 = AXIS2_PLACEMENT_3D('',#2921,#2922,#2923);
#2921 = CARTESIAN_POINT('',(0.,0.,0.));
#2922 = DIRECTION('',(0.,0.,1.));
#2923 = DIRECTION('',(1.,0.,-0.));
#2924 = DEFINITIONAL_REPRESENTATION('',(#2925),#3005);
#2925 = B_SPLINE_CURVE_WITH_KNOTS('',8,(#2926,#2927,#2928,#2929,#2930,
    #2931,#2932,#2933,#2934,#2935,#2936,#2937,#2938,#2939,#2940,#2941,
    #2942,#2943,#2944,#2945,#2946,#2947,#2948,#2949,#2950,#2951,#2952,
    #2953,#2954,#2955,#2956,#2957,#2958,#2959,#2960,#2961,#2962,#2963,
    #2964,#2965,#2966,#2967,#2968,#2969,#2970,#2971,#2972,#2973,#2974,
    #2975,#2976,#2977,#2978,#2979,#2980,#2981,#2982,#2983,#2984,#2985,
    #2986,#2987,#2988,#2989,#2990,#2991,#2992,#2993,#2994,#2995,#2996,
    #2997,#2998,#2999,#3000,#3001,#3002,#3003,#3004),.UNSPECIFIED.,.F.,
  .F.,(9,7,7,7,7,7,7,7,7,7,7,9),(0.,0.101086255354,0.215069916686,
    0.311900634925,0.407269071553,0.457149667219,0.515690598452,
    0.575100872085,0.637479162558,0.744390202195,0.875591797225,1.),
  .UNSPECIFIED.);
#2926 = CARTESIAN_POINT('',(0.,5.307191954496));
#2927 = CARTESIAN_POINT('',(7.938413839793E-02,5.319824889707));
#2928 = CARTESIAN_POINT('',(0.158793710673,5.332461764229));
#2929 = CARTESIAN_POINT('',(0.238192611043,5.345097250158));
#2930 = CARTESIAN_POINT('',(0.317580987716,5.357731719658));
#2931 = CARTESIAN_POINT('',(0.396968379828,5.370366710288));
#2932 = CARTESIAN_POINT('',(0.476364797378,5.383003505783));
#2933 = CARTESIAN_POINT('',(0.555772759742,5.395642202939));
#2934 = CARTESIAN_POINT('',(0.724676993693,5.422524993));
#2935 = CARTESIAN_POINT('',(0.814233024518,5.436778561893));
#2936 = CARTESIAN_POINT('',(0.903767376931,5.451028241782));
#2937 = CARTESIAN_POINT('',(0.993284978521,5.46527471824));
#2938 = CARTESIAN_POINT('',(1.082803024269,5.479521088102));
#2939 = CARTESIAN_POINT('',(1.17233836879,5.493770689248));
#2940 = CARTESIAN_POINT('',(1.261895155507,5.508024425816));
#2941 = CARTESIAN_POINT('',(1.427454523286,5.534375734557));
#2942 = CARTESIAN_POINT('',(1.503517339846,5.546482727651));
#2943 = CARTESIAN_POINT('',(1.579571167571,5.558588642785));
#2944 = CARTESIAN_POINT('',(1.655616693312,5.570693313417));
#2945 = CARTESIAN_POINT('',(1.731661886857,5.582797513483));
#2946 = CARTESIAN_POINT('',(1.807714768035,5.594902005695));
#2947 = CARTESIAN_POINT('',(1.883776169706,5.607006802164));
#2948 = CARTESIAN_POINT('',(2.034713277735,5.631026095326));
#2949 = CARTESIAN_POINT('',(2.109625305685,5.642946396397));
#2950 = CARTESIAN_POINT('',(2.184529110242,5.654864838323));
#2951 = CARTESIAN_POINT('',(2.259424978627,5.666782050671));
#2952 = CARTESIAN_POINT('',(2.334320218183,5.678700111237));
#2953 = CARTESIAN_POINT('',(2.409222346902,5.690621175372));
#2954 = CARTESIAN_POINT('',(2.484132303488,5.702545390892));
#2955 = CARTESIAN_POINT('',(2.59819694313,5.720703968803));
#2956 = CARTESIAN_POINT('',(2.637368604294,5.726940268133));
#2957 = CARTESIAN_POINT('',(2.676540420186,5.733176749314));
#2958 = CARTESIAN_POINT('',(2.71571231347,5.739413210421));
#2959 = CARTESIAN_POINT('',(2.754884206813,5.745649449651));
#2960 = CARTESIAN_POINT('',(2.794056022887,5.751885265319));
#2961 = CARTESIAN_POINT('',(2.833227684366,5.758120455862));
#2962 = CARTESIAN_POINT('',(2.91837153935,5.771671602402));
#2963 = CARTESIAN_POINT('',(2.96434372065,5.778987445464));
#2964 = CARTESIAN_POINT('',(3.010315583286,5.786302049187));
#2965 = CARTESIAN_POINT('',(3.056287814673,5.793615272232));
#2966 = CARTESIAN_POINT('',(3.102261103331,5.800928646513));
#2967 = CARTESIAN_POINT('',(3.148235227237,5.808244775829));
#2968 = CARTESIAN_POINT('',(3.194207991352,5.815564618372));
#2969 = CARTESIAN_POINT('',(3.286822640325,5.830309361859));
#2970 = CARTESIAN_POINT('',(3.333479647373,5.83773749921));
#2971 = CARTESIAN_POINT('',(3.38013626463,5.84516454608));
#2972 = CARTESIAN_POINT('',(3.426788891433,5.852589624115));
#2973 = CARTESIAN_POINT('',(3.473437491051,5.860012894603));
#2974 = CARTESIAN_POINT('',(3.520084400252,5.867435105435));
#2975 = CARTESIAN_POINT('',(3.566733554734,5.874857286108));
#2976 = CARTESIAN_POINT('',(3.662377574037,5.890074748716));
#2977 = CARTESIAN_POINT('',(3.711366759212,5.897869120292));
#2978 = CARTESIAN_POINT('',(3.760355591437,5.905663770851));
#2979 = CARTESIAN_POINT('',(3.809343948595,5.913458978969));
#2980 = CARTESIAN_POINT('',(3.85833247863,5.9212549871));
#2981 = CARTESIAN_POINT('',(3.907321289833,5.929051786785));
#2982 = CARTESIAN_POINT('',(3.956308533742,5.936848938439));
#2983 = CARTESIAN_POINT('',(4.08923699419,5.958007936163));
#2984 = CARTESIAN_POINT('',(4.173221085495,5.971377442058));
#2985 = CARTESIAN_POINT('',(4.257191684904,5.984745196362));
#2986 = CARTESIAN_POINT('',(4.341148462079,5.998109872566));
#2987 = CARTESIAN_POINT('',(4.425102858306,6.011472575592));
#2988 = CARTESIAN_POINT('',(4.509067477287,6.024835585742));
#2989 = CARTESIAN_POINT('',(4.593046426315,6.038200078641));
#2990 = CARTESIAN_POINT('',(4.780025011751,6.06795541121));
#2991 = CARTESIAN_POINT('',(4.883133238793,6.084363390624));
#2992 = CARTESIAN_POINT('',(4.986195457666,6.100764559227));
#2993 = CARTESIAN_POINT('',(5.089226257109,6.117162182477));
#2994 = CARTESIAN_POINT('',(5.192256592674,6.133560912597));
#2995 = CARTESIAN_POINT('',(5.295317692243,6.149964541988));
#2996 = CARTESIAN_POINT('',(5.398424584948,6.166374999703));
#2997 = CARTESIAN_POINT('',(5.599144535765,6.198320600816));
#2998 = CARTESIAN_POINT('',(5.696900738431,6.213878574455));
#2999 = CARTESIAN_POINT('',(5.794622417962,6.229430638051));
#3000 = CARTESIAN_POINT('',(5.892319557712,6.244978766303));
#3001 = CARTESIAN_POINT('',(5.990016408046,6.260527737761));
#3002 = CARTESIAN_POINT('',(6.087738097673,6.276081898849));
#3003 = CARTESIAN_POINT('',(6.185493450726,6.291642032795));
#3004 = CARTESIAN_POINT('',(6.28318530718,6.307191913692));
#3005 = ( GEOMETRIC_REPRESENTATION_CONTEXT(2) 
PARAMETRIC_REPRESENTATION_CONTEXT() REPRESENTATION_CONTEXT('2D SPACE',''
  ) );
#3006 = ORIENTED_EDGE('',*,*,#3007,.T.);
#3007 = EDGE_CURVE('',#2752,#22,#3008,.T.);
#3008 = SURFACE_CURVE('',#3009,(#3096,#3186),.PCURVE_S1.);
#3009 = B_SPLINE_CURVE_WITH_KNOTS('',8,(#3010,#3011,#3012,#3013,#3014,
    #3015,#3016,#3017,#3018,#3019,#3020,#3021,#3022,#3023,#3024,#3025,
    #3026,#3027,#3028,#3029,#3030,#3031,#3032,#3033,#3034,#3035,#3036,
    #3037,#3038,#3039,#3040,#3041,#3042,#3043,#3044,#3045,#3046,#3047,
    #3048,#3049,#3050,#3051,#3052,#3053,#3054,#3055,#3056,#3057,#3058,
    #3059,#3060,#3061,#3062,#3063,#3064,#3065,#3066,#3067,#3068,#3069,
    #3070,#3071,#3072,#3073,#3074,#3075,#3076,#3077,#3078,#3079,#3080,
    #3081,#3082,#3083,#3084,#3085,#3086,#3087,#3088,#3089,#3090,#3091,
    #3092,#3093,#3094,#3095),.UNSPECIFIED.,.F.,.F.,(9,7,7,7,7,7,7,7,7,7,
    7,7,9),(0.,0.110810751986,0.213082058273,0.244449010835,
    0.312747165169,0.401011303515,0.478133000735,0.565629865392,
    0.629741583488,0.715286958852,0.796077983931,0.891698058132,1.),
  .UNSPECIFIED.);
#3010 = CARTESIAN_POINT('',(31.958734122635,4.973799150321E-14,
    6.307191913692));
#3011 = CARTESIAN_POINT('',(31.958734122635,2.781073902565,
    6.321043249722));
#3012 = CARTESIAN_POINT('',(31.682149797633,5.56331167756,6.334900261923
    ));
#3013 = CARTESIAN_POINT('',(31.128576946544,8.312878636017,
    6.348753753788));
#3014 = CARTESIAN_POINT('',(30.303043759138,10.997688629649,
    6.362603531647));
#3015 = CARTESIAN_POINT('',(29.214461549197,13.587021769257,
    6.376451488119));
#3016 = CARTESIAN_POINT('',(27.875706727199,16.051605510935,
    6.390300635137));
#3017 = CARTESIAN_POINT('',(26.30346666881,18.36363836611,6.404153063903
    ));
#3018 = CARTESIAN_POINT('',(22.873405609123,22.466790427307,
    6.430782442765));
#3019 = CARTESIAN_POINT('',(21.045960687531,24.285481540624,
    6.443567522493));
#3020 = CARTESIAN_POINT('',(19.054048027133,25.933263334778,
    6.456352459042));
#3021 = CARTESIAN_POINT('',(16.916525054818,27.393131932663,
    6.469138377072));
#3022 = CARTESIAN_POINT('',(14.653905224135,28.650584319456,
    6.481926784804));
#3023 = CARTESIAN_POINT('',(12.288350361602,29.693693131637,
    6.49471690555));
#3024 = CARTESIAN_POINT('',(9.843654486752,30.513128223549,
    6.507505461186));
#3025 = CARTESIAN_POINT('',(6.579562756275,31.284017304988,
    6.524206311651));
#3026 = CARTESIAN_POINT('',(5.808344475776,31.443389955974,
    6.528125930402));
#3027 = CARTESIAN_POINT('',(5.032728097655,31.581029443696,
    6.532045323357));
#3028 = CARTESIAN_POINT('',(4.253415361919,31.696796798289,
    6.535964595292));
#3029 = CARTESIAN_POINT('',(3.471122044167,31.79058038297,6.53988385411)
  );
#3030 = CARTESIAN_POINT('',(2.686577955587,31.862295894034,
    6.543803210844));
#3031 = CARTESIAN_POINT('',(1.900526942957,31.911886360855,
    6.547722779654));
#3032 = CARTESIAN_POINT('',(-0.599445324447,31.999060607145,
    6.560177833093));
#3033 = CARTESIAN_POINT('',(-2.316348779338,31.953782364451,
    6.568716644258));
#3034 = CARTESIAN_POINT('',(-4.029372545162,31.803207424611,
    6.577258066317));
#3035 = CARTESIAN_POINT('',(-5.730995852001,31.547737373271,
    6.58579884638));
#3036 = CARTESIAN_POINT('',(-7.413780589424,31.188398869488,
    6.594337137079));
#3037 = CARTESIAN_POINT('',(-9.070373532122,30.726833434286,
    6.602873530333));
#3038 = CARTESIAN_POINT('',(-10.69351829264,30.165333533227,
    6.611409511469));
#3039 = CARTESIAN_POINT('',(-14.32127400781,28.656040085263,
    6.630971896234));
#3040 = CARTESIAN_POINT('',(-16.29944590786,27.642988816416,
    6.64200139889));
#3041 = CARTESIAN_POINT('',(-18.19504500855,26.474122089139,
    6.653030126157));
#3042 = CARTESIAN_POINT('',(-19.99380189894,25.157465014518,
    6.664059324922));
#3043 = CARTESIAN_POINT('',(-21.68255226833,23.70243034386,6.67509023024
    ));
#3044 = CARTESIAN_POINT('',(-23.24917504007,22.119721557517,
    6.686123361655));
#3045 = CARTESIAN_POINT('',(-24.68266246308,20.421403823987,
    6.697158260342));
#3046 = CARTESIAN_POINT('',(-27.10108800277,17.048105551224,
    6.717832538405));
#3047 = CARTESIAN_POINT('',(-28.12003823924,15.396921103638,
    6.727474199511));
#3048 = CARTESIAN_POINT('',(-29.02373661901,13.67651870611,
    6.737115420323));
#3049 = CARTESIAN_POINT('',(-29.80677956242,11.896314943844,
    6.746755852456));
#3050 = CARTESIAN_POINT('',(-30.46469782105,10.06614132923,
    6.756395760816));
#3051 = CARTESIAN_POINT('',(-30.99393067336,8.196227393244,
    6.766035465081));
#3052 = CARTESIAN_POINT('',(-31.39189329815,6.297217560049,
    6.775674661241));
#3053 = CARTESIAN_POINT('',(-31.95806458256,2.205332970782,
    6.796245043875));
#3054 = CARTESIAN_POINT('',(-32.08829110317,6.358123926643E-03,
    6.807180247995));
#3055 = CARTESIAN_POINT('',(-32.04545112944,-2.200491613221,
    6.818114675527));
#3056 = CARTESIAN_POINT('',(-31.82920796439,-4.399261963181,
    6.829048275687));
#3057 = CARTESIAN_POINT('',(-31.44093081157,-6.574235615956,
    6.839982154757));
#3058 = CARTESIAN_POINT('',(-30.88357703007,-8.709936024614,
    6.850917333755));
#3059 = CARTESIAN_POINT('',(-30.16177980493,-10.79115487403,
    6.861853615971));
#3060 = CARTESIAN_POINT('',(-28.63760225037,-14.27714809298,
    6.88080094666));
#3061 = CARTESIAN_POINT('',(-27.90818255195,-15.71436134533,
    6.888814293304));
#3062 = CARTESIAN_POINT('',(-27.09639380573,-17.10881575959,
    6.89682791358));
#3063 = CARTESIAN_POINT('',(-26.2052030837,-18.45499530538,
    6.904841588256));
#3064 = CARTESIAN_POINT('',(-25.2379896043,-19.74767002945,
    6.912855351012));
#3065 = CARTESIAN_POINT('',(-24.19852981357,-20.98188903783,
    6.920869255744));
#3066 = CARTESIAN_POINT('',(-23.09101080539,-22.15299157306,
    6.928883129776));
#3067 = CARTESIAN_POINT('',(-20.35766826861,-24.72924830026,
    6.947588441993));
#3068 = CARTESIAN_POINT('',(-18.68183950336,-26.08224053571,
    6.958282815649));
#3069 = CARTESIAN_POINT('',(-16.90364939659,-27.30500808604,
    6.968976778918));
#3070 = CARTESIAN_POINT('',(-15.03505634285,-28.38859187377,
    6.979669994108));
#3071 = CARTESIAN_POINT('',(-13.0887557853,-29.32543573424,
    6.990363319754));
#3072 = CARTESIAN_POINT('',(-11.07811472925,-30.1093022225,
    7.001057696631));
#3073 = CARTESIAN_POINT('',(-9.017198503473,-30.73534704354,
    7.011753040864));
#3074 = CARTESIAN_POINT('',(-4.941087462118,-31.639513609,7.032546901881
    ));
#3075 = CARTESIAN_POINT('',(-2.929237123037,-31.93514498086,
    7.042647960666));
#3076 = CARTESIAN_POINT('',(-0.897785948187,-32.08443476015,
    7.052748779914));
#3077 = CARTESIAN_POINT('',(1.140836631265,-32.08599071109,
    7.062849148795));
#3078 = CARTESIAN_POINT('',(3.174218743886,-31.93965659968,
    7.072949462308));
#3079 = CARTESIAN_POINT('',(5.189973239529,-31.64645756065,
    7.083050017084));
#3080 = CARTESIAN_POINT('',(7.175752217636,-31.20867405498,
    7.093150326918));
#3081 = CARTESIAN_POINT('',(11.419514665288,-29.94520833896,
    7.115200083164));
#3082 = CARTESIAN_POINT('',(13.661572518813,-29.06277616882,
    7.12715388658));
#3083 = CARTESIAN_POINT('',(15.824805833125,-27.98869977082,
    7.13910559214));
#3084 = CARTESIAN_POINT('',(17.890200619384,-26.73145817338,
    7.151055560599));
#3085 = CARTESIAN_POINT('',(19.84002099455,-25.30149674187,
    7.163005632714));
#3086 = CARTESIAN_POINT('',(21.657825294475,-23.71122652018,
    7.174957979939));
#3087 = CARTESIAN_POINT('',(23.328493392308,-21.97502729545,
    7.186913091911));
#3088 = CARTESIAN_POINT('',(26.54907265531,-17.99711883756,
    7.212404840387));
#3089 = CARTESIAN_POINT('',(28.054897904768,-15.71727803945,
    7.225951354554));
#3090 = CARTESIAN_POINT('',(29.335895150624,-13.2945730297,
    7.239497400852));
#3091 = CARTESIAN_POINT('',(30.37672623511,-10.7552139477,7.253041518481
    ));
#3092 = CARTESIAN_POINT('',(31.16562514598,-8.126697860481,
    7.266582911686));
#3093 = CARTESIAN_POINT('',(31.694478185514,-5.437777541541,
    7.280118759316));
#3094 = CARTESIAN_POINT('',(31.958734122635,-2.718385865753,
    7.293651992473));
#3095 = CARTESIAN_POINT('',(31.958734122635,-5.684341886081E-14,
    7.307189591035));
#3096 = PCURVE('',#112,#3097);
#3097 = DEFINITIONAL_REPRESENTATION('',(#3098),#3185);
#3098 = B_SPLINE_CURVE_WITH_KNOTS('',8,(#3099,#3100,#3101,#3102,#3103,
    #3104,#3105,#3106,#3107,#3108,#3109,#3110,#3111,#3112,#3113,#3114,
    #3115,#3116,#3117,#3118,#3119,#3120,#3121,#3122,#3123,#3124,#3125,
    #3126,#3127,#3128,#3129,#3130,#3131,#3132,#3133,#3134,#3135,#3136,
    #3137,#3138,#3139,#3140,#3141,#3142,#3143,#3144,#3145,#3146,#3147,
    #3148,#3149,#3150,#3151,#3152,#3153,#3154,#3155,#3156,#3157,#3158,
    #3159,#3160,#3161,#3162,#3163,#3164,#3165,#3166,#3167,#3168,#3169,
    #3170,#3171,#3172,#3173,#3174,#3175,#3176,#3177,#3178,#3179,#3180,
    #3181,#3182,#3183,#3184),.UNSPECIFIED.,.F.,.F.,(9,7,7,7,7,7,7,7,7,7,
    7,7,9),(0.,0.110810751986,0.213082058273,0.244449010835,
    0.312747165169,0.401011303515,0.478133000735,0.565629865392,
    0.629741583488,0.715286958852,0.796077983931,0.891698058132,1.),
  .UNSPECIFIED.);
#3099 = CARTESIAN_POINT('',(0.59401045994,50.898120923049));
#3100 = CARTESIAN_POINT('',(0.594014259928,50.986236836212));
#3101 = CARTESIAN_POINT('',(0.594017763816,51.074389638707));
#3102 = CARTESIAN_POINT('',(0.594019622376,51.162524355995));
#3103 = CARTESIAN_POINT('',(0.594018285584,51.250643818242));
#3104 = CARTESIAN_POINT('',(0.594012599903,51.338763089999));
#3105 = CARTESIAN_POINT('',(0.594004137336,51.42689721404));
#3106 = CARTESIAN_POINT('',(0.593996305835,51.515050563528));
#3107 = CARTESIAN_POINT('',(0.593987153845,51.68449771786));
#3108 = CARTESIAN_POINT('',(0.593985373468,51.765844450865));
#3109 = CARTESIAN_POINT('',(0.593988172984,51.847178269856));
#3110 = CARTESIAN_POINT('',(0.593996743907,51.928503207456));
#3111 = CARTESIAN_POINT('',(0.594010419235,52.009830607478));
#3112 = CARTESIAN_POINT('',(0.594023440461,52.091170620429));
#3113 = CARTESIAN_POINT('',(0.594028080284,52.172522641888));
#3114 = CARTESIAN_POINT('',(0.594024293841,52.278787804057));
#3115 = CARTESIAN_POINT('',(0.594022722185,52.303729576794));
#3116 = CARTESIAN_POINT('',(0.594020435354,52.328671787305));
#3117 = CARTESIAN_POINT('',(0.594017530202,52.353614848361));
#3118 = CARTESIAN_POINT('',(0.594014232698,52.378558854251));
#3119 = CARTESIAN_POINT('',(0.594010897924,52.403503580783));
#3120 = CARTESIAN_POINT('',(0.594008010075,52.428448485284));
#3121 = CARTESIAN_POINT('',(0.594002203022,52.507706056739));
#3122 = CARTESIAN_POINT('',(0.594006222905,52.562021701885));
#3123 = CARTESIAN_POINT('',(0.594017012787,52.616336215278));
#3124 = CARTESIAN_POINT('',(0.594026493286,52.670650075781));
#3125 = CARTESIAN_POINT('',(0.594029502488,52.724965058397));
#3126 = CARTESIAN_POINT('',(0.59402719684,52.779281898236));
#3127 = CARTESIAN_POINT('',(0.594024085389,52.833598227939));
#3128 = CARTESIAN_POINT('',(0.594011734277,52.958091676469));
#3129 = CARTESIAN_POINT('',(0.594002113304,53.028289511484));
#3130 = CARTESIAN_POINT('',(0.593992679308,53.09848192323));
#3131 = CARTESIAN_POINT('',(0.593986652361,53.168668405514));
#3132 = CARTESIAN_POINT('',(0.593985054426,53.238854137686));
#3133 = CARTESIAN_POINT('',(0.593987046412,53.309044624344));
#3134 = CARTESIAN_POINT('',(0.59399128581,53.379240464785));
#3135 = CARTESIAN_POINT('',(0.594000896843,53.510750514427));
#3136 = CARTESIAN_POINT('',(0.59400606371,53.572079777266));
#3137 = CARTESIAN_POINT('',(0.594011006454,53.633406826218));
#3138 = CARTESIAN_POINT('',(0.594014868237,53.694731690388));
#3139 = CARTESIAN_POINT('',(0.5940171458,53.756057374136));
#3140 = CARTESIAN_POINT('',(0.594017793509,53.817386030926));
#3141 = CARTESIAN_POINT('',(0.594017130258,53.878714890813));
#3142 = CARTESIAN_POINT('',(0.594013755502,54.009597963619));
#3143 = CARTESIAN_POINT('',(0.594010786276,54.079178413307));
#3144 = CARTESIAN_POINT('',(0.594007227824,54.148755466394));
#3145 = CARTESIAN_POINT('',(0.59400391812,54.218326603597));
#3146 = CARTESIAN_POINT('',(0.594001496253,54.287897188432));
#3147 = CARTESIAN_POINT('',(0.594000186905,54.357473128047));
#3148 = CARTESIAN_POINT('',(0.593999819859,54.427053617021));
#3149 = CARTESIAN_POINT('',(0.594000278542,54.547600356273));
#3150 = CARTESIAN_POINT('',(0.5940008109,54.598581997003));
#3151 = CARTESIAN_POINT('',(0.594001561338,54.649564807094));
#3152 = CARTESIAN_POINT('',(0.59400235494,54.700547850175));
#3153 = CARTESIAN_POINT('',(0.594003022846,54.751531783065));
#3154 = CARTESIAN_POINT('',(0.594003444487,54.802517264667));
#3155 = CARTESIAN_POINT('',(0.594003571384,54.853503323415));
#3156 = CARTESIAN_POINT('',(0.594003247223,54.972512328676));
#3157 = CARTESIAN_POINT('',(0.594002593326,55.040554483038));
#3158 = CARTESIAN_POINT('',(0.594001504882,55.10859516528));
#3159 = CARTESIAN_POINT('',(0.594000312626,55.176631360117));
#3160 = CARTESIAN_POINT('',(0.593999476622,55.244667324034));
#3161 = CARTESIAN_POINT('',(0.593999417206,55.312707940858));
#3162 = CARTESIAN_POINT('',(0.594000344247,55.380752126935));
#3163 = CARTESIAN_POINT('',(0.594003728452,55.513039314437));
#3164 = CARTESIAN_POINT('',(0.59400609982,55.577298713607));
#3165 = CARTESIAN_POINT('',(0.594009100744,55.641554938824));
#3166 = CARTESIAN_POINT('',(0.5940123472,55.705807655191));
#3167 = CARTESIAN_POINT('',(0.594015244658,55.770060933956));
#3168 = CARTESIAN_POINT('',(0.594017137813,55.8343183798));
#3169 = CARTESIAN_POINT('',(0.594017534601,55.898578188963));
#3170 = CARTESIAN_POINT('',(0.59401506697,56.038871051505));
#3171 = CARTESIAN_POINT('',(0.594011582239,56.114933451024));
#3172 = CARTESIAN_POINT('',(0.594005847038,56.190988401505));
#3173 = CARTESIAN_POINT('',(0.593998527765,56.267036451656));
#3174 = CARTESIAN_POINT('',(0.593991296269,56.343084931248));
#3175 = CARTESIAN_POINT('',(0.593986792609,56.419140736524));
#3176 = CARTESIAN_POINT('',(0.593986484552,56.49520313593));
#3177 = CARTESIAN_POINT('',(0.593993979491,56.65736875551));
#3178 = CARTESIAN_POINT('',(0.594002854651,56.743532010047));
#3179 = CARTESIAN_POINT('',(0.594016197367,56.829680579211));
#3180 = CARTESIAN_POINT('',(0.594030077667,56.91581546876));
#3181 = CARTESIAN_POINT('',(0.594037769932,57.001949242534));
#3182 = CARTESIAN_POINT('',(0.594027336973,57.088095236852));
#3183 = CARTESIAN_POINT('',(0.594004774719,57.174256385908));
#3184 = CARTESIAN_POINT('',(0.594004772087,57.260386184104));
#3185 = ( GEOMETRIC_REPRESENTATION_CONTEXT(2) 
PARAMETRIC_REPRESENTATION_CONTEXT() REPRESENTATION_CONTEXT('2D SPACE',''
  ) );
#3186 = PCURVE('',#886,#3187);
#3187 = DEFINITIONAL_REPRESENTATION('',(#3188),#3275);
#3188 = B_SPLINE_CURVE_WITH_KNOTS('',8,(#3189,#3190,#3191,#3192,#3193,
    #3194,#3195,#3196,#3197,#3198,#3199,#3200,#3201,#3202,#3203,#3204,
    #3205,#3206,#3207,#3208,#3209,#3210,#3211,#3212,#3213,#3214,#3215,
    #3216,#3217,#3218,#3219,#3220,#3221,#3222,#3223,#3224,#3225,#3226,
    #3227,#3228,#3229,#3230,#3231,#3232,#3233,#3234,#3235,#3236,#3237,
    #3238,#3239,#3240,#3241,#3242,#3243,#3244,#3245,#3246,#3247,#3248,
    #3249,#3250,#3251,#3252,#3253,#3254,#3255,#3256,#3257,#3258,#3259,
    #3260,#3261,#3262,#3263,#3264,#3265,#3266,#3267,#3268,#3269,#3270,
    #3271,#3272,#3273,#3274),.UNSPECIFIED.,.F.,.F.,(9,7,7,7,7,7,7,7,7,7,
    7,7,9),(0.,0.110810751986,0.213082058273,0.244449010835,
    0.312747165169,0.401011303515,0.478133000735,0.565629865392,
    0.629741583488,0.715286958852,0.796077983931,0.891698058132,1.),
  .UNSPECIFIED.);
#3189 = CARTESIAN_POINT('',(0.,6.307191913692));
#3190 = CARTESIAN_POINT('',(8.70207778535E-02,6.321043249722));
#3191 = CARTESIAN_POINT('',(0.174077944748,6.334900261923));
#3192 = CARTESIAN_POINT('',(0.261117183624,6.348753753788));
#3193 = CARTESIAN_POINT('',(0.348141284623,6.362603531647));
#3194 = CARTESIAN_POINT('',(0.435165160058,6.376451488119));
#3195 = CARTESIAN_POINT('',(0.522203733693,6.390300635137));
#3196 = CARTESIAN_POINT('',(0.609261343618,6.404153063903));
#3197 = CARTESIAN_POINT('',(0.776602349175,6.430782442765));
#3198 = CARTESIAN_POINT('',(0.856938009858,6.443567522493));
#3199 = CARTESIAN_POINT('',(0.937260935108,6.456352459042));
#3200 = CARTESIAN_POINT('',(1.017575067214,6.469138377072));
#3201 = CARTESIAN_POINT('',(1.097891557572,6.481926784804));
#3202 = CARTESIAN_POINT('',(1.178220386522,6.49471690555));
#3203 = CARTESIAN_POINT('',(1.258561124889,6.507505461186));
#3204 = CARTESIAN_POINT('',(1.363505457155,6.524206311651));
#3205 = CARTESIAN_POINT('',(1.388137223591,6.528125930402));
#3206 = CARTESIAN_POINT('',(1.412769436174,6.532045323357));
#3207 = CARTESIAN_POINT('',(1.43740250366,6.535964595292));
#3208 = CARTESIAN_POINT('',(1.462036516705,6.53988385411));
#3209 = CARTESIAN_POINT('',(1.486671247866,6.543803210844));
#3210 = CARTESIAN_POINT('',(1.511306151602,6.547722779654));
#3211 = CARTESIAN_POINT('',(1.589578704037,6.560177833093));
#3212 = CARTESIAN_POINT('',(1.643219175001,6.568716644258));
#3213 = CARTESIAN_POINT('',(1.696858789689,6.577258066317));
#3214 = CARTESIAN_POINT('',(1.750497758507,6.58579884638));
#3215 = CARTESIAN_POINT('',(1.804137613363,6.594337137079));
#3216 = CARTESIAN_POINT('',(1.857779173859,6.602873530333));
#3217 = CARTESIAN_POINT('',(1.911420356062,6.611409511469));
#3218 = CARTESIAN_POINT('',(2.034366265232,6.630971896234));
#3219 = CARTESIAN_POINT('',(2.103691498665,6.64200139889));
#3220 = CARTESIAN_POINT('',(2.173011424966,6.653030126157));
#3221 = CARTESIAN_POINT('',(2.242325547875,6.664059324922));
#3222 = CARTESIAN_POINT('',(2.311638948472,6.67509023024));
#3223 = CARTESIAN_POINT('',(2.380957027472,6.686123361655));
#3224 = CARTESIAN_POINT('',(2.450280368733,6.697158260342));
#3225 = CARTESIAN_POINT('',(2.58015576823,6.717832538405));
#3226 = CARTESIAN_POINT('',(2.64072269918,6.727474199511));
#3227 = CARTESIAN_POINT('',(2.701287425814,6.737115420323));
#3228 = CARTESIAN_POINT('',(2.761849987818,6.746755852456));
#3229 = CARTESIAN_POINT('',(2.822413366936,6.756395760816));
#3230 = CARTESIAN_POINT('',(2.882979703019,6.766035465081));
#3231 = CARTESIAN_POINT('',(2.943546268145,6.775674661241));
#3232 = CARTESIAN_POINT('',(3.072802572882,6.796245043875));
#3233 = CARTESIAN_POINT('',(3.141518231057,6.807180247995));
#3234 = CARTESIAN_POINT('',(3.210230571845,6.818114675527));
#3235 = CARTESIAN_POINT('',(3.278937094128,6.829048275687));
#3236 = CARTESIAN_POINT('',(3.347643073307,6.839982154757));
#3237 = CARTESIAN_POINT('',(3.416354320005,6.850917333755));
#3238 = CARTESIAN_POINT('',(3.48507002131,6.861853615971));
#3239 = CARTESIAN_POINT('',(3.604118460807,6.88080094666));
#3240 = CARTESIAN_POINT('',(3.654466417613,6.888814293304));
#3241 = CARTESIAN_POINT('',(3.704815504288,6.89682791358));
#3242 = CARTESIAN_POINT('',(3.75516479711,6.904841588256));
#3243 = CARTESIAN_POINT('',(3.805514949047,6.912855351012));
#3244 = CARTESIAN_POINT('',(3.85586661783,6.920869255744));
#3245 = CARTESIAN_POINT('',(3.906218852347,6.928883129776));
#3246 = CARTESIAN_POINT('',(4.023748426052,6.947588441993));
#3247 = CARTESIAN_POINT('',(4.090944737059,6.958282815649));
#3248 = CARTESIAN_POINT('',(4.158139618587,6.968976778918));
#3249 = CARTESIAN_POINT('',(4.225330110431,6.979669994108));
#3250 = CARTESIAN_POINT('',(4.292520424529,6.990363319754));
#3251 = CARTESIAN_POINT('',(4.359715379881,7.001057696631));
#3252 = CARTESIAN_POINT('',(4.426913891896,7.011753040864));
#3253 = CARTESIAN_POINT('',(4.557557002189,7.032546901881));
#3254 = CARTESIAN_POINT('',(4.621017792711,7.042647960666));
#3255 = CARTESIAN_POINT('',(4.684475447946,7.052748779914));
#3256 = CARTESIAN_POINT('',(4.747929619436,7.062849148795));
#3257 = CARTESIAN_POINT('',(4.811384314479,7.072949462308));
#3258 = CARTESIAN_POINT('',(4.874843088427,7.083050017084));
#3259 = CARTESIAN_POINT('',(4.938304164815,7.093150326918));
#3260 = CARTESIAN_POINT('',(5.076853178644,7.115200083164));
#3261 = CARTESIAN_POINT('',(5.15197008907,7.12715388658));
#3262 = CARTESIAN_POINT('',(5.227079631867,7.13910559214));
#3263 = CARTESIAN_POINT('',(5.302182375814,7.151055560599));
#3264 = CARTESIAN_POINT('',(5.377285588281,7.163005632714));
#3265 = CARTESIAN_POINT('',(5.452396078621,7.174957979939));
#3266 = CARTESIAN_POINT('',(5.527513091749,7.186913091911));
#3267 = CARTESIAN_POINT('',(5.687663105856,7.212404840387));
#3268 = CARTESIAN_POINT('',(5.772755390414,7.225951354554));
#3269 = CARTESIAN_POINT('',(5.85783311166,7.239497400852));
#3270 = CARTESIAN_POINT('',(5.942897231156,7.253041518481));
#3271 = CARTESIAN_POINT('',(6.02796019298,7.266582911686));
#3272 = CARTESIAN_POINT('',(6.113035365032,7.280118759316));
#3273 = CARTESIAN_POINT('',(6.198126059985,7.293651992473));
#3274 = CARTESIAN_POINT('',(6.28318530718,7.307189591035));
#3275 = ( GEOMETRIC_REPRESENTATION_CONTEXT(2) 
PARAMETRIC_REPRESENTATION_CONTEXT() REPRESENTATION_CONTEXT('2D SPACE',''
  ) );
#3276 = ORIENTED_EDGE('',*,*,#21,.T.);
#3277 = ORIENTED_EDGE('',*,*,#3278,.T.);
#3278 = EDGE_CURVE('',#24,#904,#3279,.T.);
#3279 = SURFACE_CURVE('',#3280,(#3308,#3339),.PCURVE_S1.);
#3280 = B_SPLINE_CURVE_WITH_KNOTS('',6,(#3281,#3282,#3283,#3284,#3285,
    #3286,#3287,#3288,#3289,#3290,#3291,#3292,#3293,#3294,#3295,#3296,
    #3297,#3298,#3299,#3300,#3301,#3302,#3303,#3304,#3305,#3306,#3307),
  .UNSPECIFIED.,.F.,.F.,(7,5,5,5,5,7),(0.,0.24599518408,0.369492706713,
    0.493320411864,0.742962625084,1.),.UNSPECIFIED.);
#3281 = CARTESIAN_POINT('',(-22.49216165755,-22.49216038102,8.));
#3282 = CARTESIAN_POINT('',(-20.68215654199,-24.34267874169,8.));
#3283 = CARTESIAN_POINT('',(-18.69118856513,-26.01668328395,8.));
#3284 = CARTESIAN_POINT('',(-16.54154117073,-27.49170951737,8.));
#3285 = CARTESIAN_POINT('',(-14.25840894151,-28.7501637555,8.));
#3286 = CARTESIAN_POINT('',(-11.86905832979,-29.77810767291,8.));
#3287 = CARTESIAN_POINT('',(-8.165668453247,-30.96220333507,8.));
#3288 = CARTESIAN_POINT('',(-6.908552756038,-31.29760968429,8.));
#3289 = CARTESIAN_POINT('',(-5.635840738135,-31.57150974859,8.));
#3290 = CARTESIAN_POINT('',(-4.351299246214,-31.78307936503,8.));
#3291 = CARTESIAN_POINT('',(-3.058741073541,-31.93179190483,8.));
#3292 = CARTESIAN_POINT('',(-0.461848638025,-32.10331573655,8.));
#3293 = CARTESIAN_POINT('',(0.842531266821,-32.12579029825,8.));
#3294 = CARTESIAN_POINT('',(2.147218870952,-32.0846545303,8.));
#3295 = CARTESIAN_POINT('',(3.448349662525,-31.98000559355,8.));
#3296 = CARTESIAN_POINT('',(4.742086811209,-31.81225264722,8.));
#3297 = CARTESIAN_POINT('',(8.61026695595,-31.11817191536,8.));
#3298 = CARTESIAN_POINT('',(11.150773771223,-30.40062323348,8.));
#3299 = CARTESIAN_POINT('',(13.614308975366,-29.43540932357,8.));
#3300 = CARTESIAN_POINT('',(15.971510660847,-28.23376604213,8.));
#3301 = CARTESIAN_POINT('',(18.194929021007,-26.81079144397,8.));
#3302 = CARTESIAN_POINT('',(22.385549625759,-23.51445301652,8.));
#3303 = CARTESIAN_POINT('',(24.343840594885,-21.62849996253,8.));
#3304 = CARTESIAN_POINT('',(26.107156231529,-19.55064096654,8.));
#3305 = CARTESIAN_POINT('',(27.653317615828,-17.30657576705,8.));
#3306 = CARTESIAN_POINT('',(28.964007501384,-14.92474169043,8.));
#3307 = CARTESIAN_POINT('',(30.026089825397,-12.43721873291,8.));
#3308 = PCURVE('',#112,#3309);
#3309 = DEFINITIONAL_REPRESENTATION('',(#3310),#3338);
#3310 = B_SPLINE_CURVE_WITH_KNOTS('',6,(#3311,#3312,#3313,#3314,#3315,
    #3316,#3317,#3318,#3319,#3320,#3321,#3322,#3323,#3324,#3325,#3326,
    #3327,#3328,#3329,#3330,#3331,#3332,#3333,#3334,#3335,#3336,#3337),
  .UNSPECIFIED.,.F.,.F.,(7,5,5,5,5,7),(0.,0.24599518408,0.369492706713,
    0.493320411864,0.742962625084,1.),.UNSPECIFIED.);
#3311 = CARTESIAN_POINT('',(0.758620302397,61.23680189091));
#3312 = CARTESIAN_POINT('',(0.727180740771,61.319199347485));
#3313 = CARTESIAN_POINT('',(0.695770988085,61.401518679686));
#3314 = CARTESIAN_POINT('',(0.664399994201,61.48373643155));
#3315 = CARTESIAN_POINT('',(0.633062492054,61.565866407297));
#3316 = CARTESIAN_POINT('',(0.601753609452,61.647921377454));
#3317 = CARTESIAN_POINT('',(0.55478334473,61.771022024552));
#3318 = CARTESIAN_POINT('',(0.539092509035,61.812144893424));
#3319 = CARTESIAN_POINT('',(0.523410244704,61.853245298449));
#3320 = CARTESIAN_POINT('',(0.507736375272,61.894323701941));
#3321 = CARTESIAN_POINT('',(0.492070724582,61.935380565179));
#3322 = CARTESIAN_POINT('',(0.460714514248,62.017559570857));
#3323 = CARTESIAN_POINT('',(0.445023681617,62.058682427356));
#3324 = CARTESIAN_POINT('',(0.429341439083,62.099782771596));
#3325 = CARTESIAN_POINT('',(0.413667583135,62.140861137602));
#3326 = CARTESIAN_POINT('',(0.398001881071,62.181918134595));
#3327 = CARTESIAN_POINT('',(0.350778916122,62.305681062532));
#3328 = CARTESIAN_POINT('',(0.319242786119,62.388331610065));
#3329 = CARTESIAN_POINT('',(0.287745403686,62.470880608254));
#3330 = CARTESIAN_POINT('',(0.256281447822,62.553342000361));
#3331 = CARTESIAN_POINT('',(0.224845942605,62.635728827103));
#3332 = CARTESIAN_POINT('',(0.161120314301,62.80274227844));
#3333 = CARTESIAN_POINT('',(0.128823018416,62.887387701588));
#3334 = CARTESIAN_POINT('',(9.656658438744E-02,62.971926032016));
#3335 = CARTESIAN_POINT('',(6.434498923922E-02,63.056373055768));
#3336 = CARTESIAN_POINT('',(3.21526371745E-02,63.140743439112));
#3337 = CARTESIAN_POINT('',(0.,63.225009737597));
#3338 = ( GEOMETRIC_REPRESENTATION_CONTEXT(2) 
PARAMETRIC_REPRESENTATION_CONTEXT() REPRESENTATION_CONTEXT('2D SPACE',''
  ) );
#3339 = PCURVE('',#3340,#3345);
#3340 = PLANE('',#3341);
#3341 = AXIS2_PLACEMENT_3D('',#3342,#3343,#3344);
#3342 = CARTESIAN_POINT('',(0.,0.,8.));
#3343 = DIRECTION('',(0.,0.,1.));
#3344 = DIRECTION('',(1.,0.,-0.));
#3345 = DEFINITIONAL_REPRESENTATION('',(#3346),#3374);
#3346 = B_SPLINE_CURVE_WITH_KNOTS('',6,(#3347,#3348,#3349,#3350,#3351,
    #3352,#3353,#3354,#3355,#3356,#3357,#3358,#3359,#3360,#3361,#3362,
    #3363,#3364,#3365,#3366,#3367,#3368,#3369,#3370,#3371,#3372,#3373),
  .UNSPECIFIED.,.F.,.F.,(7,5,5,5,5,7),(0.,0.24599518408,0.369492706713,
    0.493320411864,0.742962625084,1.),.UNSPECIFIED.);
#3347 = CARTESIAN_POINT('',(-22.49216165755,-22.49216038102));
#3348 = CARTESIAN_POINT('',(-20.68215654199,-24.34267874169));
#3349 = CARTESIAN_POINT('',(-18.69118856513,-26.01668328395));
#3350 = CARTESIAN_POINT('',(-16.54154117073,-27.49170951737));
#3351 = CARTESIAN_POINT('',(-14.25840894151,-28.7501637555));
#3352 = CARTESIAN_POINT('',(-11.86905832979,-29.77810767291));
#3353 = CARTESIAN_POINT('',(-8.165668453247,-30.96220333507));
#3354 = CARTESIAN_POINT('',(-6.908552756038,-31.29760968429));
#3355 = CARTESIAN_POINT('',(-5.635840738135,-31.57150974859));
#3356 = CARTESIAN_POINT('',(-4.351299246214,-31.78307936503));
#3357 = CARTESIAN_POINT('',(-3.058741073541,-31.93179190483));
#3358 = CARTESIAN_POINT('',(-0.461848638025,-32.10331573655));
#3359 = CARTESIAN_POINT('',(0.842531266821,-32.12579029825));
#3360 = CARTESIAN_POINT('',(2.147218870952,-32.0846545303));
#3361 = CARTESIAN_POINT('',(3.448349662525,-31.98000559355));
#3362 = CARTESIAN_POINT('',(4.742086811209,-31.81225264722));
#3363 = CARTESIAN_POINT('',(8.61026695595,-31.11817191536));
#3364 = CARTESIAN_POINT('',(11.150773771223,-30.40062323348));
#3365 = CARTESIAN_POINT('',(13.614308975366,-29.43540932357));
#3366 = CARTESIAN_POINT('',(15.971510660847,-28.23376604213));
#3367 = CARTESIAN_POINT('',(18.194929021007,-26.81079144397));
#3368 = CARTESIAN_POINT('',(22.385549625759,-23.51445301652));
#3369 = CARTESIAN_POINT('',(24.343840594885,-21.62849996253));
#3370 = CARTESIAN_POINT('',(26.107156231529,-19.55064096654));
#3371 = CARTESIAN_POINT('',(27.653317615828,-17.30657576705));
#3372 = CARTESIAN_POINT('',(28.964007501384,-14.92474169043));
#3373 = CARTESIAN_POINT('',(30.026089825397,-12.43721873291));
#3374 = ( GEOMETRIC_REPRESENTATION_CONTEXT(2) 
PARAMETRIC_REPRESENTATION_CONTEXT() REPRESENTATION_CONTEXT('2D SPACE',''
  ) );
#3375 = ADVANCED_FACE('',(#3376),#886,.T.);
#3376 = FACE_BOUND('',#3377,.T.);
#3377 = EDGE_LOOP('',(#3378,#3379,#3380,#3652));
#3378 = ORIENTED_EDGE('',*,*,#3007,.T.);
#3379 = ORIENTED_EDGE('',*,*,#872,.T.);
#3380 = ORIENTED_EDGE('',*,*,#3381,.F.);
#3381 = EDGE_CURVE('',#3382,#476,#3384,.T.);
#3382 = VERTEX_POINT('',#3383);
#3383 = CARTESIAN_POINT('',(31.958734122635,-7.827632289617E-15,
    6.692810409566));
#3384 = SURFACE_CURVE('',#3385,(#3472,#3562),.PCURVE_S1.);
#3385 = B_SPLINE_CURVE_WITH_KNOTS('',8,(#3386,#3387,#3388,#3389,#3390,
    #3391,#3392,#3393,#3394,#3395,#3396,#3397,#3398,#3399,#3400,#3401,
    #3402,#3403,#3404,#3405,#3406,#3407,#3408,#3409,#3410,#3411,#3412,
    #3413,#3414,#3415,#3416,#3417,#3418,#3419,#3420,#3421,#3422,#3423,
    #3424,#3425,#3426,#3427,#3428,#3429,#3430,#3431,#3432,#3433,#3434,
    #3435,#3436,#3437,#3438,#3439,#3440,#3441,#3442,#3443,#3444,#3445,
    #3446,#3447,#3448,#3449,#3450,#3451,#3452,#3453,#3454,#3455,#3456,
    #3457,#3458,#3459,#3460,#3461,#3462,#3463,#3464,#3465,#3466,#3467,
    #3468,#3469,#3470,#3471),.UNSPECIFIED.,.F.,.F.,(9,7,7,7,7,7,7,7,7,7,
    7,7,9),(0.,0.109530349267,0.208299376492,0.280863026664,
    0.386503010966,0.473518191856,0.567444550334,0.650820394118,
    0.707843059767,0.758903037079,0.868630712343,0.966910483648,1.),
  .UNSPECIFIED.);
#3386 = CARTESIAN_POINT('',(31.958734122635,5.329070518201E-14,
    6.692810409566));
#3387 = CARTESIAN_POINT('',(31.958734122635,2.749334452977,
    6.706502132514));
#3388 = CARTESIAN_POINT('',(31.688426898495,5.499778480581,6.72018979159
    ));
#3389 = CARTESIAN_POINT('',(31.147431508436,8.218670157387,
    6.733880125825));
#3390 = CARTESIAN_POINT('',(30.34054065582,10.875003995173,
    6.747575867565));
#3391 = CARTESIAN_POINT('',(29.276270051497,13.439071444047,
    6.76127398412));
#3392 = CARTESIAN_POINT('',(27.966927348755,15.882528508373,
    6.774973922428));
#3393 = CARTESIAN_POINT('',(26.42848307471,18.178428091797,
    6.788674691358));
#3394 = CARTESIAN_POINT('',(23.106946715896,22.216582888077,
    6.814716524774));
#3395 = CARTESIAN_POINT('',(21.361926771614,23.992062217847,
    6.827065307565));
#3396 = CARTESIAN_POINT('',(19.461686243333,25.610002837774,
    6.83941066759));
#3397 = CARTESIAN_POINT('',(17.422982393701,27.054860230879,
    6.851753898434));
#3398 = CARTESIAN_POINT('',(15.264074541157,28.313245240057,
    6.864097747842));
#3399 = CARTESIAN_POINT('',(13.004716626382,29.373979853497,
    6.876444185328));
#3400 = CARTESIAN_POINT('',(10.66613792828,30.22814216826,6.888793261121
    ));
#3401 = CARTESIAN_POINT('',(6.512069103371,31.341205909278,
    6.910209857446));
#3402 = CARTESIAN_POINT('',(4.722097397516,31.697998839773,
    6.919280375978));
#3403 = CARTESIAN_POINT('',(2.910209910192,31.937863735089,
    6.928350948391));
#3404 = CARTESIAN_POINT('',(1.085227946798,32.059302934603,
    6.937421950168));
#3405 = CARTESIAN_POINT('',(-0.74392082101,32.061587847074,
    6.946493697461));
#3406 = CARTESIAN_POINT('',(-2.568204888903,31.944764194567,
    6.955566202182));
#3407 = CARTESIAN_POINT('',(-4.378491570803,31.709723464002,
    6.964638822214));
#3408 = CARTESIAN_POINT('',(-8.767213772945,30.846830037118,
    6.986914841635));
#3409 = CARTESIAN_POINT('',(-11.32100739923,30.08849424793,
    7.000122933505));
#3410 = CARTESIAN_POINT('',(-13.79846579362,29.088729032072,
    7.01332785125));
#3411 = CARTESIAN_POINT('',(-16.17322046617,27.856885720549,
    7.026530572051));
#3412 = CARTESIAN_POINT('',(-18.4205008069,26.405291043607,
    7.039733663907));
#3413 = CARTESIAN_POINT('',(-20.51722894845,24.749307278231,
    7.052939387678));
#3414 = CARTESIAN_POINT('',(-22.44203660078,22.907307360344,
    7.066147830226));
#3415 = CARTESIAN_POINT('',(-25.6042629928,19.24971255501,7.090226877211
    ));
#3416 = CARTESIAN_POINT('',(-26.9038120483,17.485825819491,
    7.101104924163));
#3417 = CARTESIAN_POINT('',(-28.06401128364,15.622174060546,
    7.111982553357));
#3418 = CARTESIAN_POINT('',(-29.07603001425,13.671747158688,
    7.122859166242));
#3419 = CARTESIAN_POINT('',(-29.93256958321,11.648247026199,
    7.133735372003));
#3420 = CARTESIAN_POINT('',(-30.62776599633,9.566020261165,
    7.144611946567));
#3421 = CARTESIAN_POINT('',(-31.15727117281,7.440079284467,
    7.155488798031));
#3422 = CARTESIAN_POINT('',(-31.90844605389,2.961273800822,
    7.178102836706));
#3423 = CARTESIAN_POINT('',(-32.10247557195,0.602908196499,
    7.189844190381));
#3424 = CARTESIAN_POINT('',(-32.09707114886,-1.768838776032,
    7.201584143401));
#3425 = CARTESIAN_POINT('',(-31.89147814851,-4.134229772041,
    7.213322965905));
#3426 = CARTESIAN_POINT('',(-31.48713273323,-6.473810121348,
    7.22506218942));
#3427 = CARTESIAN_POINT('',(-30.88763461968,-8.768429655139,
    7.236803353834));
#3428 = CARTESIAN_POINT('',(-30.0987412104,-10.99926571548,
    7.248546676706));
#3429 = CARTESIAN_POINT('',(-28.26798824058,-15.05524944385,
    7.270711280999));
#3430 = CARTESIAN_POINT('',(-27.26423559821,-16.8983987168,
    7.281136026152));
#3431 = CARTESIAN_POINT('',(-26.12336162405,-18.66452676137,
    7.29156059055));
#3432 = CARTESIAN_POINT('',(-24.85237987355,-20.34178068861,
    7.301984313546));
#3433 = CARTESIAN_POINT('',(-23.45941192286,-21.91917977912,
    7.312407260218));
#3434 = CARTESIAN_POINT('',(-21.95362452571,-23.38658327891,
    7.322829533318));
#3435 = CARTESIAN_POINT('',(-20.34528439904,-24.73475690878,
    7.333250596127));
#3436 = CARTESIAN_POINT('',(-17.48370334231,-26.79045853659,
    7.350793724011));
#3437 = CARTESIAN_POINT('',(-16.27867122699,-27.56594888403,
    7.357918592888));
#3438 = CARTESIAN_POINT('',(-15.03446131903,-28.27940919191,
    7.365043280623));
#3439 = CARTESIAN_POINT('',(-13.75482765142,-28.92852858048,
    7.372167916158));
#3440 = CARTESIAN_POINT('',(-12.4436512623,-29.51128522769,
    7.379292689622));
#3441 = CARTESIAN_POINT('',(-11.104940195,-30.02594636927,7.386417852326
    ));
#3442 = CARTESIAN_POINT('',(-9.742829498045,-30.47106829868,
    7.39354371677));
#3443 = CARTESIAN_POINT('',(-7.124765922373,-31.18077162068,
    7.40705235387));
#3444 = CARTESIAN_POINT('',(-5.872653836744,-31.45936435588,
    7.413434704484));
#3445 = CARTESIAN_POINT('',(-4.608224575389,-31.6804540211,
    7.419817791482));
#3446 = CARTESIAN_POINT('',(-3.334515751498,-31.84341878446,
    7.426201446699));
#3447 = CARTESIAN_POINT('',(-2.054622984292,-31.94783553389,
    7.432585250807));
#3448 = CARTESIAN_POINT('',(-0.771699899014,-31.99347987709,
    7.438968533306));
#3449 = CARTESIAN_POINT('',(0.511041873062,-31.98032614159,
    7.445350372532));
#3450 = CARTESIAN_POINT('',(4.539523258921,-31.75429510827,
    7.465438519151));
#3451 = CARTESIAN_POINT('',(7.274712954884,-31.32927216062,7.47914986902
    ));
#3452 = CARTESIAN_POINT('',(9.963070470088,-30.63491085,7.492865413367)
  );
#3453 = CARTESIAN_POINT('',(12.573739207339,-29.67777297832,
    7.506584644348));
#3454 = CARTESIAN_POINT('',(15.077391097023,-28.46809195409,
    7.520304435415));
#3455 = CARTESIAN_POINT('',(17.446300218178,-27.01983126919,
    7.534024870403));
#3456 = CARTESIAN_POINT('',(19.654350069919,-25.35054142707,
    7.547745730847));
#3457 = CARTESIAN_POINT('',(23.489960752003,-21.80975678061,
    7.573742261593));
#3458 = CARTESIAN_POINT('',(25.15511525027,-19.97654462806,
    7.586026571213));
#3459 = CARTESIAN_POINT('',(26.655929454569,-17.99873305814,
    7.598308056691));
#3460 = CARTESIAN_POINT('',(27.978009946669,-15.89371589167,
    7.610587871099));
#3461 = CARTESIAN_POINT('',(29.109202129772,-13.68021392783,
    7.622868471124));
#3462 = CARTESIAN_POINT('',(30.03961643874,-11.37825496195,
    7.635151613221));
#3463 = CARTESIAN_POINT('',(30.761650825202,-9.009151899184,
    7.647437327419));
#3464 = CARTESIAN_POINT('',(31.44207264862,-5.783281490113,
    7.663856024435));
#3465 = CARTESIAN_POINT('',(31.589324713986,-4.965675587296,
    7.667991578041));
#3466 = CARTESIAN_POINT('',(31.712276416416,-4.14380440022,
    7.672127274696));
#3467 = CARTESIAN_POINT('',(31.810786651727,-3.318490817824,
    7.67626320355));
#3468 = CARTESIAN_POINT('',(31.884744307096,-2.490578227525,
    7.680399375348));
#3469 = CARTESIAN_POINT('',(31.93407271758,-1.660931098046,
    7.684535713248));
#3470 = CARTESIAN_POINT('',(31.958734122635,-0.830435562255,
    7.68867204363));
#3471 = CARTESIAN_POINT('',(31.958734122635,5.329070518201E-14,
    7.69280808691));
#3472 = PCURVE('',#886,#3473);
#3473 = DEFINITIONAL_REPRESENTATION('',(#3474),#3561);
#3474 = B_SPLINE_CURVE_WITH_KNOTS('',8,(#3475,#3476,#3477,#3478,#3479,
    #3480,#3481,#3482,#3483,#3484,#3485,#3486,#3487,#3488,#3489,#3490,
    #3491,#3492,#3493,#3494,#3495,#3496,#3497,#3498,#3499,#3500,#3501,
    #3502,#3503,#3504,#3505,#3506,#3507,#3508,#3509,#3510,#3511,#3512,
    #3513,#3514,#3515,#3516,#3517,#3518,#3519,#3520,#3521,#3522,#3523,
    #3524,#3525,#3526,#3527,#3528,#3529,#3530,#3531,#3532,#3533,#3534,
    #3535,#3536,#3537,#3538,#3539,#3540,#3541,#3542,#3543,#3544,#3545,
    #3546,#3547,#3548,#3549,#3550,#3551,#3552,#3553,#3554,#3555,#3556,
    #3557,#3558,#3559,#3560),.UNSPECIFIED.,.F.,.F.,(9,7,7,7,7,7,7,7,7,7,
    7,7,9),(0.,0.109530349267,0.208299376492,0.280863026664,
    0.386503010966,0.473518191856,0.567444550334,0.650820394118,
    0.707843059767,0.758903037079,0.868630712343,0.966910483648,1.),
  .UNSPECIFIED.);
#3475 = CARTESIAN_POINT('',(0.,6.692810409566));
#3476 = CARTESIAN_POINT('',(8.602763934351E-02,6.706502132514));
#3477 = CARTESIAN_POINT('',(0.172089971698,6.72018979159));
#3478 = CARTESIAN_POINT('',(0.258135363755,6.733880125825));
#3479 = CARTESIAN_POINT('',(0.344166279631,6.747575867565));
#3480 = CARTESIAN_POINT('',(0.430196857284,6.76127398412));
#3481 = CARTESIAN_POINT('',(0.516241249911,6.774973922428));
#3482 = CARTESIAN_POINT('',(0.602303292297,6.788674691358));
#3483 = CARTESIAN_POINT('',(0.765911132027,6.814716524774));
#3484 = CARTESIAN_POINT('',(0.843503010436,6.827065307565));
#3485 = CARTESIAN_POINT('',(0.921084723233,6.83941066759));
#3486 = CARTESIAN_POINT('',(0.998659758313,6.851753898434));
#3487 = CARTESIAN_POINT('',(1.076237709593,6.864097747842));
#3488 = CARTESIAN_POINT('',(1.153826677235,6.876444185328));
#3489 = CARTESIAN_POINT('',(1.231425681293,6.888793261121));
#3490 = CARTESIAN_POINT('',(1.365993103152,6.910209857446));
#3491 = CARTESIAN_POINT('',(1.422983006754,6.919280375978));
#3492 = CARTESIAN_POINT('',(1.479970443838,6.928350948391));
#3493 = CARTESIAN_POINT('',(1.536958671959,6.937421950168));
#3494 = CARTESIAN_POINT('',(1.593950888856,6.946493697461));
#3495 = CARTESIAN_POINT('',(1.650948279582,6.955566202182));
#3496 = CARTESIAN_POINT('',(1.707947509666,6.964638822214));
#3497 = CARTESIAN_POINT('',(1.847901338754,6.986914841635));
#3498 = CARTESIAN_POINT('',(1.930887024954,7.000122933505));
#3499 = CARTESIAN_POINT('',(2.013856775248,7.01332785125));
#3500 = CARTESIAN_POINT('',(2.096815969179,7.026530572051));
#3501 = CARTESIAN_POINT('',(2.179777903678,7.039733663907));
#3502 = CARTESIAN_POINT('',(2.262754420944,7.052939387678));
#3503 = CARTESIAN_POINT('',(2.345745622909,7.066147830226));
#3504 = CARTESIAN_POINT('',(2.497035926526,7.090226877211));
#3505 = CARTESIAN_POINT('',(2.565382341286,7.101104924163));
#3506 = CARTESIAN_POINT('',(2.633725362536,7.111982553357));
#3507 = CARTESIAN_POINT('',(2.702062368722,7.122859166242));
#3508 = CARTESIAN_POINT('',(2.770398478388,7.133735372003));
#3509 = CARTESIAN_POINT('',(2.838739484659,7.144611946567));
#3510 = CARTESIAN_POINT('',(2.907084961211,7.155488798031));
#3511 = CARTESIAN_POINT('',(3.049185748468,7.178102836706));
#3512 = CARTESIAN_POINT('',(3.122967569087,7.189844190381));
#3513 = CARTESIAN_POINT('',(3.196741774576,7.201584143401));
#3514 = CARTESIAN_POINT('',(3.270507997772,7.213322965905));
#3515 = CARTESIAN_POINT('',(3.344272888795,7.22506218942));
#3516 = CARTESIAN_POINT('',(3.418043689352,7.236803353834));
#3517 = CARTESIAN_POINT('',(3.491821838352,7.248546676706));
#3518 = CARTESIAN_POINT('',(3.631064463232,7.270711280999));
#3519 = CARTESIAN_POINT('',(3.69655163016,7.281136026152));
#3520 = CARTESIAN_POINT('',(3.762035655847,7.29156059055));
#3521 = CARTESIAN_POINT('',(3.827515345918,7.301984313546));
#3522 = CARTESIAN_POINT('',(3.892994785245,7.312407260218));
#3523 = CARTESIAN_POINT('',(3.958477783477,7.322829533318));
#3524 = CARTESIAN_POINT('',(4.023962162202,7.333250596127));
#3525 = CARTESIAN_POINT('',(4.134211506566,7.350793724011));
#3526 = CARTESIAN_POINT('',(4.178991086058,7.357918592888));
#3527 = CARTESIAN_POINT('',(4.22377155905,7.365043280623));
#3528 = CARTESIAN_POINT('',(4.268552164773,7.372167916158));
#3529 = CARTESIAN_POINT('',(4.31333244485,7.379292689622));
#3530 = CARTESIAN_POINT('',(4.358112243293,7.386417852326));
#3531 = CARTESIAN_POINT('',(4.402891706508,7.39354371677));
#3532 = CARTESIAN_POINT('',(4.487768394648,7.40705235387));
#3533 = CARTESIAN_POINT('',(4.527862882318,7.413434704484));
#3534 = CARTESIAN_POINT('',(4.56795734664,7.419817791482));
#3535 = CARTESIAN_POINT('',(4.608053218394,7.426201446699));
#3536 = CARTESIAN_POINT('',(4.648150758801,7.432585250807));
#3537 = CARTESIAN_POINT('',(4.688249059519,7.438968533306));
#3538 = CARTESIAN_POINT('',(4.728346042647,7.445350372532));
#3539 = CARTESIAN_POINT('',(4.854596897584,7.465438519151));
#3540 = CARTESIAN_POINT('',(4.940792535865,7.47914986902));
#3541 = CARTESIAN_POINT('',(5.026971976235,7.492865413367));
#3542 = CARTESIAN_POINT('',(5.113137028127,7.506584644348));
#3543 = CARTESIAN_POINT('',(5.199301576628,7.520304435415));
#3544 = CARTESIAN_POINT('',(5.285479879915,7.534024870403));
#3545 = CARTESIAN_POINT('',(5.37167601784,7.547745730847));
#3546 = CARTESIAN_POINT('',(5.535013642469,7.573742261593));
#3547 = CARTESIAN_POINT('',(5.612206908782,7.586026571213));
#3548 = CARTESIAN_POINT('',(5.689391218079,7.598308056691));
#3549 = CARTESIAN_POINT('',(5.766568037427,7.610587871099));
#3550 = CARTESIAN_POINT('',(5.843746003921,7.622868471124));
#3551 = CARTESIAN_POINT('',(5.920933372669,7.635151613221));
#3552 = CARTESIAN_POINT('',(5.998130271894,7.647437327419));
#3553 = CARTESIAN_POINT('',(6.101289835468,7.663856024435));
#3554 = CARTESIAN_POINT('',(6.127273165718,7.667991578041));
#3555 = CARTESIAN_POINT('',(6.153256875499,7.672127274696));
#3556 = CARTESIAN_POINT('',(6.179241602585,7.67626320355));
#3557 = CARTESIAN_POINT('',(6.205227505232,7.680399375348));
#3558 = CARTESIAN_POINT('',(6.23121419793,7.684535713248));
#3559 = CARTESIAN_POINT('',(6.257200687167,7.68867204363));
#3560 = CARTESIAN_POINT('',(6.28318530718,7.69280808691));
#3561 = ( GEOMETRIC_REPRESENTATION_CONTEXT(2) 
PARAMETRIC_REPRESENTATION_CONTEXT() REPRESENTATION_CONTEXT('2D SPACE',''
  ) );
#3562 = PCURVE('',#545,#3563);
#3563 = DEFINITIONAL_REPRESENTATION('',(#3564),#3651);
#3564 = B_SPLINE_CURVE_WITH_KNOTS('',8,(#3565,#3566,#3567,#3568,#3569,
    #3570,#3571,#3572,#3573,#3574,#3575,#3576,#3577,#3578,#3579,#3580,
    #3581,#3582,#3583,#3584,#3585,#3586,#3587,#3588,#3589,#3590,#3591,
    #3592,#3593,#3594,#3595,#3596,#3597,#3598,#3599,#3600,#3601,#3602,
    #3603,#3604,#3605,#3606,#3607,#3608,#3609,#3610,#3611,#3612,#3613,
    #3614,#3615,#3616,#3617,#3618,#3619,#3620,#3621,#3622,#3623,#3624,
    #3625,#3626,#3627,#3628,#3629,#3630,#3631,#3632,#3633,#3634,#3635,
    #3636,#3637,#3638,#3639,#3640,#3641,#3642,#3643,#3644,#3645,#3646,
    #3647,#3648,#3649,#3650),.UNSPECIFIED.,.F.,.F.,(9,7,7,7,7,7,7,7,7,7,
    7,7,9),(0.,0.109530349267,0.208299376492,0.280863026664,
    0.386503010966,0.473518191856,0.567444550334,0.650820394118,
    0.707843059767,0.758903037079,0.868630712343,0.966910483648,1.),
  .UNSPECIFIED.);
#3565 = CARTESIAN_POINT('',(0.164615530057,57.260386184107));
#3566 = CARTESIAN_POINT('',(0.164615527396,57.347496562584));
#3567 = CARTESIAN_POINT('',(0.164592447577,57.434641566724));
#3568 = CARTESIAN_POINT('',(0.164582182382,57.52177000611));
#3569 = CARTESIAN_POINT('',(0.164590585253,57.608883923804));
#3570 = CARTESIAN_POINT('',(0.164604908563,57.695997434308));
#3571 = CARTESIAN_POINT('',(0.164618353766,57.783124836644));
#3572 = CARTESIAN_POINT('',(0.164627019325,57.870270050205));
#3573 = CARTESIAN_POINT('',(0.164633920699,58.035937011645));
#3574 = CARTESIAN_POINT('',(0.164633088036,58.114505424074));
#3575 = CARTESIAN_POINT('',(0.164627868228,58.193063557877));
#3576 = CARTESIAN_POINT('',(0.164620040556,58.271614980014));
#3577 = CARTESIAN_POINT('',(0.164612570167,58.350169401242));
#3578 = CARTESIAN_POINT('',(0.164607122231,58.428734988017));
#3579 = CARTESIAN_POINT('',(0.164604208619,58.507310718403));
#3580 = CARTESIAN_POINT('',(0.164603035695,58.643571856456));
#3581 = CARTESIAN_POINT('',(0.164603746646,58.701279036964));
#3582 = CARTESIAN_POINT('',(0.16460555131,58.758983693855));
#3583 = CARTESIAN_POINT('',(0.164608103647,58.816689122944));
#3584 = CARTESIAN_POINT('',(0.164610934166,58.874398566152));
#3585 = CARTESIAN_POINT('',(0.164613610294,58.932113232936));
#3586 = CARTESIAN_POINT('',(0.164615857032,58.989829758723));
#3587 = CARTESIAN_POINT('',(0.164620005691,59.131544827462));
#3588 = CARTESIAN_POINT('',(0.164621284982,59.215574857034));
#3589 = CARTESIAN_POINT('',(0.164620997131,59.29958879917));
#3590 = CARTESIAN_POINT('',(0.164619424546,59.383592130828));
#3591 = CARTESIAN_POINT('',(0.164617661776,59.467598321679));
#3592 = CARTESIAN_POINT('',(0.164616634215,59.551619330615));
#3593 = CARTESIAN_POINT('',(0.164616529091,59.635655219593));
#3594 = CARTESIAN_POINT('',(0.164617516558,59.788849912653));
#3595 = CARTESIAN_POINT('',(0.164618393667,59.858056632726));
#3596 = CARTESIAN_POINT('',(0.164619580726,59.927259882594));
#3597 = CARTESIAN_POINT('',(0.164620643355,59.996456992539));
#3598 = CARTESIAN_POINT('',(0.16462108419,60.065653141871));
#3599 = CARTESIAN_POINT('',(0.16462054483,60.134854206533));
#3600 = CARTESIAN_POINT('',(0.164618959492,60.204059774233));
#3601 = CARTESIAN_POINT('',(0.16461417865,60.347948813711));
#3602 = CARTESIAN_POINT('',(0.164610855459,60.422659128278));
#3603 = CARTESIAN_POINT('',(0.164607067224,60.497361750311));
#3604 = CARTESIAN_POINT('',(0.164603602383,60.572056332141));
#3605 = CARTESIAN_POINT('',(0.16460160417,60.646749621544));
#3606 = CARTESIAN_POINT('',(0.164602017008,60.721448940518));
#3607 = CARTESIAN_POINT('',(0.164604822199,60.796155722256));
#3608 = CARTESIAN_POINT('',(0.164613155623,60.937150970896));
#3609 = CARTESIAN_POINT('',(0.164618325538,61.003462414065));
#3610 = CARTESIAN_POINT('',(0.164624275454,61.069770662985));
#3611 = CARTESIAN_POINT('',(0.164629869085,61.136074492436));
#3612 = CARTESIAN_POINT('',(0.164633687033,61.202378036463));
#3613 = CARTESIAN_POINT('',(0.164634500997,61.268685167943));
#3614 = CARTESIAN_POINT('',(0.164631840181,61.334993706004));
#3615 = CARTESIAN_POINT('',(0.164623100116,61.446630642982));
#3616 = CARTESIAN_POINT('',(0.164618186064,61.491973826659));
#3617 = CARTESIAN_POINT('',(0.164612480592,61.537317932027));
#3618 = CARTESIAN_POINT('',(0.164606590262,61.582662189767));
#3619 = CARTESIAN_POINT('',(0.164601155331,61.628006131525));
#3620 = CARTESIAN_POINT('',(0.16459684975,61.673349589912));
#3621 = CARTESIAN_POINT('',(0.164594381169,61.718692698502));
#3622 = CARTESIAN_POINT('',(0.164594589211,61.804637684059));
#3623 = CARTESIAN_POINT('',(0.164597308144,61.845236764993));
#3624 = CARTESIAN_POINT('',(0.164601832391,61.885835799589));
#3625 = CARTESIAN_POINT('',(0.164607192939,61.926436257558));
#3626 = CARTESIAN_POINT('',(0.164612267102,61.967038413366));
#3627 = CARTESIAN_POINT('',(0.164615778521,62.007641346238));
#3628 = CARTESIAN_POINT('',(0.164616297162,62.048242940155));
#3629 = CARTESIAN_POINT('',(0.164603519028,62.176082544147));
#3630 = CARTESIAN_POINT('',(0.16458635617,62.263362768097));
#3631 = CARTESIAN_POINT('',(0.164585454666,62.350627060332));
#3632 = CARTESIAN_POINT('',(0.164599058825,62.437876791177));
#3633 = CARTESIAN_POINT('',(0.164614257541,62.525125906382));
#3634 = CARTESIAN_POINT('',(0.164625740574,62.612388856524));
#3635 = CARTESIAN_POINT('',(0.16463138027,62.699669827871));
#3636 = CARTESIAN_POINT('',(0.164632709991,62.865063164015));
#3637 = CARTESIAN_POINT('',(0.164629367131,62.943227959815));
#3638 = CARTESIAN_POINT('',(0.164622617681,63.021383715735));
#3639 = CARTESIAN_POINT('',(0.164614685995,63.099531938287));
#3640 = CARTESIAN_POINT('',(0.164608206288,63.177681353776));
#3641 = CARTESIAN_POINT('',(0.164604267633,63.255840282953));
#3642 = CARTESIAN_POINT('',(0.164602903205,63.334008829935));
#3643 = CARTESIAN_POINT('',(0.164603730089,63.438466766355));
#3644 = CARTESIAN_POINT('',(0.164604163248,63.464777119627));
#3645 = CARTESIAN_POINT('',(0.164604799028,63.491087851986));
#3646 = CARTESIAN_POINT('',(0.164605607491,63.517399609079));
#3647 = CARTESIAN_POINT('',(0.164606553553,63.543712551233));
#3648 = CARTESIAN_POINT('',(0.164607599501,63.570026288385));
#3649 = CARTESIAN_POINT('',(0.164608707518,63.596339815032));
#3650 = CARTESIAN_POINT('',(0.164609842204,63.622651445163));
#3651 = ( GEOMETRIC_REPRESENTATION_CONTEXT(2) 
PARAMETRIC_REPRESENTATION_CONTEXT() REPRESENTATION_CONTEXT('2D SPACE',''
  ) );
#3652 = ORIENTED_EDGE('',*,*,#3653,.F.);
#3653 = EDGE_CURVE('',#2752,#3382,#3654,.T.);
#3654 = SURFACE_CURVE('',#3655,(#3659,#3666),.PCURVE_S1.);
#3655 = LINE('',#3656,#3657);
#3656 = CARTESIAN_POINT('',(31.958734122635,-7.827632289617E-15,0.));
#3657 = VECTOR('',#3658,1.);
#3658 = DIRECTION('',(0.,0.,1.));
#3659 = PCURVE('',#886,#3660);
#3660 = DEFINITIONAL_REPRESENTATION('',(#3661),#3665);
#3661 = LINE('',#3662,#3663);
#3662 = CARTESIAN_POINT('',(0.,-0.));
#3663 = VECTOR('',#3664,1.);
#3664 = DIRECTION('',(0.,1.));
#3665 = ( GEOMETRIC_REPRESENTATION_CONTEXT(2) 
PARAMETRIC_REPRESENTATION_CONTEXT() REPRESENTATION_CONTEXT('2D SPACE',''
  ) );
#3666 = PCURVE('',#2919,#3667);
#3667 = DEFINITIONAL_REPRESENTATION('',(#3668),#3672);
#3668 = LINE('',#3669,#3670);
#3669 = CARTESIAN_POINT('',(6.28318530718,-0.));
#3670 = VECTOR('',#3671,1.);
#3671 = DIRECTION('',(0.,1.));
#3672 = ( GEOMETRIC_REPRESENTATION_CONTEXT(2) 
PARAMETRIC_REPRESENTATION_CONTEXT() REPRESENTATION_CONTEXT('2D SPACE',''
  ) );
#3673 = ADVANCED_FACE('',(#3674),#545,.F.);
#3674 = FACE_BOUND('',#3675,.F.);
#3675 = EDGE_LOOP('',(#3676,#3866,#3961,#4126,#4204,#4205,#4206,#4436,
    #4666,#4917,#5168,#5398));
#3676 = ORIENTED_EDGE('',*,*,#3677,.F.);
#3677 = EDGE_CURVE('',#3678,#3680,#3682,.T.);
#3678 = VERTEX_POINT('',#3679);
#3679 = CARTESIAN_POINT('',(-11.23960823172,29.91708363993,0.));
#3680 = VERTEX_POINT('',#3681);
#3681 = CARTESIAN_POINT('',(31.958734122635,-7.827632289617E-15,
    0.692810409566));
#3682 = SURFACE_CURVE('',#3683,(#3742,#3804),.PCURVE_S1.);
#3683 = B_SPLINE_CURVE_WITH_KNOTS('',8,(#3684,#3685,#3686,#3687,#3688,
    #3689,#3690,#3691,#3692,#3693,#3694,#3695,#3696,#3697,#3698,#3699,
    #3700,#3701,#3702,#3703,#3704,#3705,#3706,#3707,#3708,#3709,#3710,
    #3711,#3712,#3713,#3714,#3715,#3716,#3717,#3718,#3719,#3720,#3721,
    #3722,#3723,#3724,#3725,#3726,#3727,#3728,#3729,#3730,#3731,#3732,
    #3733,#3734,#3735,#3736,#3737,#3738,#3739,#3740,#3741),
  .UNSPECIFIED.,.F.,.F.,(9,7,7,7,7,7,7,7,9),(0.,0.112207877754,
    0.23182503134,0.321523314926,0.466379315145,0.576068256939,
    0.738694737345,0.857571929603,1.),.UNSPECIFIED.);
#3684 = CARTESIAN_POINT('',(-11.2394965798,29.917125586422,
    -5.999999999939E-07));
#3685 = CARTESIAN_POINT('',(-13.0656607752,29.231058130875,
    9.716368874128E-03));
#3686 = CARTESIAN_POINT('',(-14.84425667349,28.417485593747,
    1.943607044778E-02));
#3687 = CARTESIAN_POINT('',(-16.56456348003,27.480356764842,
    2.915604966205E-02));
#3688 = CARTESIAN_POINT('',(-18.21656160824,26.424648482899,
    3.887506173992E-02));
#3689 = CARTESIAN_POINT('',(-19.79084751798,25.256226259749,
    4.859287640659E-02));
#3690 = CARTESIAN_POINT('',(-21.27860700694,23.981791446325,
    5.830980751011E-02));
#3691 = CARTESIAN_POINT('',(-22.671646955,22.608914940528,
    6.802596804259E-02));
#3692 = CARTESIAN_POINT('',(-25.33856034064,19.586811582919,
    8.809598357588E-02));
#3693 = CARTESIAN_POINT('',(-26.59886272373,17.924901397558,
    9.845235344213E-02));
#3694 = CARTESIAN_POINT('',(-27.73418323355,16.170750594339,
    0.108807783103));
#3695 = CARTESIAN_POINT('',(-28.73673778547,14.335420061869,
    0.119162624845));
#3696 = CARTESIAN_POINT('',(-29.59997208477,12.430593925733,
    0.129518009393));
#3697 = CARTESIAN_POINT('',(-30.31849871956,10.468533211137,
    0.139874837822));
#3698 = CARTESIAN_POINT('',(-30.88816690971,8.462097106341,
    0.150232916291));
#3699 = CARTESIAN_POINT('',(-31.61978744597,4.897131214594,
    0.168356959003));
#3700 = CARTESIAN_POINT('',(-31.8481408668,3.351797248424,0.176124754119
    ));
#3701 = CARTESIAN_POINT('',(-31.99013573466,1.79447949044,0.183892999961
    ));
#3702 = CARTESIAN_POINT('',(-32.04506713439,0.230838024126,
    0.191661457133));
#3703 = CARTESIAN_POINT('',(-32.01267351596,-1.333460421705,
    0.199430089405));
#3704 = CARTESIAN_POINT('',(-31.89312346826,-2.892744913825,
    0.207198872969));
#3705 = CARTESIAN_POINT('',(-31.68703042592,-4.441341320319,
    0.214967591374));
#3706 = CARTESIAN_POINT('',(-30.9246879618,-8.44800931269,0.235280393479
    ));
#3707 = CARTESIAN_POINT('',(-30.23087221464,-10.88069616026,
    0.247828071681));
#3708 = CARTESIAN_POINT('',(-29.31848944887,-13.24716475218,
    0.260373420455));
#3709 = CARTESIAN_POINT('',(-28.19524533361,-15.52462090632,
    0.272916774451));
#3710 = CARTESIAN_POINT('',(-26.87133755697,-17.69159593951,
    0.285460015571));
#3711 = CARTESIAN_POINT('',(-25.35945184977,-19.72798785717,
    0.298005001202));
#3712 = CARTESIAN_POINT('',(-23.6747390915,-21.61508152616,
    0.310552027465));
#3713 = CARTESIAN_POINT('',(-20.44283584075,-24.63917508356,
    0.332594271125));
#3714 = CARTESIAN_POINT('',(-18.96104791846,-25.84752726869,
    0.342094313089));
#3715 = CARTESIAN_POINT('',(-17.39788770661,-26.95377032858,
    0.35159455072));
#3716 = CARTESIAN_POINT('',(-15.76164335913,-27.95155120322,
    0.361094663854));
#3717 = CARTESIAN_POINT('',(-14.06110004241,-28.83536513056,
    0.370594842656));
#3718 = CARTESIAN_POINT('',(-12.30551433347,-29.60052374882,
    0.380095238857));
#3719 = CARTESIAN_POINT('',(-10.5046358017,-30.24320368557,
    0.389595402722));
#3720 = CARTESIAN_POINT('',(-5.946901992975,-31.52763909074,
    0.413176033078));
#3721 = CARTESIAN_POINT('',(-3.14621250288,-32.01979943045,
    0.427264175184));
#3722 = CARTESIAN_POINT('',(-0.300909638287,-32.22694373221,
    0.441348590945));
#3723 = CARTESIAN_POINT('',(2.55506972659,-32.14511841611,0.455430108151
    ));
#3724 = CARTESIAN_POINT('',(5.388089024814,-31.77474239587,
    0.469512056062));
#3725 = CARTESIAN_POINT('',(8.164884929176,-31.12073759978,
    0.483597922034));
#3726 = CARTESIAN_POINT('',(10.852627097884,-30.19235695433,
    0.497688470414));
#3727 = CARTESIAN_POINT('',(15.295309763344,-28.13694020159,
    0.522070166344));
#3728 = CARTESIAN_POINT('',(17.107497212093,-27.13015314658,
    0.53236815058));
#3729 = CARTESIAN_POINT('',(18.84342658327,-25.99020193678,
    0.542665903076));
#3730 = CARTESIAN_POINT('',(20.491732361067,-24.72393512304,
    0.552962806383));
#3731 = CARTESIAN_POINT('',(22.041887248444,-23.3392481946,
    0.563258943242));
#3732 = CARTESIAN_POINT('',(23.484169808503,-21.84502554708,
    0.573554444749));
#3733 = CARTESIAN_POINT('',(24.809725194334,-20.25119241911,
    0.583848851454));
#3734 = CARTESIAN_POINT('',(27.449642804577,-16.55327596431,
    0.606471009597));
#3735 = CARTESIAN_POINT('',(28.710436596787,-14.40971781379,
    0.618803292533));
#3736 = CARTESIAN_POINT('',(29.779208085404,-12.15731939079,
    0.631133100443));
#3737 = CARTESIAN_POINT('',(30.645300078839,-9.81632439044,
    0.643462212436));
#3738 = CARTESIAN_POINT('',(31.300571848891,-7.407809019496,
    0.655794277454));
#3739 = CARTESIAN_POINT('',(31.739410709254,-4.953654407607,
    0.668133500127));
#3740 = CARTESIAN_POINT('',(31.95873412484,-2.476516698821,
    0.680477321711));
#3741 = CARTESIAN_POINT('',(31.958734122635,-3.552713678801E-15,
    0.692810409566));
#3742 = PCURVE('',#545,#3743);
#3743 = DEFINITIONAL_REPRESENTATION('',(#3744),#3803);
#3744 = B_SPLINE_CURVE_WITH_KNOTS('',8,(#3745,#3746,#3747,#3748,#3749,
    #3750,#3751,#3752,#3753,#3754,#3755,#3756,#3757,#3758,#3759,#3760,
    #3761,#3762,#3763,#3764,#3765,#3766,#3767,#3768,#3769,#3770,#3771,
    #3772,#3773,#3774,#3775,#3776,#3777,#3778,#3779,#3780,#3781,#3782,
    #3783,#3784,#3785,#3786,#3787,#3788,#3789,#3790,#3791,#3792,#3793,
    #3794,#3795,#3796,#3797,#3798,#3799,#3800,#3801,#3802),
  .UNSPECIFIED.,.F.,.F.,(9,7,7,7,7,7,7,7,9),(0.,0.112207877754,
    0.23182503134,0.321523314926,0.466379315145,0.576068256939,
    0.738694737345,0.857571929603,1.),.UNSPECIFIED.);
#3745 = CARTESIAN_POINT('',(0.164598432949,14.678992874231));
#3746 = CARTESIAN_POINT('',(0.164603332068,14.740801966771));
#3747 = CARTESIAN_POINT('',(0.164611116785,14.802620882835));
#3748 = CARTESIAN_POINT('',(0.164619904715,14.864438936079));
#3749 = CARTESIAN_POINT('',(0.164627414982,14.926254184672));
#3750 = CARTESIAN_POINT('',(0.164632118899,14.988069169958));
#3751 = CARTESIAN_POINT('',(0.16463369535,15.049886730307));
#3752 = CARTESIAN_POINT('',(0.16463279087,15.111705890156));
#3753 = CARTESIAN_POINT('',(0.16462719926,15.239411304779));
#3754 = CARTESIAN_POINT('',(0.164622291148,15.305314138951));
#3755 = CARTESIAN_POINT('',(0.164616298538,15.371213833562));
#3756 = CARTESIAN_POINT('',(0.164610577839,15.437109075049));
#3757 = CARTESIAN_POINT('',(0.164606219856,15.503004198576));
#3758 = CARTESIAN_POINT('',(0.164603711889,15.56890365989));
#3759 = CARTESIAN_POINT('',(0.164602945502,15.634806509928));
#3760 = CARTESIAN_POINT('',(0.164604038201,15.750113611149));
#3761 = CARTESIAN_POINT('',(0.164605286312,15.799531112088));
#3762 = CARTESIAN_POINT('',(0.16460716398,15.848949830713));
#3763 = CARTESIAN_POINT('',(0.164609418255,15.898368906853));
#3764 = CARTESIAN_POINT('',(0.164611771608,15.947788837361));
#3765 = CARTESIAN_POINT('',(0.164613980022,15.997210110292));
#3766 = CARTESIAN_POINT('',(0.164615871097,16.046631800344));
#3767 = CARTESIAN_POINT('',(0.164619770164,16.175857014145));
#3768 = CARTESIAN_POINT('',(0.164621133666,16.255685096158));
#3769 = CARTESIAN_POINT('',(0.16462109262,16.3355020388));
#3770 = CARTESIAN_POINT('',(0.164619833697,16.415309481973));
#3771 = CARTESIAN_POINT('',(0.164618207481,16.49511716961));
#3772 = CARTESIAN_POINT('',(0.16461704224,16.574934748152));
#3773 = CARTESIAN_POINT('',(0.164616636538,16.654763319124));
#3774 = CARTESIAN_POINT('',(0.164617064901,16.795000794722));
#3775 = CARTESIAN_POINT('',(0.164617619312,16.855441127445));
#3776 = CARTESIAN_POINT('',(0.164618506733,16.915881832294));
#3777 = CARTESIAN_POINT('',(0.164619520943,16.976321412773));
#3778 = CARTESIAN_POINT('',(0.164620362562,17.036761863371));
#3779 = CARTESIAN_POINT('',(0.164620728057,17.097204944963));
#3780 = CARTESIAN_POINT('',(0.164620411503,17.157648335895));
#3781 = CARTESIAN_POINT('',(0.164617947775,17.307681015182));
#3782 = CARTESIAN_POINT('',(0.164614982317,17.397321282402));
#3783 = CARTESIAN_POINT('',(0.164610500086,17.486941816822));
#3784 = CARTESIAN_POINT('',(0.164605293748,17.576545807625));
#3785 = CARTESIAN_POINT('',(0.164601360296,17.666149202668));
#3786 = CARTESIAN_POINT('',(0.164601001994,17.755768155637));
#3787 = CARTESIAN_POINT('',(0.164604301917,17.845407311773));
#3788 = CARTESIAN_POINT('',(0.164613830194,18.000505153736));
#3789 = CARTESIAN_POINT('',(0.164619016822,18.066010066543));
#3790 = CARTESIAN_POINT('',(0.164624867275,18.131511765194));
#3791 = CARTESIAN_POINT('',(0.164630260256,18.197009260025));
#3792 = CARTESIAN_POINT('',(0.164633831005,18.262506654264));
#3793 = CARTESIAN_POINT('',(0.164634426779,18.328007803093));
#3794 = CARTESIAN_POINT('',(0.164631639063,18.393510854029));
#3795 = CARTESIAN_POINT('',(0.164620150519,18.5374691314));
#3796 = CARTESIAN_POINT('',(0.164610549009,18.615956024668));
#3797 = CARTESIAN_POINT('',(0.164597744017,18.694432743576));
#3798 = CARTESIAN_POINT('',(0.164589672031,18.772900235861));
#3799 = CARTESIAN_POINT('',(0.164584246478,18.851367530184));
#3800 = CARTESIAN_POINT('',(0.164597521031,18.929843376483));
#3801 = CARTESIAN_POINT('',(0.164615430635,19.008329021739));
#3802 = CARTESIAN_POINT('',(0.164615430658,19.086795396506));
#3803 = ( GEOMETRIC_REPRESENTATION_CONTEXT(2) 
PARAMETRIC_REPRESENTATION_CONTEXT() REPRESENTATION_CONTEXT('2D SPACE',''
  ) );
#3804 = PCURVE('',#1502,#3805);
#3805 = DEFINITIONAL_REPRESENTATION('',(#3806),#3865);
#3806 = B_SPLINE_CURVE_WITH_KNOTS('',8,(#3807,#3808,#3809,#3810,#3811,
    #3812,#3813,#3814,#3815,#3816,#3817,#3818,#3819,#3820,#3821,#3822,
    #3823,#3824,#3825,#3826,#3827,#3828,#3829,#3830,#3831,#3832,#3833,
    #3834,#3835,#3836,#3837,#3838,#3839,#3840,#3841,#3842,#3843,#3844,
    #3845,#3846,#3847,#3848,#3849,#3850,#3851,#3852,#3853,#3854,#3855,
    #3856,#3857,#3858,#3859,#3860,#3861,#3862,#3863,#3864),
  .UNSPECIFIED.,.F.,.F.,(9,7,7,7,7,7,7,7,9),(0.,0.112207877754,
    0.23182503134,0.321523314926,0.466379315145,0.576068256939,
    0.738694737345,0.857571929603,1.),.UNSPECIFIED.);
#3807 = CARTESIAN_POINT('',(1.930169789767,-6.E-07));
#3808 = CARTESIAN_POINT('',(1.991210553531,9.716368874128E-03));
#3809 = CARTESIAN_POINT('',(2.052261009277,1.943607044778E-02));
#3810 = CARTESIAN_POINT('',(2.113310641864,2.915604966205E-02));
#3811 = CARTESIAN_POINT('',(2.174357544795,3.887506173992E-02));
#3812 = CARTESIAN_POINT('',(2.235404218518,4.859287640659E-02));
#3813 = CARTESIAN_POINT('',(2.296453445584,5.830980751011E-02));
#3814 = CARTESIAN_POINT('',(2.357504242677,6.802596804259E-02));
#3815 = CARTESIAN_POINT('',(2.483622351539,8.809598357588E-02));
#3816 = CARTESIAN_POINT('',(2.54870603427,9.845235344213E-02));
#3817 = CARTESIAN_POINT('',(2.613786589043,0.108807783103));
#3818 = CARTESIAN_POINT('',(2.678862722664,0.119162624845));
#3819 = CARTESIAN_POINT('',(2.743938730861,0.129518009393));
#3820 = CARTESIAN_POINT('',(2.809019032932,0.139874837822));
#3821 = CARTESIAN_POINT('',(2.874102707572,0.150232916291));
#3822 = CARTESIAN_POINT('',(2.987976588784,0.168356959003));
#3823 = CARTESIAN_POINT('',(3.036779867459,0.176124754119));
#3824 = CARTESIAN_POINT('',(3.08558436807,0.183892999961));
#3825 = CARTESIAN_POINT('',(3.134389240676,0.191661457133));
#3826 = CARTESIAN_POINT('',(3.183194972438,0.199430089405));
#3827 = CARTESIAN_POINT('',(3.232002039299,0.207198872969));
#3828 = CARTESIAN_POINT('',(3.280809520114,0.214967591374));
#3829 = CARTESIAN_POINT('',(3.408428720032,0.235280393479));
#3830 = CARTESIAN_POINT('',(3.487264684657,0.247828071681));
#3831 = CARTESIAN_POINT('',(3.566089607664,0.260373420455));
#3832 = CARTESIAN_POINT('',(3.644905082561,0.272916774451));
#3833 = CARTESIAN_POINT('',(3.723720724277,0.285460015571));
#3834 = CARTESIAN_POINT('',(3.80254608109,0.298005001202));
#3835 = CARTESIAN_POINT('',(3.881382273463,0.310552027465));
#3836 = CARTESIAN_POINT('',(4.019876421562,0.332594271125));
#3837 = CARTESIAN_POINT('',(4.079565410685,0.342094313089));
#3838 = CARTESIAN_POINT('',(4.139254785486,0.35159455072));
#3839 = CARTESIAN_POINT('',(4.19894308028,0.361094663854));
#3840 = CARTESIAN_POINT('',(4.258632271746,0.370594842656));
#3841 = CARTESIAN_POINT('',(4.318324098574,0.380095238857));
#3842 = CARTESIAN_POINT('',(4.378016260964,0.389595402722));
#3843 = CARTESIAN_POINT('',(4.526184288216,0.413176033078));
#3844 = CARTESIAN_POINT('',(4.6147105219,0.427264175184));
#3845 = CARTESIAN_POINT('',(4.703217277004,0.441348590945));
#3846 = CARTESIAN_POINT('',(4.791707653621,0.455430108151));
#3847 = CARTESIAN_POINT('',(4.880197353942,0.469512056062));
#3848 = CARTESIAN_POINT('',(4.968702341415,0.483597922034));
#3849 = CARTESIAN_POINT('',(5.057227247269,0.497688470414));
#3850 = CARTESIAN_POINT('',(5.210397165059,0.522070166344));
#3851 = CARTESIAN_POINT('',(5.275087828641,0.53236815058));
#3852 = CARTESIAN_POINT('',(5.339775332324,0.542665903076));
#3853 = CARTESIAN_POINT('',(5.404458712922,0.552962806383));
#3854 = CARTESIAN_POINT('',(5.469142023818,0.563258943242));
#3855 = CARTESIAN_POINT('',(5.533829057114,0.573554444749));
#3856 = CARTESIAN_POINT('',(5.59851795951,0.583848851454));
#3857 = CARTESIAN_POINT('',(5.740686903761,0.606471009597));
#3858 = CARTESIAN_POINT('',(5.818198211984,0.618803292533));
#3859 = CARTESIAN_POINT('',(5.895699396643,0.631133100443));
#3860 = CARTESIAN_POINT('',(5.973191460374,0.643462212436));
#3861 = CARTESIAN_POINT('',(6.050683249952,0.655794277454));
#3862 = CARTESIAN_POINT('',(6.128183733306,0.668133500127));
#3863 = CARTESIAN_POINT('',(6.205694231053,0.680477321711));
#3864 = CARTESIAN_POINT('',(6.28318530718,0.692810409566));
#3865 = ( GEOMETRIC_REPRESENTATION_CONTEXT(2) 
PARAMETRIC_REPRESENTATION_CONTEXT() REPRESENTATION_CONTEXT('2D SPACE',''
  ) );
#3866 = ORIENTED_EDGE('',*,*,#3867,.F.);
#3867 = EDGE_CURVE('',#3868,#3678,#3870,.T.);
#3868 = VERTEX_POINT('',#3869);
#3869 = CARTESIAN_POINT('',(30.026089910048,12.437218528676,
    6.940048108534E-17));
#3870 = SURFACE_CURVE('',#3871,(#3899,#3930),.PCURVE_S1.);
#3871 = B_SPLINE_CURVE_WITH_KNOTS('',6,(#3872,#3873,#3874,#3875,#3876,
    #3877,#3878,#3879,#3880,#3881,#3882,#3883,#3884,#3885,#3886,#3887,
    #3888,#3889,#3890,#3891,#3892,#3893,#3894,#3895,#3896,#3897,#3898),
  .UNSPECIFIED.,.F.,.F.,(7,5,5,5,5,7),(0.,0.257037374909,0.50667958813,
    0.630507293303,0.754004815906,1.),.UNSPECIFIED.);
#3872 = CARTESIAN_POINT('',(30.026089910048,12.437218528676,0.));
#3873 = CARTESIAN_POINT('',(28.9640076014,14.924741497205,0.));
#3874 = CARTESIAN_POINT('',(27.653317729736,17.306575586219,0.));
#3875 = CARTESIAN_POINT('',(26.107156357694,19.550640799239,0.));
#3876 = CARTESIAN_POINT('',(24.343840731585,21.62849980964,0.));
#3877 = CARTESIAN_POINT('',(22.385549771181,23.514452878693,0.));
#3878 = CARTESIAN_POINT('',(18.194929180013,26.810791336614,0.));
#3879 = CARTESIAN_POINT('',(15.971510824763,28.233765950168,0.));
#3880 = CARTESIAN_POINT('',(13.61430914254,29.435409247076,0.));
#3881 = CARTESIAN_POINT('',(11.150773939891,30.400623172342,0.));
#3882 = CARTESIAN_POINT('',(8.610267124576,31.118171869218,0.));
#3883 = CARTESIAN_POINT('',(4.742086977297,31.812252622733,0.));
#3884 = CARTESIAN_POINT('',(3.448349827262,31.980005576109,0.));
#3885 = CARTESIAN_POINT('',(2.147219033984,32.08465451974,0.));
#3886 = CARTESIAN_POINT('',(0.842531427813,32.125790294355,0.));
#3887 = CARTESIAN_POINT('',(-0.461848479391,32.103315739107,0.));
#3888 = CARTESIAN_POINT('',(-3.05874091967,31.931791919837,0.));
#3889 = CARTESIAN_POINT('',(-4.351299094747,31.783079386079,0.));
#3890 = CARTESIAN_POINT('',(-5.63584058936,31.571509775488,0.));
#3891 = CARTESIAN_POINT('',(-6.908552610213,31.297609716817,0.));
#3892 = CARTESIAN_POINT('',(-8.165668310621,30.962203372989,0.));
#3893 = CARTESIAN_POINT('',(-11.86905819815,29.778107726004,0.));
#3894 = CARTESIAN_POINT('',(-14.25840881828,28.750163817503,0.));
#3895 = CARTESIAN_POINT('',(-16.54154105659,27.491709587069,0.));
#3896 = CARTESIAN_POINT('',(-18.69118846055,26.016683360081,0.));
#3897 = CARTESIAN_POINT('',(-20.68215644725,24.342678822983,0.));
#3898 = CARTESIAN_POINT('',(-22.49216157274,22.492160466229,0.));
#3899 = PCURVE('',#545,#3900);
#3900 = DEFINITIONAL_REPRESENTATION('',(#3901),#3929);
#3901 = B_SPLINE_CURVE_WITH_KNOTS('',6,(#3902,#3903,#3904,#3905,#3906,
    #3907,#3908,#3909,#3910,#3911,#3912,#3913,#3914,#3915,#3916,#3917,
    #3918,#3919,#3920,#3921,#3922,#3923,#3924,#3925,#3926,#3927,#3928),
  .UNSPECIFIED.,.F.,.F.,(7,5,5,5,5,7),(0.,0.257037374909,0.50667958813,
    0.630507293303,0.754004815906,1.),.UNSPECIFIED.);
#3902 = CARTESIAN_POINT('',(0.758620302397,13.122171834133));
#3903 = CARTESIAN_POINT('',(0.726467665224,13.206438132756));
#3904 = CARTESIAN_POINT('',(0.69427531316,13.290808516238));
#3905 = CARTESIAN_POINT('',(0.662053718013,13.375255540128));
#3906 = CARTESIAN_POINT('',(0.629797283985,13.459793870693));
#3907 = CARTESIAN_POINT('',(0.597499988101,13.544439293979));
#3908 = CARTESIAN_POINT('',(0.533774359798,13.711452745591));
#3909 = CARTESIAN_POINT('',(0.50233885458,13.793839572472));
#3910 = CARTESIAN_POINT('',(0.470874898717,13.876300964715));
#3911 = CARTESIAN_POINT('',(0.439377516283,13.958849963044));
#3912 = CARTESIAN_POINT('',(0.40784138628,14.041500510714));
#3913 = CARTESIAN_POINT('',(0.360618421328,14.165263438865));
#3914 = CARTESIAN_POINT('',(0.344952719262,14.206320435933));
#3915 = CARTESIAN_POINT('',(0.329278863311,14.247398802015));
#3916 = CARTESIAN_POINT('',(0.313596620775,14.28849914633));
#3917 = CARTESIAN_POINT('',(0.29790578814,14.329622002904));
#3918 = CARTESIAN_POINT('',(0.266549577807,14.411801008716));
#3919 = CARTESIAN_POINT('',(0.250883927121,14.452857872012));
#3920 = CARTESIAN_POINT('',(0.235210057693,14.493936275562));
#3921 = CARTESIAN_POINT('',(0.219527793366,14.535036680645));
#3922 = CARTESIAN_POINT('',(0.203836957675,14.576159549576));
#3923 = CARTESIAN_POINT('',(0.156866692955,14.699260196874));
#3924 = CARTESIAN_POINT('',(0.12555781035,14.781315167171));
#3925 = CARTESIAN_POINT('',(9.422030820227E-02,14.86344514306));
#3926 = CARTESIAN_POINT('',(6.284931431608E-02,14.945662895065));
#3927 = CARTESIAN_POINT('',(3.143956162857E-02,15.027982227408));
#3928 = CARTESIAN_POINT('',(0.,15.110379684125));
#3929 = ( GEOMETRIC_REPRESENTATION_CONTEXT(2) 
PARAMETRIC_REPRESENTATION_CONTEXT() REPRESENTATION_CONTEXT('2D SPACE',''
  ) );
#3930 = PCURVE('',#1415,#3931);
#3931 = DEFINITIONAL_REPRESENTATION('',(#3932),#3960);
#3932 = B_SPLINE_CURVE_WITH_KNOTS('',6,(#3933,#3934,#3935,#3936,#3937,
    #3938,#3939,#3940,#3941,#3942,#3943,#3944,#3945,#3946,#3947,#3948,
    #3949,#3950,#3951,#3952,#3953,#3954,#3955,#3956,#3957,#3958,#3959),
  .UNSPECIFIED.,.F.,.F.,(7,5,5,5,5,7),(0.,0.257037374909,0.50667958813,
    0.630507293303,0.754004815906,1.),.UNSPECIFIED.);
#3933 = CARTESIAN_POINT('',(30.026089910048,12.437218528676));
#3934 = CARTESIAN_POINT('',(28.9640076014,14.924741497205));
#3935 = CARTESIAN_POINT('',(27.653317729736,17.306575586219));
#3936 = CARTESIAN_POINT('',(26.107156357694,19.550640799239));
#3937 = CARTESIAN_POINT('',(24.343840731585,21.62849980964));
#3938 = CARTESIAN_POINT('',(22.385549771181,23.514452878693));
#3939 = CARTESIAN_POINT('',(18.194929180013,26.810791336614));
#3940 = CARTESIAN_POINT('',(15.971510824763,28.233765950168));
#3941 = CARTESIAN_POINT('',(13.61430914254,29.435409247076));
#3942 = CARTESIAN_POINT('',(11.150773939891,30.400623172342));
#3943 = CARTESIAN_POINT('',(8.610267124576,31.118171869218));
#3944 = CARTESIAN_POINT('',(4.742086977297,31.812252622733));
#3945 = CARTESIAN_POINT('',(3.448349827262,31.980005576109));
#3946 = CARTESIAN_POINT('',(2.147219033984,32.08465451974));
#3947 = CARTESIAN_POINT('',(0.842531427813,32.125790294355));
#3948 = CARTESIAN_POINT('',(-0.461848479391,32.103315739107));
#3949 = CARTESIAN_POINT('',(-3.05874091967,31.931791919837));
#3950 = CARTESIAN_POINT('',(-4.351299094747,31.783079386079));
#3951 = CARTESIAN_POINT('',(-5.63584058936,31.571509775488));
#3952 = CARTESIAN_POINT('',(-6.908552610213,31.297609716817));
#3953 = CARTESIAN_POINT('',(-8.165668310621,30.962203372989));
#3954 = CARTESIAN_POINT('',(-11.86905819815,29.778107726004));
#3955 = CARTESIAN_POINT('',(-14.25840881828,28.750163817503));
#3956 = CARTESIAN_POINT('',(-16.54154105659,27.491709587069));
#3957 = CARTESIAN_POINT('',(-18.69118846055,26.016683360081));
#3958 = CARTESIAN_POINT('',(-20.68215644725,24.342678822983));
#3959 = CARTESIAN_POINT('',(-22.49216157274,22.492160466229));
#3960 = ( GEOMETRIC_REPRESENTATION_CONTEXT(2) 
PARAMETRIC_REPRESENTATION_CONTEXT() REPRESENTATION_CONTEXT('2D SPACE',''
  ) );
#3961 = ORIENTED_EDGE('',*,*,#3962,.T.);
#3962 = EDGE_CURVE('',#3868,#3963,#3965,.T.);
#3963 = VERTEX_POINT('',#3964);
#3964 = CARTESIAN_POINT('',(30.026076126165,12.437220835098,8.));
#3965 = SURFACE_CURVE('',#3966,(#4113,#4120),.PCURVE_S1.);
#3966 = B_SPLINE_CURVE_WITH_KNOTS('',10,(#3967,#3968,#3969,#3970,#3971,
    #3972,#3973,#3974,#3975,#3976,#3977,#3978,#3979,#3980,#3981,#3982,
    #3983,#3984,#3985,#3986,#3987,#3988,#3989,#3990,#3991,#3992,#3993,
    #3994,#3995,#3996,#3997,#3998,#3999,#4000,#4001,#4002,#4003,#4004,
    #4005,#4006,#4007,#4008,#4009,#4010,#4011,#4012,#4013,#4014,#4015,
    #4016,#4017,#4018,#4019,#4020,#4021,#4022,#4023,#4024,#4025,#4026,
    #4027,#4028,#4029,#4030,#4031,#4032,#4033,#4034,#4035,#4036,#4037,
    #4038,#4039,#4040,#4041,#4042,#4043,#4044,#4045,#4046,#4047,#4048,
    #4049,#4050,#4051,#4052,#4053,#4054,#4055,#4056,#4057,#4058,#4059,
    #4060,#4061,#4062,#4063,#4064,#4065,#4066,#4067,#4068,#4069,#4070,
    #4071,#4072,#4073,#4074,#4075,#4076,#4077,#4078,#4079,#4080,#4081,
    #4082,#4083,#4084,#4085,#4086,#4087,#4088,#4089,#4090,#4091,#4092,
    #4093,#4094,#4095,#4096,#4097,#4098,#4099,#4100,#4101,#4102,#4103,
    #4104,#4105,#4106,#4107,#4108,#4109,#4110,#4111,#4112),
  .UNSPECIFIED.,.F.,.F.,(11,9,9,9,9,9,9,9,9,9,9,9,9,9,9,9,11),(0.,
    4.771698848675,9.543397697351,14.315096546026,19.086795394702,
    23.858494243377,28.630193092053,33.401891940728,38.173590789404,
    42.945289638079,47.716988486755,52.48868733543,57.260386184106,
    62.032085032781,66.803783881457,71.575482730132,76.347181578808),
  .UNSPECIFIED.);
#3967 = CARTESIAN_POINT('',(32.499999929121,3.053230557271E-09,
    -2.062500002261));
#3968 = CARTESIAN_POINT('',(32.499999931341,15.315264490596,
    -1.987499970294));
#3969 = CARTESIAN_POINT('',(24.481570091378,30.630998477017,
    -1.912500092127));
#3970 = CARTESIAN_POINT('',(8.438906286155,41.219449719186,
    -1.837499844085));
#3971 = CARTESIAN_POINT('',(-12.42114336545,42.374600685085,
    -1.76250013305));
#3972 = CARTESIAN_POINT('',(-31.8228744956,31.822874547684,
    -1.687499990824));
#3973 = CARTESIAN_POINT('',(-42.37460072323,12.421143294347,
    -1.612499881985));
#3974 = CARTESIAN_POINT('',(-41.21944970375,-8.438906247195,
    -1.537500141579));
#3975 = CARTESIAN_POINT('',(-30.63099847506,-24.48157011953,
    -1.462499916123));
#3976 = CARTESIAN_POINT('',(-15.31526448456,-32.49999992816,
    -1.387500022975));
#3977 = CARTESIAN_POINT('',(15.315264490627,-32.49999993072,
    -1.237499975817));
#3978 = CARTESIAN_POINT('',(30.63099847699,-24.48157009232,
    -1.162500083689));
#3979 = CARTESIAN_POINT('',(41.219449719184,-8.438906284988,
    -1.087499854542));
#3980 = CARTESIAN_POINT('',(42.374600685129,12.421143364275,
    -1.01250012245));
#3981 = CARTESIAN_POINT('',(31.822874547613,31.822874496578,
    -0.93749999959));
#3982 = CARTESIAN_POINT('',(12.421143294413,42.374600722591,
    -0.862499876163));
#3983 = CARTESIAN_POINT('',(-8.438906247235,41.21944970409,
    -0.78750014457));
#3984 = CARTESIAN_POINT('',(-24.48157011951,30.630998474938,
    -0.712499915039));
#3985 = CARTESIAN_POINT('',(-32.49999992817,15.315264484583,
    -0.637500023167));
#3986 = CARTESIAN_POINT('',(-32.49999993071,-15.31526449063,
    -0.487499975722));
#3987 = CARTESIAN_POINT('',(-24.48157009234,-30.63099847695,
    -0.412500083833));
#3988 = CARTESIAN_POINT('',(-8.438906284948,-41.21944971924,
    -0.337499854364));
#3989 = CARTESIAN_POINT('',(12.421143364215,-42.37460068503,
    -0.26250012263));
#3990 = CARTESIAN_POINT('',(31.822874496642,-31.82287454771,
    -0.187499999441));
#3991 = CARTESIAN_POINT('',(42.374600722543,-12.42114329432,
    -0.112499876262));
#3992 = CARTESIAN_POINT('',(41.219449704113,8.438906247182,
    -3.750014451978E-02));
#3993 = CARTESIAN_POINT('',(30.630998474931,24.481570119539,
    3.750008494237E-02));
#3994 = CARTESIAN_POINT('',(15.315264484583,32.499999928168,
    0.112499976836));
#3995 = CARTESIAN_POINT('',(-15.31526449063,32.49999993072,
    0.262500024276));
#3996 = CARTESIAN_POINT('',(-30.63099847697,24.481570092326,
    0.33749991617));
#3997 = CARTESIAN_POINT('',(-41.21944971919,8.438906284984,
    0.412500145633));
#3998 = CARTESIAN_POINT('',(-42.37460068511,-12.42114336427,
    0.487499877373));
#3999 = CARTESIAN_POINT('',(-31.82287454762,-31.82287449658,
    0.562500000556));
#4000 = CARTESIAN_POINT('',(-12.4211432944,-42.37460072258,0.63750012374
    ));
#4001 = CARTESIAN_POINT('',(8.438906247228,-41.21944970409,
    0.712499855479));
#4002 = CARTESIAN_POINT('',(24.481570119524,-30.63099847493,
    0.787500084943));
#4003 = CARTESIAN_POINT('',(32.499999928169,-15.31526448458,
    0.862499976836));
#4004 = CARTESIAN_POINT('',(32.49999993072,15.31526449064,1.012500024276
    ));
#4005 = CARTESIAN_POINT('',(24.481570092323,30.630998476959,
    1.08749991617));
#4006 = CARTESIAN_POINT('',(8.438906284995,41.21944971924,1.162500145633
    ));
#4007 = CARTESIAN_POINT('',(-12.42114336429,42.374600685055,
    1.237499877372));
#4008 = CARTESIAN_POINT('',(-31.82287449655,31.822874547686,
    1.312500000557));
#4009 = CARTESIAN_POINT('',(-42.37460072261,12.42114329436,
    1.387500123739));
#4010 = CARTESIAN_POINT('',(-41.21944970407,-8.438906247205,
    1.46249985548));
#4011 = CARTESIAN_POINT('',(-30.63099847494,-24.48157011953,
    1.537500084942));
#4012 = CARTESIAN_POINT('',(-15.31526448458,-32.49999992816,
    1.612499976836));
#4013 = CARTESIAN_POINT('',(15.315264490635,-32.49999993072,
    1.762500024276));
#4014 = CARTESIAN_POINT('',(30.630998476984,-24.48157009232,
    1.837499916171));
#4015 = CARTESIAN_POINT('',(41.219449719179,-8.438906284984,
    1.91250014563));
#4016 = CARTESIAN_POINT('',(42.374600685146,12.421143364265,
    1.987499877378));
#4017 = CARTESIAN_POINT('',(31.822874547592,31.822874496594,
    2.06250000055));
#4018 = CARTESIAN_POINT('',(12.421143294429,42.374600722574,
    2.137500123745));
#4019 = CARTESIAN_POINT('',(-8.438906247242,41.219449704102,
    2.212499855476));
#4020 = CARTESIAN_POINT('',(-24.48157011951,30.630998474932,
    2.287500084944));
#4021 = CARTESIAN_POINT('',(-32.49999992817,15.315264484585,
    2.362499976836));
#4022 = CARTESIAN_POINT('',(-32.49999993071,-15.31526449064,
    2.512500024276));
#4023 = CARTESIAN_POINT('',(-24.48157009233,-30.63099847694,
    2.587499916168));
#4024 = CARTESIAN_POINT('',(-8.438906284974,-41.21944971928,
    2.662500145637));
#4025 = CARTESIAN_POINT('',(12.421143364258,-42.37460068498,
    2.737499877366));
#4026 = CARTESIAN_POINT('',(31.822874496594,-31.82287454776,
    2.812500000563));
#4027 = CARTESIAN_POINT('',(42.374600722581,-12.42114329429,
    2.887500123734));
#4028 = CARTESIAN_POINT('',(41.219449704092,8.438906247167,
    2.962499855482));
#4029 = CARTESIAN_POINT('',(30.630998474938,24.481570119544,
    3.037500084942));
#4030 = CARTESIAN_POINT('',(15.315264484582,32.499999928166,
    3.112499976836));
#4031 = CARTESIAN_POINT('',(-15.31526449063,32.499999930722,
    3.262500024276));
#4032 = CARTESIAN_POINT('',(-30.63099847696,24.481570092319,
    3.33749991617));
#4033 = CARTESIAN_POINT('',(-41.21944971921,8.438906284994,
    3.412500145632));
#4034 = CARTESIAN_POINT('',(-42.37460068508,-12.42114336428,
    3.487499877375));
#4035 = CARTESIAN_POINT('',(-31.82287454766,-31.82287449657,
    3.562500000553));
#4036 = CARTESIAN_POINT('',(-12.42114329436,-42.37460072259,
    3.637500123742));
#4037 = CARTESIAN_POINT('',(8.438906247209,-41.21944970408,
    3.712499855478));
#4038 = CARTESIAN_POINT('',(24.481570119528,-30.63099847493,
    3.787500084943));
#4039 = CARTESIAN_POINT('',(32.499999928171,-15.31526448458,
    3.862499976836));
#4040 = CARTESIAN_POINT('',(32.499999930716,15.315264490642,
    4.012500024276));
#4041 = CARTESIAN_POINT('',(24.481570092344,30.630998476942,
    4.087499916168));
#4042 = CARTESIAN_POINT('',(8.438906284941,41.219449719289,
    4.162500145637));
#4043 = CARTESIAN_POINT('',(-12.4211433642,42.374600684965,
    4.237499877366));
#4044 = CARTESIAN_POINT('',(-31.82287449665,31.822874547801,
    4.312500000563));
#4045 = CARTESIAN_POINT('',(-42.37460072253,12.421143294259,
    4.387500123735));
#4046 = CARTESIAN_POINT('',(-41.21944970411,-8.438906247146,
    4.462499855481));
#4047 = CARTESIAN_POINT('',(-30.63099847492,-24.48157011955,
    4.537500084942));
#4048 = CARTESIAN_POINT('',(-15.31526448458,-32.49999992816,
    4.612499976836));
#4049 = CARTESIAN_POINT('',(15.315264490643,-32.49999993072,
    4.762500024276));
#4050 = CARTESIAN_POINT('',(30.630998476941,-24.48157009233,
    4.837499916168));
#4051 = CARTESIAN_POINT('',(41.219449719285,-8.438906284972,
    4.912500145638));
#4052 = CARTESIAN_POINT('',(42.374600684975,12.421143364253,
    4.987499877363));
#4053 = CARTESIAN_POINT('',(31.822874547785,31.822874496599,
    5.062500000567));
#4054 = CARTESIAN_POINT('',(12.421143294272,42.374600722577,
    5.137500123731));
#4055 = CARTESIAN_POINT('',(-8.438906247153,41.219449704096,
    5.212499855484));
#4056 = CARTESIAN_POINT('',(-24.48157011954,30.630998474936,
    5.287500084941));
#4057 = CARTESIAN_POINT('',(-32.49999992816,15.315264484583,
    5.362499976836));
#4058 = CARTESIAN_POINT('',(-32.49999993072,-15.31526449064,
    5.512500024276));
#4059 = CARTESIAN_POINT('',(-24.48157009232,-30.63099847695,
    5.58749991617));
#4060 = CARTESIAN_POINT('',(-8.43890628499,-41.21944971925,
    5.662500145632));
#4061 = CARTESIAN_POINT('',(12.421143364283,-42.37460068502,
    5.737499877374));
#4062 = CARTESIAN_POINT('',(31.82287449656,-31.82287454773,
    5.812500000555));
#4063 = CARTESIAN_POINT('',(42.374600722613,-12.42114329431,
    5.887500123741));
#4064 = CARTESIAN_POINT('',(41.219449704072,8.438906247175,
    5.962499855479));
#4065 = CARTESIAN_POINT('',(30.630998474948,24.481570119542,
    6.037500084943));
#4066 = CARTESIAN_POINT('',(15.315264484579,32.499999928166,
    6.112499976836));
#4067 = CARTESIAN_POINT('',(-15.31526449063,32.499999930722,
    6.262500024276));
#4068 = CARTESIAN_POINT('',(-30.63099847699,24.481570092322,
    6.337499916172));
#4069 = CARTESIAN_POINT('',(-41.21944971915,8.43890628499,6.412500145625
    ));
#4070 = CARTESIAN_POINT('',(-42.37460068518,-12.42114336427,
    6.487499877388));
#4071 = CARTESIAN_POINT('',(-31.82287454755,-31.82287449657,
    6.562500000539));
#4072 = CARTESIAN_POINT('',(-12.42114329445,-42.37460072258,
    6.637500123753));
#4073 = CARTESIAN_POINT('',(8.43890624725,-41.21944970409,6.712499855473
    ));
#4074 = CARTESIAN_POINT('',(24.481570119515,-30.63099847493,
    6.787500084945));
#4075 = CARTESIAN_POINT('',(32.499999928171,-15.31526448458,
    6.862499976836));
#4076 = CARTESIAN_POINT('',(32.499999930718,15.31526449064,
    7.012500024276));
#4077 = CARTESIAN_POINT('',(24.481570092329,30.630998476963,
    7.087499916169));
#4078 = CARTESIAN_POINT('',(8.438906284982,41.219449719228,
    7.162500145634));
#4079 = CARTESIAN_POINT('',(-12.42114336427,42.374600685071,
    7.237499877372));
#4080 = CARTESIAN_POINT('',(-31.82287449655,31.822874547677,
    7.312500000557));
#4081 = CARTESIAN_POINT('',(-42.37460072262,12.421143294356,
    7.38750012374));
#4082 = CARTESIAN_POINT('',(-41.21944970406,-8.438906247198,
    7.46249985548));
#4083 = CARTESIAN_POINT('',(-30.63099847495,-24.48157011953,
    7.537500084942));
#4084 = CARTESIAN_POINT('',(-15.31526448457,-32.49999992816,
    7.612499976836));
#4085 = CARTESIAN_POINT('',(15.315264490634,-32.49999993072,
    7.762500024276));
#4086 = CARTESIAN_POINT('',(30.630998476991,-24.48157009232,
    7.837499916173));
#4087 = CARTESIAN_POINT('',(41.219449719163,-8.438906284983,
    7.912500145624));
#4088 = CARTESIAN_POINT('',(42.374600685171,12.421143364268,
    7.987499877387));
#4089 = CARTESIAN_POINT('',(31.82287454757,31.822874496582,
    8.062500000539));
#4090 = CARTESIAN_POINT('',(12.42114329444,42.374600722591,
    8.137500123753));
#4091 = CARTESIAN_POINT('',(-8.438906247247,41.219449704088,
    8.212499855472));
#4092 = CARTESIAN_POINT('',(-24.48157011951,30.630998474938,
    8.287500084946));
#4093 = CARTESIAN_POINT('',(-32.49999992817,15.315264484583,
    8.362499976835));
#4094 = CARTESIAN_POINT('',(-32.49999993071,-15.31526449064,
    8.51250002428));
#4095 = CARTESIAN_POINT('',(-24.48157009233,-30.63099847696,
    8.587499916151));
#4096 = CARTESIAN_POINT('',(-8.43890628497,-41.21944971923,
    8.662500145682));
#4097 = CARTESIAN_POINT('',(12.421143364255,-42.37460068505,
    8.737499877279));
#4098 = CARTESIAN_POINT('',(31.822874496594,-31.8228745477,
    8.812500000696));
#4099 = CARTESIAN_POINT('',(42.374600722579,-12.42114329433,
    8.887500123569));
#4100 = CARTESIAN_POINT('',(41.219449704103,8.438906247187,8.96249985565
    ));
#4101 = CARTESIAN_POINT('',(30.630998474924,24.481570119536,
    9.037500084803));
#4102 = CARTESIAN_POINT('',(15.315264484594,32.499999928169,
    9.112499976929));
#4103 = CARTESIAN_POINT('',(-15.31526449066,32.499999930719,
    9.262500024088));
#4104 = CARTESIAN_POINT('',(-30.63099847682,24.481570092332,
    9.337499917233));
#4105 = CARTESIAN_POINT('',(-41.21944971961,8.438906284967,
    9.412500142697));
#4106 = CARTESIAN_POINT('',(-42.37460068432,-12.42114336424,
    9.487499883089));
#4107 = CARTESIAN_POINT('',(-31.82287454877,-31.82287449662,
    9.562499991946));
#4108 = CARTESIAN_POINT('',(-12.42114329306,-42.37460072255,
    9.637500134157));
#4109 = CARTESIAN_POINT('',(8.43890624596,-41.2194497041,9.712499845199)
  );
#4110 = CARTESIAN_POINT('',(24.481570120517,-30.63099847493,
    9.78750009324));
#4111 = CARTESIAN_POINT('',(32.499999927532,-15.31526448457,
    9.862499971406));
#4112 = CARTESIAN_POINT('',(32.499999929772,3.025050103927E-09,
    9.937500003374));
#4113 = PCURVE('',#545,#4114);
#4114 = DEFINITIONAL_REPRESENTATION('',(#4115),#4119);
#4115 = LINE('',#4116,#4117);
#4116 = CARTESIAN_POINT('',(0.758620302397,0.));
#4117 = VECTOR('',#4118,1.);
#4118 = DIRECTION('',(0.,1.));
#4119 = ( GEOMETRIC_REPRESENTATION_CONTEXT(2) 
PARAMETRIC_REPRESENTATION_CONTEXT() REPRESENTATION_CONTEXT('2D SPACE',''
  ) );
#4120 = PCURVE('',#1061,#4121);
#4121 = DEFINITIONAL_REPRESENTATION('',(#4122),#4125);
#4122 = B_SPLINE_CURVE_WITH_KNOTS('',1,(#4123,#4124),.UNSPECIFIED.,.F.,
  .F.,(2,2),(0.,76.347181578808),.PIECEWISE_BEZIER_KNOTS.);
#4123 = CARTESIAN_POINT('',(0.,0.));
#4124 = CARTESIAN_POINT('',(0.,76.347181578808));
#4125 = ( GEOMETRIC_REPRESENTATION_CONTEXT(2) 
PARAMETRIC_REPRESENTATION_CONTEXT() REPRESENTATION_CONTEXT('2D SPACE',''
  ) );
#4126 = ORIENTED_EDGE('',*,*,#4127,.T.);
#4127 = EDGE_CURVE('',#3963,#447,#4128,.T.);
#4128 = SURFACE_CURVE('',#4129,(#4152,#4178),.PCURVE_S1.);
#4129 = B_SPLINE_CURVE_WITH_KNOTS('',6,(#4130,#4131,#4132,#4133,#4134,
    #4135,#4136,#4137,#4138,#4139,#4140,#4141,#4142,#4143,#4144,#4145,
    #4146,#4147,#4148,#4149,#4150,#4151),.UNSPECIFIED.,.F.,.F.,(7,5,5,5,
    7),(0.,0.256034676658,0.50768438594,0.754003178838,1.),
  .UNSPECIFIED.);
#4130 = CARTESIAN_POINT('',(30.026076126165,12.437220835098,8.));
#4131 = CARTESIAN_POINT('',(28.968150888024,14.915016292908,8.));
#4132 = CARTESIAN_POINT('',(27.663563380028,17.28794549531,8.));
#4133 = CARTESIAN_POINT('',(26.125293147384,19.524310542069,8.));
#4134 = CARTESIAN_POINT('',(24.371417590984,21.595989714112,8.));
#4135 = CARTESIAN_POINT('',(22.423824041495,23.477555972613,8.));
#4136 = CARTESIAN_POINT('',(18.231424129139,26.788631191709,8.));
#4137 = CARTESIAN_POINT('',(15.991673622886,28.225809221736,8.));
#4138 = CARTESIAN_POINT('',(13.61574749517,29.438184751398,8.));
#4139 = CARTESIAN_POINT('',(11.131757584386,30.410287157599,8.));
#4140 = CARTESIAN_POINT('',(8.569786268402,31.130629356295,8.));
#4141 = CARTESIAN_POINT('',(3.410372155508,32.045962344419,8.));
#4142 = CARTESIAN_POINT('',(0.814127936331,32.251883890816,8.));
#4143 = CARTESIAN_POINT('',(-1.795713479215,32.205075080512,8.));
#4144 = CARTESIAN_POINT('',(-4.38873826216,31.905124693654,8.));
#4145 = CARTESIAN_POINT('',(-6.934655493521,31.355789079814,8.));
#4146 = CARTESIAN_POINT('',(-11.86905421388,29.778101154646,8.));
#4147 = CARTESIAN_POINT('',(-14.25840710079,28.750162029001,8.));
#4148 = CARTESIAN_POINT('',(-16.54154215143,27.491713269988,8.));
#4149 = CARTESIAN_POINT('',(-18.69118994197,26.016687539818,8.));
#4150 = CARTESIAN_POINT('',(-20.68215692818,24.342681128785,8.));
#4151 = CARTESIAN_POINT('',(-22.49216038204,22.492161657383,8.));
#4152 = PCURVE('',#545,#4153);
#4153 = DEFINITIONAL_REPRESENTATION('',(#4154),#4177);
#4154 = B_SPLINE_CURVE_WITH_KNOTS('',6,(#4155,#4156,#4157,#4158,#4159,
    #4160,#4161,#4162,#4163,#4164,#4165,#4166,#4167,#4168,#4169,#4170,
    #4171,#4172,#4173,#4174,#4175,#4176),.UNSPECIFIED.,.F.,.F.,(7,5,5,5,
    7),(0.,0.256034676658,0.50768438594,0.754003178838,1.),
  .UNSPECIFIED.);
#4155 = CARTESIAN_POINT('',(0.758620302397,64.020292886556));
#4156 = CARTESIAN_POINT('',(0.726593446925,64.104229534951));
#4157 = CARTESIAN_POINT('',(0.694527221013,64.188269365614));
#4158 = CARTESIAN_POINT('',(0.662431884052,64.272385490654));
#4159 = CARTESIAN_POINT('',(0.630301953503,64.356592279185));
#4160 = CARTESIAN_POINT('',(0.598131531864,64.440905187803));
#4161 = CARTESIAN_POINT('',(0.534281444752,64.608244821717));
#4162 = CARTESIAN_POINT('',(0.502593718019,64.691292674123));
#4163 = CARTESIAN_POINT('',(0.470877247027,64.774415860499));
#4164 = CARTESIAN_POINT('',(0.43912685244,64.857627954915));
#4165 = CARTESIAN_POINT('',(0.407336948871,64.940943595441));
#4166 = CARTESIAN_POINT('',(0.344371219324,65.105965489127));
#4167 = CARTESIAN_POINT('',(0.313188197884,65.187690600299));
#4168 = CARTESIAN_POINT('',(0.281976901029,65.269489816086));
#4169 = CARTESIAN_POINT('',(0.250732523762,65.351375729386));
#4170 = CARTESIAN_POINT('',(0.219449899851,65.43336188008));
#4171 = CARTESIAN_POINT('',(0.15686669921,65.597381232544));
#4172 = CARTESIAN_POINT('',(0.125557822706,65.679436186539));
#4173 = CARTESIAN_POINT('',(9.422032540481E-02,65.761566150668));
#4174 = CARTESIAN_POINT('',(6.28493221197E-02,65.843783928419));
#4175 = CARTESIAN_POINT('',(3.14395566076E-02,65.92610329547));
#4176 = CARTESIAN_POINT('',(0.,66.008500739585));
#4177 = ( GEOMETRIC_REPRESENTATION_CONTEXT(2) 
PARAMETRIC_REPRESENTATION_CONTEXT() REPRESENTATION_CONTEXT('2D SPACE',''
  ) );
#4178 = PCURVE('',#3340,#4179);
#4179 = DEFINITIONAL_REPRESENTATION('',(#4180),#4203);
#4180 = B_SPLINE_CURVE_WITH_KNOTS('',6,(#4181,#4182,#4183,#4184,#4185,
    #4186,#4187,#4188,#4189,#4190,#4191,#4192,#4193,#4194,#4195,#4196,
    #4197,#4198,#4199,#4200,#4201,#4202),.UNSPECIFIED.,.F.,.F.,(7,5,5,5,
    7),(0.,0.256034676658,0.50768438594,0.754003178838,1.),
  .UNSPECIFIED.);
#4181 = CARTESIAN_POINT('',(30.026076126165,12.437220835098));
#4182 = CARTESIAN_POINT('',(28.968150888024,14.915016292908));
#4183 = CARTESIAN_POINT('',(27.663563380028,17.28794549531));
#4184 = CARTESIAN_POINT('',(26.125293147384,19.524310542069));
#4185 = CARTESIAN_POINT('',(24.371417590984,21.595989714112));
#4186 = CARTESIAN_POINT('',(22.423824041495,23.477555972613));
#4187 = CARTESIAN_POINT('',(18.231424129139,26.788631191709));
#4188 = CARTESIAN_POINT('',(15.991673622886,28.225809221736));
#4189 = CARTESIAN_POINT('',(13.61574749517,29.438184751398));
#4190 = CARTESIAN_POINT('',(11.131757584386,30.410287157599));
#4191 = CARTESIAN_POINT('',(8.569786268402,31.130629356295));
#4192 = CARTESIAN_POINT('',(3.410372155508,32.045962344419));
#4193 = CARTESIAN_POINT('',(0.814127936331,32.251883890816));
#4194 = CARTESIAN_POINT('',(-1.795713479215,32.205075080512));
#4195 = CARTESIAN_POINT('',(-4.38873826216,31.905124693654));
#4196 = CARTESIAN_POINT('',(-6.934655493521,31.355789079814));
#4197 = CARTESIAN_POINT('',(-11.86905421388,29.778101154646));
#4198 = CARTESIAN_POINT('',(-14.25840710079,28.750162029001));
#4199 = CARTESIAN_POINT('',(-16.54154215143,27.491713269988));
#4200 = CARTESIAN_POINT('',(-18.69118994197,26.016687539818));
#4201 = CARTESIAN_POINT('',(-20.68215692818,24.342681128785));
#4202 = CARTESIAN_POINT('',(-22.49216038204,22.492161657383));
#4203 = ( GEOMETRIC_REPRESENTATION_CONTEXT(2) 
PARAMETRIC_REPRESENTATION_CONTEXT() REPRESENTATION_CONTEXT('2D SPACE',''
  ) );
#4204 = ORIENTED_EDGE('',*,*,#475,.F.);
#4205 = ORIENTED_EDGE('',*,*,#3381,.F.);
#4206 = ORIENTED_EDGE('',*,*,#4207,.F.);
#4207 = EDGE_CURVE('',#4208,#3382,#4210,.T.);
#4208 = VERTEX_POINT('',#4209);
#4209 = CARTESIAN_POINT('',(31.958734122635,-7.827632289617E-15,
    5.692808046105));
#4210 = SURFACE_CURVE('',#4211,(#4284,#4360),.PCURVE_S1.);
#4211 = B_SPLINE_CURVE_WITH_KNOTS('',8,(#4212,#4213,#4214,#4215,#4216,
    #4217,#4218,#4219,#4220,#4221,#4222,#4223,#4224,#4225,#4226,#4227,
    #4228,#4229,#4230,#4231,#4232,#4233,#4234,#4235,#4236,#4237,#4238,
    #4239,#4240,#4241,#4242,#4243,#4244,#4245,#4246,#4247,#4248,#4249,
    #4250,#4251,#4252,#4253,#4254,#4255,#4256,#4257,#4258,#4259,#4260,
    #4261,#4262,#4263,#4264,#4265,#4266,#4267,#4268,#4269,#4270,#4271,
    #4272,#4273,#4274,#4275,#4276,#4277,#4278,#4279,#4280,#4281,#4282,
    #4283),.UNSPECIFIED.,.F.,.F.,(9,7,7,7,7,7,7,7,7,7,9),(0.,
    5.654309296199E-02,0.163598544783,0.217272715945,0.293935708884,
    0.378480720582,0.521385462818,0.629527309053,0.70573290919,
    0.853413767337,1.),.UNSPECIFIED.);
#4212 = CARTESIAN_POINT('',(31.958734122635,2.13162820728E-14,
    5.692808046105));
#4213 = CARTESIAN_POINT('',(31.958734122635,1.418929306794,
    5.699873526952));
#4214 = CARTESIAN_POINT('',(31.886735482076,2.837965061249,
    5.706939570319));
#4215 = CARTESIAN_POINT('',(31.74271964591,4.252742668921,5.714005746067
    ));
#4216 = CARTESIAN_POINT('',(31.526998805837,5.658962722723,
    5.721071952512));
#4217 = CARTESIAN_POINT('',(31.24018900907,7.052386947704,5.728138251284
    ));
#4218 = CARTESIAN_POINT('',(30.88319891275,8.428837215731,5.735204711564
    ));
#4219 = CARTESIAN_POINT('',(30.457234183981,9.784197630066,
    5.742271263703));
#4220 = CARTESIAN_POINT('',(29.029610759185,13.632985876015,
    5.762716486847));
#4221 = CARTESIAN_POINT('',(27.853084620083,16.062842721376,
    5.776101960203));
#4222 = CARTESIAN_POINT('',(26.444490858888,18.375290623976,
    5.789486069601));
#4223 = CARTESIAN_POINT('',(24.817987098487,20.544671029577,
    5.80286814549));
#4224 = CARTESIAN_POINT('',(22.990541930856,22.547636568628,
    5.816248733283));
#4225 = CARTESIAN_POINT('',(20.981936893868,24.363216043451,
    5.829628326978));
#4226 = CARTESIAN_POINT('',(18.814650333796,25.97279650927,
    5.843007880012));
#4227 = CARTESIAN_POINT('',(15.361673082161,28.056972517816,
    5.863087527767));
#4228 = CARTESIAN_POINT('',(14.17507490581,28.697425586771,
    5.869792454942));
#4229 = CARTESIAN_POINT('',(12.958087095141,29.280449504987,
    5.876497441528));
#4230 = CARTESIAN_POINT('',(11.713939010028,29.804377214858,
    5.883202871364));
#4231 = CARTESIAN_POINT('',(10.445970648121,30.267765517333,
    5.889908967224));
#4232 = CARTESIAN_POINT('',(9.157632644852,30.669395071922,
    5.896615790813));
#4233 = CARTESIAN_POINT('',(7.852486273431,31.008270396694,
    5.903323242771));
#4234 = CARTESIAN_POINT('',(4.651295800641,31.676902412522,
    5.919611863614));
#4235 = CARTESIAN_POINT('',(2.741025026894,31.940730534797,
    5.929195885126));
#4236 = CARTESIAN_POINT('',(0.814113270182,32.072789188969,
    5.938782603245));
#4237 = CARTESIAN_POINT('',(-1.118762946966,32.071946673612,
    5.948363955076));
#4238 = CARTESIAN_POINT('',(-3.046978535375,31.938097971158,
    5.957937892862));
#4239 = CARTESIAN_POINT('',(-4.959966331688,31.672103031896,
    5.967511343518));
#4240 = CARTESIAN_POINT('',(-6.847224273972,31.275820002842,
    5.97709257365));
#4241 = CARTESIAN_POINT('',(-10.739740892,30.174814836861,5.997238342978
    ));
#4242 = CARTESIAN_POINT('',(-12.73761716663,29.44244640205,
    6.007807164578));
#4243 = CARTESIAN_POINT('',(-14.67782847675,28.559051349206,
    6.018377041831));
#4244 = CARTESIAN_POINT('',(-16.54710554077,27.530049225363,
    6.028946449104));
#4245 = CARTESIAN_POINT('',(-18.33291694948,26.362143711488,
    6.039514932064));
#4246 = CARTESIAN_POINT('',(-20.0234419778,25.063252115863,
    6.050082713067));
#4247 = CARTESIAN_POINT('',(-21.60763266202,23.642576521787,
    6.060649687997));
#4248 = CARTESIAN_POINT('',(-25.55624399736,19.521713413915,
    6.089070146381));
#4249 = CARTESIAN_POINT('',(-27.70800358903,16.611473560516,
    6.106944241815));
#4250 = CARTESIAN_POINT('',(-29.47723743115,13.433147436619,
    6.124805763638));
#4251 = CARTESIAN_POINT('',(-30.82749492021,10.046518342283,
    6.142662731746));
#4252 = CARTESIAN_POINT('',(-31.73192743832,6.514625843906,
    6.160523565932));
#4253 = CARTESIAN_POINT('',(-32.17515683511,2.904218711944,
    6.178392665745));
#4254 = CARTESIAN_POINT('',(-32.15134473665,-0.715119511521,
    6.196273676774));
#4255 = CARTESIAN_POINT('',(-31.3098305023,-6.958403552169,
    6.227649485597));
#4256 = CARTESIAN_POINT('',(-30.68621955473,-9.613578889477,
    6.241169547438));
#4257 = CARTESIAN_POINT('',(-29.8053471479,-12.20346173157,
    6.254686327559));
#4258 = CARTESIAN_POINT('',(-28.67568268617,-14.6991356057,
    6.268200270819));
#4259 = CARTESIAN_POINT('',(-27.30905038389,-17.07334252016,
    6.281713942368));
#4260 = CARTESIAN_POINT('',(-25.72067572676,-19.3005665109,
    6.295229954733));
#4261 = CARTESIAN_POINT('',(-23.92909325941,-21.35704267379,
    6.308748922155));
#4262 = CARTESIAN_POINT('',(-20.56782407427,-24.5353242018,
    6.331786517111));
#4263 = CARTESIAN_POINT('',(-19.08828290156,-25.75434590891,
    6.341311407452));
#4264 = CARTESIAN_POINT('',(-17.52642949424,-26.87113079166,
    6.350836477023));
#4265 = CARTESIAN_POINT('',(-15.89058871682,-27.87923412536,
    6.36036139669));
#4266 = CARTESIAN_POINT('',(-14.18958623934,-28.77307063161,
    6.369886382676));
#4267 = CARTESIAN_POINT('',(-12.43271961887,-29.547879155,6.379411642766
    ));
#4268 = CARTESIAN_POINT('',(-10.62977800145,-30.19976744937,
    6.388936817724));
#4269 = CARTESIAN_POINT('',(-5.227907710961,-31.74532138222,
    6.416916455932));
#4270 = CARTESIAN_POINT('',(-1.525021741567,-32.29386270519,
    6.435395013619));
#4271 = CARTESIAN_POINT('',(2.237822619468,-32.34638341255,
    6.453858714487));
#4272 = CARTESIAN_POINT('',(5.983481658462,-31.89891217817,
    6.472314106266));
#4273 = CARTESIAN_POINT('',(9.636660776907,-30.95852637685,
    6.490772113493));
#4274 = CARTESIAN_POINT('',(13.124630076975,-29.54594014742,
    6.509242248752));
#4275 = CARTESIAN_POINT('',(16.376983659435,-27.69279988095,
    6.527727211657));
#4276 = CARTESIAN_POINT('',(22.258224821798,-23.22639264157,
    6.564510999987));
#4277 = CARTESIAN_POINT('',(24.898754381563,-20.61339409749,
    6.582855161884));
#4278 = CARTESIAN_POINT('',(27.184067782104,-17.65992251148,
    6.601181869186));
#4279 = CARTESIAN_POINT('',(29.065710820987,-14.42383168087,
    6.619496207622));
#4280 = CARTESIAN_POINT('',(30.50487372415,-10.96813756965,
    6.637803427014));
#4281 = CARTESIAN_POINT('',(31.474806146745,-7.36185008051,
    6.656131403675));
#4282 = CARTESIAN_POINT('',(31.958734122635,-3.67864845393,6.67449069026
    ));
#4283 = CARTESIAN_POINT('',(31.958734122635,5.329070518201E-14,
    6.692810409566));
#4284 = PCURVE('',#545,#4285);
#4285 = DEFINITIONAL_REPRESENTATION('',(#4286),#4359);
#4286 = B_SPLINE_CURVE_WITH_KNOTS('',8,(#4287,#4288,#4289,#4290,#4291,
    #4292,#4293,#4294,#4295,#4296,#4297,#4298,#4299,#4300,#4301,#4302,
    #4303,#4304,#4305,#4306,#4307,#4308,#4309,#4310,#4311,#4312,#4313,
    #4314,#4315,#4316,#4317,#4318,#4319,#4320,#4321,#4322,#4323,#4324,
    #4325,#4326,#4327,#4328,#4329,#4330,#4331,#4332,#4333,#4334,#4335,
    #4336,#4337,#4338,#4339,#4340,#4341,#4342,#4343,#4344,#4345,#4346,
    #4347,#4348,#4349,#4350,#4351,#4352,#4353,#4354,#4355,#4356,#4357,
    #4358),.UNSPECIFIED.,.F.,.F.,(9,7,7,7,7,7,7,7,7,7,9),(0.,
    5.654309296199E-02,0.163598544783,0.217272715945,0.293935708884,
    0.378480720582,0.521385462818,0.629527309053,0.70573290919,
    0.853413767337,1.),.UNSPECIFIED.);
#4287 = CARTESIAN_POINT('',(0.164609841964,50.898120923049));
#4288 = CARTESIAN_POINT('',(0.164607903142,50.943078466779));
#4289 = CARTESIAN_POINT('',(0.164606042907,50.988039383454));
#4290 = CARTESIAN_POINT('',(0.164604435057,51.033000480917));
#4291 = CARTESIAN_POINT('',(0.164603280121,51.077960586676));
#4292 = CARTESIAN_POINT('',(0.164602759736,51.122919616798));
#4293 = CARTESIAN_POINT('',(0.16460299855,51.167877684753));
#4294 = CARTESIAN_POINT('',(0.164604033652,51.212834250208));
#4295 = CARTESIAN_POINT('',(0.164609119745,51.342898850787));
#4296 = CARTESIAN_POINT('',(0.164615042498,51.428045258713));
#4297 = CARTESIAN_POINT('',(0.164623085193,51.513177432796));
#4298 = CARTESIAN_POINT('',(0.164631429897,51.598295877638));
#4299 = CARTESIAN_POINT('',(0.16463680819,51.683412629249));
#4300 = CARTESIAN_POINT('',(0.164635486078,51.76854061671));
#4301 = CARTESIAN_POINT('',(0.164628310315,51.853683686842));
#4302 = CARTESIAN_POINT('',(0.164614133057,51.981472885657));
#4303 = CARTESIAN_POINT('',(0.164608624477,52.024145847035));
#4304 = CARTESIAN_POINT('',(0.164603166323,52.066819054244));
#4305 = CARTESIAN_POINT('',(0.164598453357,52.109493128521));
#4306 = CARTESIAN_POINT('',(0.164595050464,52.15216800675));
#4307 = CARTESIAN_POINT('',(0.164593392646,52.194842941457));
#4308 = CARTESIAN_POINT('',(0.164593785027,52.237516500811));
#4309 = CARTESIAN_POINT('',(0.164600141899,52.34113236502));
#4310 = CARTESIAN_POINT('',(0.164607963466,52.402087951982));
#4311 = CARTESIAN_POINT('',(0.164622557676,52.463042945588));
#4312 = CARTESIAN_POINT('',(0.164625256067,52.523994974261));
#4313 = CARTESIAN_POINT('',(0.164610246726,52.584946241598));
#4314 = CARTESIAN_POINT('',(0.164593157398,52.645899860964));
#4315 = CARTESIAN_POINT('',(0.164594006561,52.706855961843));
#4316 = CARTESIAN_POINT('',(0.164595091418,52.835025844374));
#4317 = CARTESIAN_POINT('',(0.164600710734,52.902252762298));
#4318 = CARTESIAN_POINT('',(0.164610336328,52.969475896834));
#4319 = CARTESIAN_POINT('',(0.164620527421,53.036694559162));
#4320 = CARTESIAN_POINT('',(0.164628269163,53.103913760072));
#4321 = CARTESIAN_POINT('',(0.16463233857,53.171138119479));
#4322 = CARTESIAN_POINT('',(0.164633213754,53.238365721922));
#4323 = CARTESIAN_POINT('',(0.164628674515,53.419196109857));
#4324 = CARTESIAN_POINT('',(0.16461862232,53.532942188991));
#4325 = CARTESIAN_POINT('',(0.164605058696,53.646617474315));
#4326 = CARTESIAN_POINT('',(0.164597611994,53.760247756333));
#4327 = CARTESIAN_POINT('',(0.164599767495,53.873877469713));
#4328 = CARTESIAN_POINT('',(0.164605420205,53.987550605645));
#4329 = CARTESIAN_POINT('',(0.164611286923,54.101298963012));
#4330 = CARTESIAN_POINT('',(0.164618707538,54.30090072936));
#4331 = CARTESIAN_POINT('',(0.164620977292,54.38691299877));
#4332 = CARTESIAN_POINT('',(0.164621582469,54.472908751564));
#4333 = CARTESIAN_POINT('',(0.164620449437,54.558891011031));
#4334 = CARTESIAN_POINT('',(0.164618594095,54.644873434851));
#4335 = CARTESIAN_POINT('',(0.164617181809,54.730869590388));
#4336 = CARTESIAN_POINT('',(0.164616643538,54.81688225614));
#4337 = CARTESIAN_POINT('',(0.164617021717,54.963452552107));
#4338 = CARTESIAN_POINT('',(0.164617552877,55.024051037727));
#4339 = CARTESIAN_POINT('',(0.164618428998,55.08464975958));
#4340 = CARTESIAN_POINT('',(0.164619449188,55.145247150122));
#4341 = CARTESIAN_POINT('',(0.164620314408,55.205845368752));
#4342 = CARTESIAN_POINT('',(0.164620715918,55.266446546604));
#4343 = CARTESIAN_POINT('',(0.164620439285,55.327048960121));
#4344 = CARTESIAN_POINT('',(0.164617632601,55.505070192498));
#4345 = CARTESIAN_POINT('',(0.164613200741,55.622647290862));
#4346 = CARTESIAN_POINT('',(0.164606194233,55.740136613898));
#4347 = CARTESIAN_POINT('',(0.164598495566,55.857574886331));
#4348 = CARTESIAN_POINT('',(0.164597273359,55.975012825291));
#4349 = CARTESIAN_POINT('',(0.164606352494,56.092500928045));
#4350 = CARTESIAN_POINT('',(0.164617905177,56.210076885479));
#4351 = CARTESIAN_POINT('',(0.164633740373,56.444063598168));
#4352 = CARTESIAN_POINT('',(0.16463821391,56.560762295435));
#4353 = CARTESIAN_POINT('',(0.16463204634,56.677377830368));
#4354 = CARTESIAN_POINT('',(0.164613848004,56.793946201796));
#4355 = CARTESIAN_POINT('',(0.164578169057,56.91051509351));
#4356 = CARTESIAN_POINT('',(0.164574056143,57.027133319564));
#4357 = CARTESIAN_POINT('',(0.164615533616,57.143831263422));
#4358 = CARTESIAN_POINT('',(0.164615530057,57.260386184107));
#4359 = ( GEOMETRIC_REPRESENTATION_CONTEXT(2) 
PARAMETRIC_REPRESENTATION_CONTEXT() REPRESENTATION_CONTEXT('2D SPACE',''
  ) );
#4360 = PCURVE('',#2919,#4361);
#4361 = DEFINITIONAL_REPRESENTATION('',(#4362),#4435);
#4362 = B_SPLINE_CURVE_WITH_KNOTS('',8,(#4363,#4364,#4365,#4366,#4367,
    #4368,#4369,#4370,#4371,#4372,#4373,#4374,#4375,#4376,#4377,#4378,
    #4379,#4380,#4381,#4382,#4383,#4384,#4385,#4386,#4387,#4388,#4389,
    #4390,#4391,#4392,#4393,#4394,#4395,#4396,#4397,#4398,#4399,#4400,
    #4401,#4402,#4403,#4404,#4405,#4406,#4407,#4408,#4409,#4410,#4411,
    #4412,#4413,#4414,#4415,#4416,#4417,#4418,#4419,#4420,#4421,#4422,
    #4423,#4424,#4425,#4426,#4427,#4428,#4429,#4430,#4431,#4432,#4433,
    #4434),.UNSPECIFIED.,.F.,.F.,(9,7,7,7,7,7,7,7,7,7,9),(0.,
    5.654309296199E-02,0.163598544783,0.217272715945,0.293935708884,
    0.378480720582,0.521385462818,0.629527309053,0.70573290919,
    0.853413767337,1.),.UNSPECIFIED.);
#4363 = CARTESIAN_POINT('',(0.,5.692808046105));
#4364 = CARTESIAN_POINT('',(4.439879568913E-02,5.699873526952));
#4365 = CARTESIAN_POINT('',(8.880091151986E-02,5.706939570319));
#4366 = CARTESIAN_POINT('',(0.133203191586,5.714005746067));
#4367 = CARTESIAN_POINT('',(0.177604475961,5.721071952512));
#4368 = CARTESIAN_POINT('',(0.222004681853,5.728138251284));
#4369 = CARTESIAN_POINT('',(0.266403923609,5.735204711564));
#4370 = CARTESIAN_POINT('',(0.310801671552,5.742271263703));
#4371 = CARTESIAN_POINT('',(0.439249531712,5.762716486847));
#4372 = CARTESIAN_POINT('',(0.523337525346,5.776101960203));
#4373 = CARTESIAN_POINT('',(0.607411473126,5.789486069601));
#4374 = CARTESIAN_POINT('',(0.691471908024,5.80286814549));
#4375 = CARTESIAN_POINT('',(0.775530743009,5.816248733283));
#4376 = CARTESIAN_POINT('',(0.859600692134,5.829628326978));
#4377 = CARTESIAN_POINT('',(0.943685488657,5.843007880012));
#4378 = CARTESIAN_POINT('',(1.069886271611,5.863087527767));
#4379 = CARTESIAN_POINT('',(1.112028794292,5.869792454942));
#4380 = CARTESIAN_POINT('',(1.154171546789,5.876497441528));
#4381 = CARTESIAN_POINT('',(1.196315147485,5.883202871364));
#4382 = CARTESIAN_POINT('',(1.238459541653,5.889908967224));
#4383 = CARTESIAN_POINT('',(1.280604001451,5.896615790813));
#4384 = CARTESIAN_POINT('',(1.322747125932,5.903323242771));
#4385 = CARTESIAN_POINT('',(1.42507513293,5.919611863614));
#4386 = CARTESIAN_POINT('',(1.485273272781,5.929195885126));
#4387 = CARTESIAN_POINT('',(1.545470644286,5.938782603245));
#4388 = CARTESIAN_POINT('',(1.60566508651,5.948363955076));
#4389 = CARTESIAN_POINT('',(1.665858917939,5.957937892862));
#4390 = CARTESIAN_POINT('',(1.726055098822,5.967511343518));
#4391 = CARTESIAN_POINT('',(1.786253531809,5.97709257365));
#4392 = CARTESIAN_POINT('',(1.912830244701,5.997238342978));
#4393 = CARTESIAN_POINT('',(1.979221464544,6.007807164578));
#4394 = CARTESIAN_POINT('',(2.045608948873,6.018377041831));
#4395 = CARTESIAN_POINT('',(2.111992060568,6.028946449104));
#4396 = CARTESIAN_POINT('',(2.178375757515,6.039514932064));
#4397 = CARTESIAN_POINT('',(2.244764579208,6.050082713067));
#4398 = CARTESIAN_POINT('',(2.31115659935,6.060649687997));
#4399 = CARTESIAN_POINT('',(2.489739390236,6.089070146381));
#4400 = CARTESIAN_POINT('',(2.602071648988,6.106944241815));
#4401 = CARTESIAN_POINT('',(2.714333893774,6.124805763638));
#4402 = CARTESIAN_POINT('',(2.826551596459,6.142662731746));
#4403 = CARTESIAN_POINT('',(2.938768869174,6.160523565932));
#4404 = CARTESIAN_POINT('',(3.051029184287,6.178392665745));
#4405 = CARTESIAN_POINT('',(3.163363873313,6.196273676774));
#4406 = CARTESIAN_POINT('',(3.360484991588,6.227649485597));
#4407 = CARTESIAN_POINT('',(3.445428304662,6.241169547438));
#4408 = CARTESIAN_POINT('',(3.530355273757,6.254686327559));
#4409 = CARTESIAN_POINT('',(3.615268845209,6.268200270819));
#4410 = CARTESIAN_POINT('',(3.700182486589,6.281713942368));
#4411 = CARTESIAN_POINT('',(3.785109620375,6.295229954733));
#4412 = CARTESIAN_POINT('',(3.870053031133,6.308748922155));
#4413 = CARTESIAN_POINT('',(4.014801273782,6.331786517111));
#4414 = CARTESIAN_POINT('',(4.074646448555,6.341311407452));
#4415 = CARTESIAN_POINT('',(4.134491874127,6.350836477023));
#4416 = CARTESIAN_POINT('',(4.194336014958,6.36036139669));
#4417 = CARTESIAN_POINT('',(4.254181010965,6.369886382676));
#4418 = CARTESIAN_POINT('',(4.314028966831,6.379411642766));
#4419 = CARTESIAN_POINT('',(4.373878173641,6.388936817724));
#4420 = CARTESIAN_POINT('',(4.549686900269,6.416916455932));
#4421 = CARTESIAN_POINT('',(4.665802788461,6.435395013619));
#4422 = CARTESIAN_POINT('',(4.781831991289,6.453858714487));
#4423 = CARTESIAN_POINT('',(4.897810659493,6.472314106266));
#4424 = CARTESIAN_POINT('',(5.013788763827,6.490772113493));
#4425 = CARTESIAN_POINT('',(5.129816376524,6.509242248752));
#4426 = CARTESIAN_POINT('',(5.245930828626,6.527727211657));
#4427 = CARTESIAN_POINT('',(5.477009149934,6.564510999987));
#4428 = CARTESIAN_POINT('',(5.592257380216,6.582855161884));
#4429 = CARTESIAN_POINT('',(5.707423549766,6.601181869186));
#4430 = CARTESIAN_POINT('',(5.822543053559,6.619496207622));
#4431 = CARTESIAN_POINT('',(5.937662852003,6.637803427014));
#4432 = CARTESIAN_POINT('',(6.052830769919,6.656131403675));
#4433 = CARTESIAN_POINT('',(6.168079106796,6.67449069026));
#4434 = CARTESIAN_POINT('',(6.28318530718,6.692810409566));
#4435 = ( GEOMETRIC_REPRESENTATION_CONTEXT(2) 
PARAMETRIC_REPRESENTATION_CONTEXT() REPRESENTATION_CONTEXT('2D SPACE',''
  ) );
#4436 = ORIENTED_EDGE('',*,*,#4437,.F.);
#4437 = EDGE_CURVE('',#4438,#4208,#4440,.T.);
#4438 = VERTEX_POINT('',#4439);
#4439 = CARTESIAN_POINT('',(31.958734122635,-7.827632289617E-15,
    4.69280808691));
#4440 = SURFACE_CURVE('',#4441,(#4514,#4590),.PCURVE_S1.);
#4441 = B_SPLINE_CURVE_WITH_KNOTS('',8,(#4442,#4443,#4444,#4445,#4446,
    #4447,#4448,#4449,#4450,#4451,#4452,#4453,#4454,#4455,#4456,#4457,
    #4458,#4459,#4460,#4461,#4462,#4463,#4464,#4465,#4466,#4467,#4468,
    #4469,#4470,#4471,#4472,#4473,#4474,#4475,#4476,#4477,#4478,#4479,
    #4480,#4481,#4482,#4483,#4484,#4485,#4486,#4487,#4488,#4489,#4490,
    #4491,#4492,#4493,#4494,#4495,#4496,#4497,#4498,#4499,#4500,#4501,
    #4502,#4503,#4504,#4505,#4506,#4507,#4508,#4509,#4510,#4511,#4512,
    #4513),.UNSPECIFIED.,.F.,.F.,(9,7,7,7,7,7,7,7,7,7,9),(0.,
    9.88050226292E-02,0.194282774582,0.328293763929,0.439489641355,
    0.491532772576,0.552033836415,0.640926560566,0.740684060718,
    0.868503413786,1.),.UNSPECIFIED.);
#4442 = CARTESIAN_POINT('',(31.958734122635,4.973799150321E-14,
    4.69280808691));
#4443 = CARTESIAN_POINT('',(31.958734122635,2.479376728698,
    4.705156798745));
#4444 = CARTESIAN_POINT('',(31.738903852406,4.9595681483,4.717509659226)
  );
#4445 = CARTESIAN_POINT('',(31.29899088805,7.416718227186,4.729860736018
    ));
#4446 = CARTESIAN_POINT('',(30.642117174057,9.82799760663,4.742209524486
    ));
#4447 = CARTESIAN_POINT('',(29.773964399563,12.171426889257,4.7545573063
    ));
#4448 = CARTESIAN_POINT('',(28.702738737912,14.425892782048,
    4.766905866337));
#4449 = CARTESIAN_POINT('',(27.439119564519,16.57116677825,
    4.779256009145));
#4450 = CARTESIAN_POINT('',(24.603323883135,20.537239263829,
    4.803535823659));
#4451 = CARTESIAN_POINT('',(23.042468646625,22.367234389038,
    4.815469948308));
#4452 = CARTESIAN_POINT('',(21.326622709044,24.060809176489,
    4.827402850634));
#4453 = CARTESIAN_POINT('',(19.469869170053,25.602870852482,
    4.839334991994));
#4454 = CARTESIAN_POINT('',(17.487736349267,26.980131157091,
    4.851267580875));
#4455 = CARTESIAN_POINT('',(15.397179177078,28.181134849182,
    4.863201535259));
#4456 = CARTESIAN_POINT('',(13.216580169109,29.196287819817,
    4.875136594943));
#4457 = CARTESIAN_POINT('',(7.807377339407,31.172337907275,
    4.903815348617));
#4458 = CARTESIAN_POINT('',(4.506872851985,31.94749456435,4.920577558097
    ));
#4459 = CARTESIAN_POINT('',(1.121846254639,32.321540932204,
    4.937331363353));
#4460 = CARTESIAN_POINT('',(-2.290556589872,32.285669805986,
    4.954078705656));
#4461 = CARTESIAN_POINT('',(-5.673704529151,31.839364117945,
    4.970826101519));
#4462 = CARTESIAN_POINT('',(-8.971747862569,30.99128778694,
    4.987580855119));
#4463 = CARTESIAN_POINT('',(-12.12968159416,29.758060153272,
    5.004345890459));
#4464 = CARTESIAN_POINT('',(-17.55378153639,26.851679251011,
    5.034997245814));
#4465 = CARTESIAN_POINT('',(-19.8829910987,25.287692808003,
    5.048903267898));
#4466 = CARTESIAN_POINT('',(-22.05134951366,23.493504052204,
    5.062805859738));
#4467 = CARTESIAN_POINT('',(-24.03271993135,21.488925547545,
    5.076704254622));
#4468 = CARTESIAN_POINT('',(-25.80403619201,19.296570153231,
    5.09059936731));
#4469 = CARTESIAN_POINT('',(-27.34542728325,16.941882972466,
    5.104493577538));
#4470 = CARTESIAN_POINT('',(-28.64016151284,14.453006452221,
    5.118390662146));
#4471 = CARTESIAN_POINT('',(-30.1606883498,10.648917994086,
    5.138787476814));
#4472 = CARTESIAN_POINT('',(-30.58882092392,9.413409670619,
    5.145290841654));
#4473 = CARTESIAN_POINT('',(-30.95906851027,8.158374456174,
    5.151794944379));
#4474 = CARTESIAN_POINT('',(-31.27039613444,6.887010421052,5.15829985621
    ));
#4475 = CARTESIAN_POINT('',(-31.52198383864,5.602534755113,
    5.164805525246));
#4476 = CARTESIAN_POINT('',(-31.71322668163,4.308183767773,
    5.171311776466));
#4477 = CARTESIAN_POINT('',(-31.84373473873,3.007212888004,
    5.177818311724));
#4478 = CARTESIAN_POINT('',(-31.99424243445,0.186605902014,
    5.191888512956));
#4479 = CARTESIAN_POINT('',(-31.99282498703,-1.33405066747,
    5.199449082109));
#4480 = CARTESIAN_POINT('',(-31.90879432421,-2.853849301005,
    5.207008206298));
#4481 = CARTESIAN_POINT('',(-31.74226460372,-4.367588982267,
    5.214567203334));
#4482 = CARTESIAN_POINT('',(-31.49375057642,-5.870091421706,
    5.22212691976));
#4483 = CARTESIAN_POINT('',(-31.16416758629,-7.356201056553,
    5.229687730848));
#4484 = CARTESIAN_POINT('',(-30.75483157045,-8.820785050819,
    5.237249540598));
#4485 = CARTESIAN_POINT('',(-29.55137462265,-12.37147526262,
    5.255922796536));
#4486 = CARTESIAN_POINT('',(-28.66658413309,-14.42757226397,
    5.267038229754));
#4487 = CARTESIAN_POINT('',(-27.61847979959,-16.41069317529,
    5.278154049516));
#4488 = CARTESIAN_POINT('',(-26.41426801118,-18.30572720107,
    5.289268277237));
#4489 = CARTESIAN_POINT('',(-25.06266620981,-20.09860164662,
    5.300380761619));
#4490 = CARTESIAN_POINT('',(-23.57379118031,-21.77622830137,
    5.311492324681));
#4491 = CARTESIAN_POINT('',(-21.95923875705,-23.32657843316,
    5.32260327983));
#4492 = CARTESIAN_POINT('',(-18.29440542994,-26.32381151463,
    5.346177027406));
#4493 = CARTESIAN_POINT('',(-16.21399687103,-27.73570005315,
    5.358645424156));
#4494 = CARTESIAN_POINT('',(-14.00992928336,-28.95888173016,
    5.371111988237));
#4495 = CARTESIAN_POINT('',(-11.70240165586,-29.98101680312,
    5.383577725761));
#4496 = CARTESIAN_POINT('',(-9.312638440291,-30.79234747127,
    5.396044559094));
#4497 = CARTESIAN_POINT('',(-6.8628535342,-31.38571020612,5.408513798538
    ));
#4498 = CARTESIAN_POINT('',(-4.376208036183,-31.75652634537,
    5.420985343144));
#4499 = CARTESIAN_POINT('',(1.325152343004,-32.09196425425,
    5.449430165003));
#4500 = CARTESIAN_POINT('',(4.5514823664,-31.91319039999,5.465419434502)
  );
#4501 = CARTESIAN_POINT('',(7.748978277668,-31.36311381598,
    5.481401772739));
#4502 = CARTESIAN_POINT('',(10.868039506629,-30.44818223081,
    5.497377879285));
#4503 = CARTESIAN_POINT('',(13.861358345205,-29.18133991293,
    5.513352182088));
#4504 = CARTESIAN_POINT('',(16.684219604433,-27.58260497334,
    5.529330377645));
#4505 = CARTESIAN_POINT('',(19.294384591482,-25.67835771237,
    5.545315331777));
#4506 = CARTESIAN_POINT('',(24.080922824715,-21.2687824618,
    5.577725475012));
#4507 = CARTESIAN_POINT('',(26.246301647692,-18.74437903535,
    5.594174747867));
#4508 = CARTESIAN_POINT('',(28.106422672018,-15.97007073658,
    5.610616955426));
#4509 = CARTESIAN_POINT('',(29.629131533405,-12.98981215186,
    5.627053987764));
#4510 = CARTESIAN_POINT('',(30.789209645309,-9.850676193014,
    5.643489614712));
#4511 = CARTESIAN_POINT('',(31.569219808417,-6.603095082442,
    5.659928497709));
#4512 = CARTESIAN_POINT('',(31.958734122635,-3.300351098235,
    5.67637412839));
#4513 = CARTESIAN_POINT('',(31.958734122635,2.13162820728E-14,
    5.692808046105));
#4514 = PCURVE('',#545,#4515);
#4515 = DEFINITIONAL_REPRESENTATION('',(#4516),#4589);
#4516 = B_SPLINE_CURVE_WITH_KNOTS('',8,(#4517,#4518,#4519,#4520,#4521,
    #4522,#4523,#4524,#4525,#4526,#4527,#4528,#4529,#4530,#4531,#4532,
    #4533,#4534,#4535,#4536,#4537,#4538,#4539,#4540,#4541,#4542,#4543,
    #4544,#4545,#4546,#4547,#4548,#4549,#4550,#4551,#4552,#4553,#4554,
    #4555,#4556,#4557,#4558,#4559,#4560,#4561,#4562,#4563,#4564,#4565,
    #4566,#4567,#4568,#4569,#4570,#4571,#4572,#4573,#4574,#4575,#4576,
    #4577,#4578,#4579,#4580,#4581,#4582,#4583,#4584,#4585,#4586,#4587,
    #4588),.UNSPECIFIED.,.F.,.F.,(9,7,7,7,7,7,7,7,7,7,9),(0.,
    9.88050226292E-02,0.194282774582,0.328293763929,0.439489641355,
    0.491532772576,0.552033836415,0.640926560566,0.740684060718,
    0.868503413786,1.),.UNSPECIFIED.);
#4517 = CARTESIAN_POINT('',(0.164609842204,44.535856050461));
#4518 = CARTESIAN_POINT('',(0.16461322996,44.614412950486));
#4519 = CARTESIAN_POINT('',(0.16461685673,44.692995618889));
#4520 = CARTESIAN_POINT('',(0.164619780925,44.771568780308));
#4521 = CARTESIAN_POINT('',(0.164621222341,44.850131268905));
#4522 = CARTESIAN_POINT('',(0.164621115453,44.928691410724));
#4523 = CARTESIAN_POINT('',(0.16462011907,45.007258835015));
#4524 = CARTESIAN_POINT('',(0.164618916387,45.085836869989));
#4525 = CARTESIAN_POINT('',(0.164617049845,45.240316379145));
#4526 = CARTESIAN_POINT('',(0.164616368689,45.316246229461));
#4527 = CARTESIAN_POINT('',(0.16461633571,45.392166604279));
#4528 = CARTESIAN_POINT('',(0.164617161678,45.468079886483));
#4529 = CARTESIAN_POINT('',(0.164618591906,45.54399443228));
#4530 = CARTESIAN_POINT('',(0.164619918369,45.619917937718));
#4531 = CARTESIAN_POINT('',(0.164620544669,45.695850310369));
#4532 = CARTESIAN_POINT('',(0.164619736795,45.878314262176));
#4533 = CARTESIAN_POINT('',(0.164617365466,45.984966097909));
#4534 = CARTESIAN_POINT('',(0.164612389295,46.091571290563));
#4535 = CARTESIAN_POINT('',(0.164605305233,46.198140888599));
#4536 = CARTESIAN_POINT('',(0.164599553653,46.304707335205));
#4537 = CARTESIAN_POINT('',(0.164600136967,46.411303991064));
#4538 = CARTESIAN_POINT('',(0.164606041049,46.517952117297));
#4539 = CARTESIAN_POINT('',(0.164620277545,46.7129268554));
#4540 = CARTESIAN_POINT('',(0.164628031636,46.801380332738));
#4541 = CARTESIAN_POINT('',(0.164635076861,46.889813843771));
#4542 = CARTESIAN_POINT('',(0.164638230237,46.97823085249));
#4543 = CARTESIAN_POINT('',(0.164633800018,47.066646854255));
#4544 = CARTESIAN_POINT('',(0.164621404262,47.155077990575));
#4545 = CARTESIAN_POINT('',(0.164608381096,47.243529058791));
#4546 = CARTESIAN_POINT('',(0.164596441539,47.373330292986));
#4547 = CARTESIAN_POINT('',(0.164593382383,47.414714441847));
#4548 = CARTESIAN_POINT('',(0.164592256491,47.456098218585));
#4549 = CARTESIAN_POINT('',(0.164593612377,47.497480638777));
#4550 = CARTESIAN_POINT('',(0.164597361161,47.538861605154));
#4551 = CARTESIAN_POINT('',(0.164602776571,47.580241907605));
#4552 = CARTESIAN_POINT('',(0.164608494945,47.621623223172));
#4553 = CARTESIAN_POINT('',(0.164617188873,47.711118788641));
#4554 = CARTESIAN_POINT('',(0.164614808242,47.759227373347));
#4555 = CARTESIAN_POINT('',(0.16460888126,47.807336059153));
#4556 = CARTESIAN_POINT('',(0.164602164065,47.85544600699));
#4557 = CARTESIAN_POINT('',(0.164596661006,47.903557349746));
#4558 = CARTESIAN_POINT('',(0.164593624643,47.951669192262));
#4559 = CARTESIAN_POINT('',(0.164593555742,47.999779611337));
#4560 = CARTESIAN_POINT('',(0.164600093254,48.118566682838));
#4561 = CARTESIAN_POINT('',(0.164608649967,48.189263590412));
#4562 = CARTESIAN_POINT('',(0.164619394348,48.259957223795));
#4563 = CARTESIAN_POINT('',(0.164628572034,48.33064483422));
#4564 = CARTESIAN_POINT('',(0.164633671377,48.401332041663));
#4565 = CARTESIAN_POINT('',(0.164634414499,48.472024804303));
#4566 = CARTESIAN_POINT('',(0.164632221385,48.542721394586));
#4567 = CARTESIAN_POINT('',(0.164623574691,48.692726488239));
#4568 = CARTESIAN_POINT('',(0.164616699536,48.772071752676));
#4569 = CARTESIAN_POINT('',(0.164609352832,48.85140659304));
#4570 = CARTESIAN_POINT('',(0.164603879203,48.930731265625));
#4571 = CARTESIAN_POINT('',(0.164601568676,49.010054620119));
#4572 = CARTESIAN_POINT('',(0.164602027147,49.089386025881));
#4573 = CARTESIAN_POINT('',(0.1646043031,49.1687273344));
#4574 = CARTESIAN_POINT('',(0.164611325573,49.349682428044));
#4575 = CARTESIAN_POINT('',(0.164616589469,49.451396604127));
#4576 = CARTESIAN_POINT('',(0.164621078854,49.553068711541));
#4577 = CARTESIAN_POINT('',(0.164622474081,49.654709280513));
#4578 = CARTESIAN_POINT('',(0.164620866665,49.756346242989));
#4579 = CARTESIAN_POINT('',(0.164618710715,49.858009409804));
#4580 = CARTESIAN_POINT('',(0.164617288013,49.959713654757));
#4581 = CARTESIAN_POINT('',(0.164616514984,50.165917604938));
#4582 = CARTESIAN_POINT('',(0.164617225569,50.270570377752));
#4583 = CARTESIAN_POINT('',(0.164619318798,50.375174575614));
#4584 = CARTESIAN_POINT('',(0.164622004254,50.479744295224));
#4585 = CARTESIAN_POINT('',(0.164622440232,50.584310968848));
#4586 = CARTESIAN_POINT('',(0.164619282341,50.688907777209));
#4587 = CARTESIAN_POINT('',(0.164614351554,50.793552162567));
#4588 = CARTESIAN_POINT('',(0.164609841964,50.898120923049));
#4589 = ( GEOMETRIC_REPRESENTATION_CONTEXT(2) 
PARAMETRIC_REPRESENTATION_CONTEXT() REPRESENTATION_CONTEXT('2D SPACE',''
  ) );
#4590 = PCURVE('',#2670,#4591);
#4591 = DEFINITIONAL_REPRESENTATION('',(#4592),#4665);
#4592 = B_SPLINE_CURVE_WITH_KNOTS('',8,(#4593,#4594,#4595,#4596,#4597,
    #4598,#4599,#4600,#4601,#4602,#4603,#4604,#4605,#4606,#4607,#4608,
    #4609,#4610,#4611,#4612,#4613,#4614,#4615,#4616,#4617,#4618,#4619,
    #4620,#4621,#4622,#4623,#4624,#4625,#4626,#4627,#4628,#4629,#4630,
    #4631,#4632,#4633,#4634,#4635,#4636,#4637,#4638,#4639,#4640,#4641,
    #4642,#4643,#4644,#4645,#4646,#4647,#4648,#4649,#4650,#4651,#4652,
    #4653,#4654,#4655,#4656,#4657,#4658,#4659,#4660,#4661,#4662,#4663,
    #4664),.UNSPECIFIED.,.F.,.F.,(9,7,7,7,7,7,7,7,7,7,9),(0.,
    9.88050226292E-02,0.194282774582,0.328293763929,0.439489641355,
    0.491532772576,0.552033836415,0.640926560566,0.740684060718,
    0.868503413786,1.),.UNSPECIFIED.);
#4593 = CARTESIAN_POINT('',(0.,4.69280808691));
#4594 = CARTESIAN_POINT('',(7.758056746501E-02,4.705156798745));
#4595 = CARTESIAN_POINT('',(0.155186616282,4.717509659226));
#4596 = CARTESIAN_POINT('',(0.232783291222,4.729860736018));
#4597 = CARTESIAN_POINT('',(0.310369409351,4.742209524486));
#4598 = CARTESIAN_POINT('',(0.387953157528,4.7545573063));
#4599 = CARTESIAN_POINT('',(0.465544030024,4.766905866337));
#4600 = CARTESIAN_POINT('',(0.543145320772,4.779256009145));
#4601 = CARTESIAN_POINT('',(0.695704531583,4.803535823659));
#4602 = CARTESIAN_POINT('',(0.77069047774,4.815469948308));
#4603 = CARTESIAN_POINT('',(0.845667045921,4.827402850634));
#4604 = CARTESIAN_POINT('',(0.920636618189,4.839334991994));
#4605 = CARTESIAN_POINT('',(0.995607479541,4.851267580875));
#4606 = CARTESIAN_POINT('',(1.07058724869,4.863201535259));
#4607 = CARTESIAN_POINT('',(1.145575832926,4.875136594943));
#4608 = CARTESIAN_POINT('',(1.325771986433,4.903815348617));
#4609 = CARTESIAN_POINT('',(1.431098360632,4.920577558097));
#4610 = CARTESIAN_POINT('',(1.536378719131,4.937331363353));
#4611 = CARTESIAN_POINT('',(1.641623890213,4.954078705656));
#4612 = CARTESIAN_POINT('',(1.746865798263,4.970826101519));
#4613 = CARTESIAN_POINT('',(1.85213742266,4.987580855119));
#4614 = CARTESIAN_POINT('',(1.95745985367,5.004345890459));
#4615 = CARTESIAN_POINT('',(2.150010996328,5.034997245814));
#4616 = CARTESIAN_POINT('',(2.237364988145,5.048903267898));
#4617 = CARTESIAN_POINT('',(2.324699310959,5.062805859738));
#4618 = CARTESIAN_POINT('',(2.412017392534,5.076704254622));
#4619 = CARTESIAN_POINT('',(2.499334511866,5.09059936731));
#4620 = CARTESIAN_POINT('',(2.586666477202,5.104493577538));
#4621 = CARTESIAN_POINT('',(2.674018036344,5.118390662146));
#4622 = CARTESIAN_POINT('',(2.80220575077,5.138787476814));
#4623 = CARTESIAN_POINT('',(2.843075454778,5.145290841654));
#4624 = CARTESIAN_POINT('',(2.883944809099,5.151794944379));
#4625 = CARTESIAN_POINT('',(2.924812858837,5.15829985621));
#4626 = CARTESIAN_POINT('',(2.96567951364,5.164805525246));
#4627 = CARTESIAN_POINT('',(3.006545547713,5.171311776466));
#4628 = CARTESIAN_POINT('',(3.047412599808,5.177818311724));
#4629 = CARTESIAN_POINT('',(3.135795940307,5.191888512956));
#4630 = CARTESIAN_POINT('',(3.18330663024,5.199449082109));
#4631 = CARTESIAN_POINT('',(3.230817410383,5.207008206298));
#4632 = CARTESIAN_POINT('',(3.278329428599,5.214567203334));
#4633 = CARTESIAN_POINT('',(3.325842813269,5.22212691976));
#4634 = CARTESIAN_POINT('',(3.373356673288,5.229687730848));
#4635 = CARTESIAN_POINT('',(3.420869098062,5.237249540598));
#4636 = CARTESIAN_POINT('',(3.538179580084,5.255922796536));
#4637 = CARTESIAN_POINT('',(3.607997653262,5.267038229754));
#4638 = CARTESIAN_POINT('',(3.677812528467,5.278154049516));
#4639 = CARTESIAN_POINT('',(3.747621513016,5.289268277237));
#4640 = CARTESIAN_POINT('',(3.81743014284,5.300380761619));
#4641 = CARTESIAN_POINT('',(3.887244268039,5.311492324681));
#4642 = CARTESIAN_POINT('',(3.957062151294,5.32260327983));
#4643 = CARTESIAN_POINT('',(4.105202745369,5.346177027406));
#4644 = CARTESIAN_POINT('',(4.18356175272,5.358645424156));
#4645 = CARTESIAN_POINT('',(4.261910427358,5.371111988237));
#4646 = CARTESIAN_POINT('',(4.340249036425,5.383577725761));
#4647 = CARTESIAN_POINT('',(4.418586362493,5.396044559094));
#4648 = CARTESIAN_POINT('',(4.496931688173,5.408513798538));
#4649 = CARTESIAN_POINT('',(4.575286847468,5.420985343144));
#4650 = CARTESIAN_POINT('',(4.753992910401,5.449430165003));
#4651 = CARTESIAN_POINT('',(4.854442984563,5.465419434502));
#4652 = CARTESIAN_POINT('',(4.954851558351,5.481401772739));
#4653 = CARTESIAN_POINT('',(5.055228962031,5.497377879285));
#4654 = CARTESIAN_POINT('',(5.155602680739,5.513352182088));
#4655 = CARTESIAN_POINT('',(5.256002146696,5.529330377645));
#4656 = CARTESIAN_POINT('',(5.356442100535,5.545315331777));
#4657 = CARTESIAN_POINT('',(5.560082679647,5.577725475012));
#4658 = CARTESIAN_POINT('',(5.663434468606,5.594174747867));
#4659 = CARTESIAN_POINT('',(5.766738332706,5.610616955426));
#4660 = CARTESIAN_POINT('',(5.870008270833,5.627053987764));
#4661 = CARTESIAN_POINT('',(5.973275359055,5.643489614712));
#4662 = CARTESIAN_POINT('',(6.076572276422,5.659928497709));
#4663 = CARTESIAN_POINT('',(6.179916163741,5.67637412839));
#4664 = CARTESIAN_POINT('',(6.28318530718,5.692808046105));
#4665 = ( GEOMETRIC_REPRESENTATION_CONTEXT(2) 
PARAMETRIC_REPRESENTATION_CONTEXT() REPRESENTATION_CONTEXT('2D SPACE',''
  ) );
#4666 = ORIENTED_EDGE('',*,*,#4667,.F.);
#4667 = EDGE_CURVE('',#4668,#4438,#4670,.T.);
#4668 = VERTEX_POINT('',#4669);
#4669 = CARTESIAN_POINT('',(31.958734122635,-7.827632289617E-15,
    3.692810409566));
#4670 = SURFACE_CURVE('',#4671,(#4751,#4834),.PCURVE_S1.);
#4671 = B_SPLINE_CURVE_WITH_KNOTS('',8,(#4672,#4673,#4674,#4675,#4676,
    #4677,#4678,#4679,#4680,#4681,#4682,#4683,#4684,#4685,#4686,#4687,
    #4688,#4689,#4690,#4691,#4692,#4693,#4694,#4695,#4696,#4697,#4698,
    #4699,#4700,#4701,#4702,#4703,#4704,#4705,#4706,#4707,#4708,#4709,
    #4710,#4711,#4712,#4713,#4714,#4715,#4716,#4717,#4718,#4719,#4720,
    #4721,#4722,#4723,#4724,#4725,#4726,#4727,#4728,#4729,#4730,#4731,
    #4732,#4733,#4734,#4735,#4736,#4737,#4738,#4739,#4740,#4741,#4742,
    #4743,#4744,#4745,#4746,#4747,#4748,#4749,#4750),.UNSPECIFIED.,.F.,
  .F.,(9,7,7,7,7,7,7,7,7,7,7,9),(0.,7.601111856095E-02,0.15313230129,
    0.263732918998,0.384579419297,0.465645705163,0.544271013719,
    0.640283063696,0.744498145949,0.804710302023,0.877482025569,1.),
  .UNSPECIFIED.);
#4672 = CARTESIAN_POINT('',(31.958734122635,-3.907985046681E-14,
    3.692810409566));
#4673 = CARTESIAN_POINT('',(31.958734122635,1.907374641589,
    3.702309161209));
#4674 = CARTESIAN_POINT('',(31.828634677176,3.81504706473,3.711804758952
    ));
#4675 = CARTESIAN_POINT('',(31.568366661914,5.71234589223,3.72130072908)
  );
#4676 = CARTESIAN_POINT('',(31.178963924612,7.588863992992,
    3.730798712462));
#4677 = CARTESIAN_POINT('',(30.662421180889,9.434434662393,
    3.740299130187));
#4678 = CARTESIAN_POINT('',(30.02163986326,11.239127249083,
    3.749801595029));
#4679 = CARTESIAN_POINT('',(29.260461923469,12.993262228183,
    3.759305068741));
#4680 = CARTESIAN_POINT('',(27.49431838463,16.406371020122,
    3.778449238734));
#4681 = CARTESIAN_POINT('',(26.485713257976,18.064046818221,
    3.788092495592));
#4682 = CARTESIAN_POINT('',(25.36307510832,19.650442374424,
    3.797734659197));
#4683 = CARTESIAN_POINT('',(24.132417248867,21.156380137124,
    3.807374754531));
#4684 = CARTESIAN_POINT('',(22.800522943253,22.573425752186,
    3.817013080432));
#4685 = CARTESIAN_POINT('',(21.374875674507,23.893839647755,
    3.826650527267));
#4686 = CARTESIAN_POINT('',(19.863664145568,25.11059019556,
    3.836287839957));
#4687 = CARTESIAN_POINT('',(15.998771714927,27.804761398863,
    3.859745369715));
#4688 = CARTESIAN_POINT('',(13.563141497973,29.166748139444,
    3.873571399874));
#4689 = CARTESIAN_POINT('',(10.996390344634,30.283771993044,
    3.887395043809));
#4690 = CARTESIAN_POINT('',(8.327564954392,31.141697390179,3.90121771384
    ));
#4691 = CARTESIAN_POINT('',(5.586784689725,31.730330153285,
    3.915041744432));
#4692 = CARTESIAN_POINT('',(2.805217392888,32.043521669715,
    3.928868846443));
#4693 = CARTESIAN_POINT('',(1.499052298613E-02,32.079053322241,
    3.942699154071));
#4694 = CARTESIAN_POINT('',(-5.772252782778,31.579118214828,
    3.971630146818));
#4695 = CARTESIAN_POINT('',(-8.767298479833,30.990206462122,
    3.986743900424));
#4696 = CARTESIAN_POINT('',(-11.69154516398,30.076604533792,
    4.001852068864));
#4697 = CARTESIAN_POINT('',(-14.50427227217,28.849122355344,
    4.01695572121));
#4698 = CARTESIAN_POINT('',(-17.16719578006,27.323653966115,
    4.032059016933));
#4699 = CARTESIAN_POINT('',(-19.64471423151,25.521442632778,
    4.04716620095));
#4700 = CARTESIAN_POINT('',(-21.90384264816,23.468727072802,
    4.062278664172));
#4701 = CARTESIAN_POINT('',(-25.26526007851,19.676553881907,
    4.087515359756));
#4702 = CARTESIAN_POINT('',(-26.50426178221,18.055616199224,
    4.097649289515));
#4703 = CARTESIAN_POINT('',(-27.62403583181,16.345914923497,
    4.107782923945));
#4704 = CARTESIAN_POINT('',(-28.6172390725,14.557778453184,4.11791589055
    ));
#4705 = CARTESIAN_POINT('',(-29.4776589613,12.702110768145,
    4.128048618627));
#4706 = CARTESIAN_POINT('',(-30.20015467058,10.790348060949,
    4.138181610937));
#4707 = CARTESIAN_POINT('',(-30.78071405246,8.834476376647,
    4.148314716762));
#4708 = CARTESIAN_POINT('',(-31.63941316871,4.919585490566,4.16827302186
    ));
#4709 = CARTESIAN_POINT('',(-31.92621468333,2.962060706852,
    4.178100178425));
#4710 = CARTESIAN_POINT('',(-32.07447904084,0.985986865103,
    4.187926655974));
#4711 = CARTESIAN_POINT('',(-32.08291466344,-0.99719299191,
    4.197752579051));
#4712 = CARTESIAN_POINT('',(-31.95133740679,-2.976042684742,
    4.20757873236));
#4713 = CARTESIAN_POINT('',(-31.6806269998,-4.939138707878,
    4.217405838629));
#4714 = CARTESIAN_POINT('',(-31.27279287995,-6.875082900069,
    4.227233798812));
#4715 = CARTESIAN_POINT('',(-30.0697300987,-11.08954964123,
    4.249061097001));
#4716 = CARTESIAN_POINT('',(-29.20846988579,-13.35024279774,
    4.261065598569));
#4717 = CARTESIAN_POINT('',(-28.15314736833,-15.53360757198,
    4.273069991624));
#4718 = CARTESIAN_POINT('',(-26.9121425463,-17.62028437747,4.28507402229
    ));
#4719 = CARTESIAN_POINT('',(-25.49585031335,-19.59220511839,
    4.297078139426));
#4720 = CARTESIAN_POINT('',(-23.91667038629,-21.43261140673,
    4.30908236332));
#4721 = CARTESIAN_POINT('',(-22.18899871068,-23.12607573026,
    4.321086005567));
#4722 = CARTESIAN_POINT('',(-18.31166426707,-26.32270008022,
    4.346108627089));
#4723 = CARTESIAN_POINT('',(-16.13715333039,-27.79839818128,
    4.359135802763));
#4724 = CARTESIAN_POINT('',(-13.82769089405,-29.06786269385,
    4.372159379569));
#4725 = CARTESIAN_POINT('',(-11.40641657485,-30.11705727151,
    4.385180554118));
#4726 = CARTESIAN_POINT('',(-8.897632458699,-30.93503470716,
    4.398203332606));
#4727 = CARTESIAN_POINT('',(-6.326771214925,-31.51395900018,
    4.411233656222));
#4728 = CARTESIAN_POINT('',(-3.720323721877,-31.84904933674,
    4.424271202649));
#4729 = CARTESIAN_POINT('',(0.404225632622,-31.99189396717,
    4.444827725663));
#4730 = CARTESIAN_POINT('',(1.917371570971,-31.96256852968,
    4.452352218085));
#4731 = CARTESIAN_POINT('',(3.428178398028,-31.851458601,4.459875034073)
  );
#4732 = CARTESIAN_POINT('',(4.931540934244,-31.6587650997,4.467397804932
    ));
#4733 = CARTESIAN_POINT('',(6.42235784148,-31.38506381275,4.474921867689
    ));
#4734 = CARTESIAN_POINT('',(7.895538010258,-31.03132904089,
    4.482447832037));
#4735 = CARTESIAN_POINT('',(9.346006947016,-30.59895724404,
    4.489975147283));
#4736 = CARTESIAN_POINT('',(12.488179629038,-29.47441780578,
    4.50659813775));
#4737 = CARTESIAN_POINT('',(14.167677514693,-28.74667088922,
    4.515696924892));
#4738 = CARTESIAN_POINT('',(15.798397317466,-27.90964761095,
    4.524796230568));
#4739 = CARTESIAN_POINT('',(17.372035460417,-26.96723838901,
    4.533895027229));
#4740 = CARTESIAN_POINT('',(18.880738752746,-25.92403218768,
    4.542992977118));
#4741 = CARTESIAN_POINT('',(20.317087467948,-24.78528157165,
    4.55209013843));
#4742 = CARTESIAN_POINT('',(21.674117037911,-23.55692701229,
    4.561186460445));
#4743 = CARTESIAN_POINT('',(25.085665206855,-20.03807472409,
    4.585592685874));
#4744 = CARTESIAN_POINT('',(26.98469227829,-17.59360562924,
    4.600912653898));
#4745 = CARTESIAN_POINT('',(28.609566826257,-14.94503048983,
    4.616226846624));
#4746 = CARTESIAN_POINT('',(29.935603805271,-12.12889057647,4.6315381577
    ));
#4747 = CARTESIAN_POINT('',(30.943680776673,-9.184044664659,
    4.646851381756));
#4748 = CARTESIAN_POINT('',(31.620613243229,-6.15165511592,4.66216948328
    ));
#4749 = CARTESIAN_POINT('',(31.958734122635,-3.074925159853,
    4.677493203829));
#4750 = CARTESIAN_POINT('',(31.958734122635,4.973799150321E-14,
    4.69280808691));
#4751 = PCURVE('',#545,#4752);
#4752 = DEFINITIONAL_REPRESENTATION('',(#4753),#4833);
#4753 = B_SPLINE_CURVE_WITH_KNOTS('',8,(#4754,#4755,#4756,#4757,#4758,
    #4759,#4760,#4761,#4762,#4763,#4764,#4765,#4766,#4767,#4768,#4769,
    #4770,#4771,#4772,#4773,#4774,#4775,#4776,#4777,#4778,#4779,#4780,
    #4781,#4782,#4783,#4784,#4785,#4786,#4787,#4788,#4789,#4790,#4791,
    #4792,#4793,#4794,#4795,#4796,#4797,#4798,#4799,#4800,#4801,#4802,
    #4803,#4804,#4805,#4806,#4807,#4808,#4809,#4810,#4811,#4812,#4813,
    #4814,#4815,#4816,#4817,#4818,#4819,#4820,#4821,#4822,#4823,#4824,
    #4825,#4826,#4827,#4828,#4829,#4830,#4831,#4832),.UNSPECIFIED.,.F.,
  .F.,(9,7,7,7,7,7,7,7,7,7,7,9),(0.,7.601111856095E-02,0.15313230129,
    0.263732918998,0.384579419297,0.465645705163,0.544271013719,
    0.640283063696,0.744498145949,0.804710302023,0.877482025569,1.),
  .UNSPECIFIED.);
#4754 = CARTESIAN_POINT('',(0.164615530058,38.173590789405));
#4755 = CARTESIAN_POINT('',(0.164615528212,38.234024370611));
#4756 = CARTESIAN_POINT('',(0.164604386712,38.294467080908));
#4757 = CARTESIAN_POINT('',(0.164594260659,38.354909499115));
#4758 = CARTESIAN_POINT('',(0.16458983346,38.415349790504));
#4759 = CARTESIAN_POINT('',(0.164591303017,38.475790115487));
#4760 = CARTESIAN_POINT('',(0.164596746677,38.536233049352));
#4761 = CARTESIAN_POINT('',(0.164603864959,38.596678013039));
#4762 = CARTESIAN_POINT('',(0.164618448827,38.718440076552));
#4763 = CARTESIAN_POINT('',(0.164625908035,38.77977348417));
#4764 = CARTESIAN_POINT('',(0.164631624064,38.84110450478));
#4765 = CARTESIAN_POINT('',(0.164634461771,38.902429910066));
#4766 = CARTESIAN_POINT('',(0.164634220151,38.963752128116));
#4767 = CARTESIAN_POINT('',(0.164631537879,39.025075149827));
#4768 = CARTESIAN_POINT('',(0.164627492677,39.086400890062));
#4769 = CARTESIAN_POINT('',(0.164616300286,39.235673246968));
#4770 = CARTESIAN_POINT('',(0.164608604535,39.323658285738));
#4771 = CARTESIAN_POINT('',(0.164602419281,39.411624183982));
#4772 = CARTESIAN_POINT('',(0.164600193335,39.499573509351));
#4773 = CARTESIAN_POINT('',(0.164601912065,39.587521152679));
#4774 = CARTESIAN_POINT('',(0.164605703805,39.675482904207));
#4775 = CARTESIAN_POINT('',(0.164609948458,39.763463863713));
#4776 = CARTESIAN_POINT('',(0.164617586256,39.947510492787));
#4777 = CARTESIAN_POINT('',(0.164620867869,40.043659599844));
#4778 = CARTESIAN_POINT('',(0.16462210628,40.139778527456));
#4779 = CARTESIAN_POINT('',(0.164620789739,40.235875418553));
#4780 = CARTESIAN_POINT('',(0.164618424929,40.331972788048));
#4781 = CARTESIAN_POINT('',(0.164616839454,40.428092853403));
#4782 = CARTESIAN_POINT('',(0.164616475434,40.524243305244));
#4783 = CARTESIAN_POINT('',(0.164617345574,40.684803573108));
#4784 = CARTESIAN_POINT('',(0.16461808784,40.749276375716));
#4785 = CARTESIAN_POINT('',(0.164619138657,40.813746490705));
#4786 = CARTESIAN_POINT('',(0.164620186968,40.878212363379));
#4787 = CARTESIAN_POINT('',(0.164620842749,40.942677747229));
#4788 = CARTESIAN_POINT('',(0.164620773428,41.007146712556));
#4789 = CARTESIAN_POINT('',(0.164619829,41.071618693596));
#4790 = CARTESIAN_POINT('',(0.164616533049,41.198607360304));
#4791 = CARTESIAN_POINT('',(0.164614223848,41.26113638786));
#4792 = CARTESIAN_POINT('',(0.164611325962,41.323662638177));
#4793 = CARTESIAN_POINT('',(0.164608189209,41.386185986826));
#4794 = CARTESIAN_POINT('',(0.16460535308,41.448710012386));
#4795 = CARTESIAN_POINT('',(0.164603417889,41.511237739734));
#4796 = CARTESIAN_POINT('',(0.164602849487,41.573767317802));
#4797 = CARTESIAN_POINT('',(0.164604777564,41.712633322839));
#4798 = CARTESIAN_POINT('',(0.164607986759,41.789000733862));
#4799 = CARTESIAN_POINT('',(0.164613519889,41.865361363884));
#4800 = CARTESIAN_POINT('',(0.164620794548,41.941715124046));
#4801 = CARTESIAN_POINT('',(0.164628200811,42.01806908945));
#4802 = CARTESIAN_POINT('',(0.16463307439,42.094430371786));
#4803 = CARTESIAN_POINT('',(0.164633824761,42.17079875972));
#4804 = CARTESIAN_POINT('',(0.164627297912,42.330016417829));
#4805 = CARTESIAN_POINT('',(0.164619335048,42.41291963262));
#4806 = CARTESIAN_POINT('',(0.16460703531,42.495811316628));
#4807 = CARTESIAN_POINT('',(0.164593486525,42.578690990375));
#4808 = CARTESIAN_POINT('',(0.164584433054,42.661569087391));
#4809 = CARTESIAN_POINT('',(0.164589957134,42.744456983357));
#4810 = CARTESIAN_POINT('',(0.164608100543,42.827357759773));
#4811 = CARTESIAN_POINT('',(0.164617627786,42.958118840173));
#4812 = CARTESIAN_POINT('',(0.164614142596,43.006000789998));
#4813 = CARTESIAN_POINT('',(0.164606895231,43.053881933895));
#4814 = CARTESIAN_POINT('',(0.164599153541,43.101764086206));
#4815 = CARTESIAN_POINT('',(0.164593646727,43.149648600705));
#4816 = CARTESIAN_POINT('',(0.164591970666,43.197535173915));
#4817 = CARTESIAN_POINT('',(0.164593993246,43.245420648421));
#4818 = CARTESIAN_POINT('',(0.164601207472,43.351161613854));
#4819 = CARTESIAN_POINT('',(0.164607970851,43.409032784422));
#4820 = CARTESIAN_POINT('',(0.164616125341,43.466903608192));
#4821 = CARTESIAN_POINT('',(0.164623732384,43.524772628231));
#4822 = CARTESIAN_POINT('',(0.164629316688,43.582641562118));
#4823 = CARTESIAN_POINT('',(0.164632308324,43.640512273786));
#4824 = CARTESIAN_POINT('',(0.164632949615,43.69838380546));
#4825 = CARTESIAN_POINT('',(0.164629507012,43.853671704945));
#4826 = CARTESIAN_POINT('',(0.164621936169,43.951161245142));
#4827 = CARTESIAN_POINT('',(0.164611234911,44.048622245625));
#4828 = CARTESIAN_POINT('',(0.164602782408,44.146059018696));
#4829 = CARTESIAN_POINT('',(0.164600157032,44.243492690797));
#4830 = CARTESIAN_POINT('',(0.164601798013,44.340946213288));
#4831 = CARTESIAN_POINT('',(0.164605640706,44.438429715218));
#4832 = CARTESIAN_POINT('',(0.164609842204,44.535856050461));
#4833 = ( GEOMETRIC_REPRESENTATION_CONTEXT(2) 
PARAMETRIC_REPRESENTATION_CONTEXT() REPRESENTATION_CONTEXT('2D SPACE',''
  ) );
#4834 = PCURVE('',#2435,#4835);
#4835 = DEFINITIONAL_REPRESENTATION('',(#4836),#4916);
#4836 = B_SPLINE_CURVE_WITH_KNOTS('',8,(#4837,#4838,#4839,#4840,#4841,
    #4842,#4843,#4844,#4845,#4846,#4847,#4848,#4849,#4850,#4851,#4852,
    #4853,#4854,#4855,#4856,#4857,#4858,#4859,#4860,#4861,#4862,#4863,
    #4864,#4865,#4866,#4867,#4868,#4869,#4870,#4871,#4872,#4873,#4874,
    #4875,#4876,#4877,#4878,#4879,#4880,#4881,#4882,#4883,#4884,#4885,
    #4886,#4887,#4888,#4889,#4890,#4891,#4892,#4893,#4894,#4895,#4896,
    #4897,#4898,#4899,#4900,#4901,#4902,#4903,#4904,#4905,#4906,#4907,
    #4908,#4909,#4910,#4911,#4912,#4913,#4914,#4915),.UNSPECIFIED.,.F.,
  .F.,(9,7,7,7,7,7,7,7,7,7,7,9),(0.,7.601111856095E-02,0.15313230129,
    0.263732918998,0.384579419297,0.465645705163,0.544271013719,
    0.640283063696,0.744498145949,0.804710302023,0.877482025569,1.),
  .UNSPECIFIED.);
#4837 = CARTESIAN_POINT('',(0.,3.692810409566));
#4838 = CARTESIAN_POINT('',(5.968242153367E-02,3.702309161209));
#4839 = CARTESIAN_POINT('',(0.11937409582,3.711804758952));
#4840 = CARTESIAN_POINT('',(0.179065370283,3.72130072908));
#4841 = CARTESIAN_POINT('',(0.238754404244,3.730798712462));
#4842 = CARTESIAN_POINT('',(0.298443407641,3.740299130187));
#4843 = CARTESIAN_POINT('',(0.358134982385,3.749801595029));
#4844 = CARTESIAN_POINT('',(0.417828566344,3.759305068741));
#4845 = CARTESIAN_POINT('',(0.538077081464,3.778449238734));
#4846 = CARTESIAN_POINT('',(0.598648115387,3.788092495592));
#4847 = CARTESIAN_POINT('',(0.659216827527,3.797734659197));
#4848 = CARTESIAN_POINT('',(0.719780016339,3.807374754531));
#4849 = CARTESIAN_POINT('',(0.780340059019,3.817013080432));
#4850 = CARTESIAN_POINT('',(0.840900880529,3.826650527267));
#4851 = CARTESIAN_POINT('',(0.901464365581,3.836287839957));
#4852 = CARTESIAN_POINT('',(1.048881280943,3.859745369715));
#4853 = CARTESIAN_POINT('',(1.135772636297,3.873571399874));
#4854 = CARTESIAN_POINT('',(1.222645058512,3.887395043809));
#4855 = CARTESIAN_POINT('',(1.309501123703,3.90121771384));
#4856 = CARTESIAN_POINT('',(1.396355598171,3.915041744432));
#4857 = CARTESIAN_POINT('',(1.483224084382,3.928868846443));
#4858 = CARTESIAN_POINT('',(1.570111594024,3.942699154071));
#4859 = CARTESIAN_POINT('',(1.751870883097,3.971630146818));
#4860 = CARTESIAN_POINT('',(1.846825066634,3.986743900424));
#4861 = CARTESIAN_POINT('',(1.941749421388,4.001852068864));
#4862 = CARTESIAN_POINT('',(2.036651927171,4.01695572121));
#4863 = CARTESIAN_POINT('',(2.1315547789,4.032059016933));
#4864 = CARTESIAN_POINT('',(2.226479957268,4.04716620095));
#4865 = CARTESIAN_POINT('',(2.321435118716,4.062278664172));
#4866 = CARTESIAN_POINT('',(2.479999429271,4.087515359756));
#4867 = CARTESIAN_POINT('',(2.543670768455,4.097649289515));
#4868 = CARTESIAN_POINT('',(2.607339479538,4.107782923945));
#4869 = CARTESIAN_POINT('',(2.671004040307,4.11791589055));
#4870 = CARTESIAN_POINT('',(2.734668162866,4.128048618627));
#4871 = CARTESIAN_POINT('',(2.798335862288,4.138181610937));
#4872 = CARTESIAN_POINT('',(2.862006567277,4.148314716762));
#4873 = CARTESIAN_POINT('',(2.987417008107,4.16827302186));
#4874 = CARTESIAN_POINT('',(3.049168931579,4.178100178425));
#4875 = CARTESIAN_POINT('',(3.110918111475,4.187926655974));
#4876 = CARTESIAN_POINT('',(3.172664408764,4.197752579051));
#4877 = CARTESIAN_POINT('',(3.23441134519,4.20757873236));
#4878 = CARTESIAN_POINT('',(3.296161903377,4.217405838629));
#4879 = CARTESIAN_POINT('',(3.357914258992,4.227233798812));
#4880 = CARTESIAN_POINT('',(3.495054158414,4.249061097001));
#4881 = CARTESIAN_POINT('',(3.570472290815,4.261065598569));
#4882 = CARTESIAN_POINT('',(3.645883712341,4.273069991624));
#4883 = CARTESIAN_POINT('',(3.721288362391,4.28507402229));
#4884 = CARTESIAN_POINT('',(3.796693258355,4.297078139426));
#4885 = CARTESIAN_POINT('',(3.872105425274,4.30908236332));
#4886 = CARTESIAN_POINT('',(3.947524622965,4.321086005567));
#4887 = CARTESIAN_POINT('',(4.104763319972,4.346108627089));
#4888 = CARTESIAN_POINT('',(4.186636090893,4.359135802763));
#4889 = CARTESIAN_POINT('',(4.268497422431,4.372159379569));
#4890 = CARTESIAN_POINT('',(4.350346809006,4.385180554118));
#4891 = CARTESIAN_POINT('',(4.432194576469,4.398203332606));
#4892 = CARTESIAN_POINT('',(4.514052107669,4.411233656222));
#4893 = CARTESIAN_POINT('',(4.595922790795,4.424271202649));
#4894 = CARTESIAN_POINT('',(4.725058761922,4.444827725663));
#4895 = CARTESIAN_POINT('',(4.772345575835,4.452352218085));
#4896 = CARTESIAN_POINT('',(4.819631653889,4.459875034073));
#4897 = CARTESIAN_POINT('',(4.86691877654,4.467397804932));
#4898 = CARTESIAN_POINT('',(4.914208207811,4.474921867689));
#4899 = CARTESIAN_POINT('',(4.961499578451,4.482447832037));
#4900 = CARTESIAN_POINT('',(5.008789769086,4.489975147283));
#4901 = CARTESIAN_POINT('',(5.113216307467,4.50659813775));
#4902 = CARTESIAN_POINT('',(5.170368088708,4.515696924892));
#4903 = CARTESIAN_POINT('',(5.227519546221,4.524796230568));
#4904 = CARTESIAN_POINT('',(5.284669256032,4.533895027229));
#4905 = CARTESIAN_POINT('',(5.341818911967,4.542992977118));
#4906 = CARTESIAN_POINT('',(5.398970340162,4.55209013843));
#4907 = CARTESIAN_POINT('',(5.456122577206,4.561186460445));
#4908 = CARTESIAN_POINT('',(5.609480357258,4.585592685874));
#4909 = CARTESIAN_POINT('',(5.705758147236,4.600912653898));
#4910 = CARTESIAN_POINT('',(5.802007685643,4.616226846624));
#4911 = CARTESIAN_POINT('',(5.898233224095,4.6315381577));
#4912 = CARTESIAN_POINT('',(5.994455729394,4.646851381756));
#4913 = CARTESIAN_POINT('',(6.090697928622,4.66216948328));
#4914 = CARTESIAN_POINT('',(6.186969820419,4.677493203829));
#4915 = CARTESIAN_POINT('',(6.28318530718,4.69280808691));
#4916 = ( GEOMETRIC_REPRESENTATION_CONTEXT(2) 
PARAMETRIC_REPRESENTATION_CONTEXT() REPRESENTATION_CONTEXT('2D SPACE',''
  ) );
#4917 = ORIENTED_EDGE('',*,*,#4918,.F.);
#4918 = EDGE_CURVE('',#4919,#4668,#4921,.T.);
#4919 = VERTEX_POINT('',#4920);
#4920 = CARTESIAN_POINT('',(31.958734122635,-7.827632289617E-15,
    2.692808046105));
#4921 = SURFACE_CURVE('',#4922,(#5002,#5085),.PCURVE_S1.);
#4922 = B_SPLINE_CURVE_WITH_KNOTS('',8,(#4923,#4924,#4925,#4926,#4927,
    #4928,#4929,#4930,#4931,#4932,#4933,#4934,#4935,#4936,#4937,#4938,
    #4939,#4940,#4941,#4942,#4943,#4944,#4945,#4946,#4947,#4948,#4949,
    #4950,#4951,#4952,#4953,#4954,#4955,#4956,#4957,#4958,#4959,#4960,
    #4961,#4962,#4963,#4964,#4965,#4966,#4967,#4968,#4969,#4970,#4971,
    #4972,#4973,#4974,#4975,#4976,#4977,#4978,#4979,#4980,#4981,#4982,
    #4983,#4984,#4985,#4986,#4987,#4988,#4989,#4990,#4991,#4992,#4993,
    #4994,#4995,#4996,#4997,#4998,#4999,#5000,#5001),.UNSPECIFIED.,.F.,
  .F.,(9,7,7,7,7,7,7,7,7,7,7,9),(0.,0.134206122313,0.204808804682,
    0.2492701063,0.298560572049,0.378085955481,0.473452343938,
    0.582830656381,0.699164631916,0.823331962311,0.914044842876,1.),
  .UNSPECIFIED.);
#4923 = CARTESIAN_POINT('',(31.958734122635,3.552713678801E-15,
    2.692808046105));
#4924 = CARTESIAN_POINT('',(31.958734122635,3.367892125242,
    2.709578280669));
#4925 = CARTESIAN_POINT('',(31.553114004632,6.738683392804,
    2.726363112575));
#4926 = CARTESIAN_POINT('',(30.740659205109,10.050823492459,
    2.743141068323));
#4927 = CARTESIAN_POINT('',(29.532787575876,13.247605683718,
    2.759915929857));
#4928 = CARTESIAN_POINT('',(27.94842944551,16.275532225798,
    2.776694089163));
#4929 = CARTESIAN_POINT('',(26.014954604527,19.084867349927,
    2.793477884907));
#4930 = CARTESIAN_POINT('',(23.767082631287,21.629361819007,
    2.810267188943));
#4931 = CARTESIAN_POINT('',(19.928416970267,25.047117261444,
    2.835861663867));
#4932 = CARTESIAN_POINT('',(18.530307612088,26.141617076301,
    2.844685022551));
#4933 = CARTESIAN_POINT('',(17.06369791823,27.146730218196,
    2.853507604452));
#4934 = CARTESIAN_POINT('',(15.535321970004,28.057476536464,
    2.862329300888));
#4935 = CARTESIAN_POINT('',(13.952271403589,28.869521144818,
    2.871150760561));
#4936 = CARTESIAN_POINT('',(12.32197526858,29.579149121933,
    2.879972943607));
#4937 = CARTESIAN_POINT('',(10.652210653777,30.183290788233,
    2.888796447856));
#4938 = CARTESIAN_POINT('',(7.879915177036,30.992141562682,
    2.903177529487));
#4939 = CARTESIAN_POINT('',(6.796388119649,31.261903473852,
    2.908734031464));
#4940 = CARTESIAN_POINT('',(5.70243352795,31.488331397232,2.914290989942
    ));
#4941 = CARTESIAN_POINT('',(4.599987083081,31.670977073523,
    2.919848833592));
#4942 = CARTESIAN_POINT('',(3.491049527461,31.809495879303,
    2.925407543031));
#4943 = CARTESIAN_POINT('',(2.377686664785,31.903646827029,
    2.930966650817));
#4944 = CARTESIAN_POINT('',(1.262029360023,31.953292565031,
    2.936525241451));
#4945 = CARTESIAN_POINT('',(-1.090670096023,31.964060866427,
    2.948242203336));
#4946 = CARTESIAN_POINT('',(-2.327825726622,31.915014740943,
    2.954400260733));
#4947 = CARTESIAN_POINT('',(-3.562395856666,31.811240771102,
    2.960557558833));
#4948 = CARTESIAN_POINT('',(-4.791585473323,31.652896576205,
    2.966715110321));
#4949 = CARTESIAN_POINT('',(-6.012602046633,31.440317624818,
    2.972873505304));
#4950 = CARTESIAN_POINT('',(-7.222655529511,31.174017234772,
    2.979032911313));
#4951 = CARTESIAN_POINT('',(-8.418958357746,30.854686573161,
    2.985193073303));
#4952 = CARTESIAN_POINT('',(-11.50216517094,29.883828497455,
    3.001292263671));
#4953 = CARTESIAN_POINT('',(-13.36317479055,29.148519710355,
    3.011234678021));
#4954 = CARTESIAN_POINT('',(-15.17005673162,28.280860695998,
    3.021178154555));
#4955 = CARTESIAN_POINT('',(-16.91182065532,27.285611117114,
    3.031121242472));
#4956 = CARTESIAN_POINT('',(-18.57809359186,26.168538310263,
    3.041063447476));
#4957 = CARTESIAN_POINT('',(-20.15909404864,24.936360132023,
    3.051004846443));
#4958 = CARTESIAN_POINT('',(-21.64567009569,23.596790239323,
    3.060945311616));
#4959 = CARTESIAN_POINT('',(-24.68876418976,20.434119127062,
    3.082800976704));
#4960 = CARTESIAN_POINT('',(-26.20101919371,18.567033025916,
    3.094720770554));
#4961 = CARTESIAN_POINT('',(-27.55121700569,16.572661733556,
    3.106638759475));
#4962 = CARTESIAN_POINT('',(-28.72705336959,14.467637945296,
    3.118555724573));
#4963 = CARTESIAN_POINT('',(-29.71831278214,12.269658762927,
    3.13047352195));
#4964 = CARTESIAN_POINT('',(-30.51686783516,9.997458459211,
    3.142393483002));
#4965 = CARTESIAN_POINT('',(-31.11668427458,7.670788336837,
    3.154315540401));
#4966 = CARTESIAN_POINT('',(-31.97055392862,2.603781444461,
    3.179906351657));
#4967 = CARTESIAN_POINT('',(-32.16118251177,-0.149041934488,
    3.193584140837));
#4968 = CARTESIAN_POINT('',(-32.0804808221,-2.915771251116,
    3.207259834735));
#4969 = CARTESIAN_POINT('',(-31.72801075492,-5.665157952559,
    3.220933010665));
#4970 = CARTESIAN_POINT('',(-31.10720547416,-8.36661505955,
    3.234605276331));
#4971 = CARTESIAN_POINT('',(-30.22544481209,-10.99027266839,
    3.248278918269));
#4972 = CARTESIAN_POINT('',(-29.09393351506,-13.50701481933,
    3.261954785577));
#4973 = CARTESIAN_POINT('',(-26.2775666459,-18.42212847557,
    3.290164818126));
#4974 = CARTESIAN_POINT('',(-24.56082372574,-20.80501879337,
    3.30471101368));
#4975 = CARTESIAN_POINT('',(-22.59801628531,-23.00320042584,
    3.319253538224));
#4976 = CARTESIAN_POINT('',(-20.41290493885,-24.98761864266,
    3.333793810377));
#4977 = CARTESIAN_POINT('',(-18.03243380686,-26.73293158956,
    3.34833476741));
#4978 = CARTESIAN_POINT('',(-15.48680302545,-28.21776546126,
    3.362878714512));
#4979 = CARTESIAN_POINT('',(-12.80929072817,-29.42459369568,
    3.377425902905));
#4980 = CARTESIAN_POINT('',(-7.078957963824,-31.32027405915,
    3.40748328876));
#4981 = CARTESIAN_POINT('',(-4.009256216418,-31.97001683482,
    3.423012020608));
#4982 = CARTESIAN_POINT('',(-0.87399490803,-32.27475960649,3.43853514767
    ));
#4983 = CARTESIAN_POINT('',(2.281337369583,-32.22804720829,
    3.454053593061));
#4984 = CARTESIAN_POINT('',(5.411646751294,-31.82976572086,
    3.469572011996));
#4985 = CARTESIAN_POINT('',(8.472418090871,-31.08650910164,
    3.485095603847));
#4986 = CARTESIAN_POINT('',(11.419800676312,-30.01100194445,
    3.500626122383));
#4987 = CARTESIAN_POINT('',(16.250278027406,-27.61290340991,
    3.527488089092));
#4988 = CARTESIAN_POINT('',(18.207451332678,-26.43431904338,3.5388306387
    ));
#4989 = CARTESIAN_POINT('',(20.066197716467,-25.09752699378,
    3.550172265556));
#4990 = CARTESIAN_POINT('',(21.81168416218,-23.61229917133,
    3.561512380791));
#4991 = CARTESIAN_POINT('',(23.430408997858,-21.98985871801,
    3.572851103889));
#4992 = CARTESIAN_POINT('',(24.910123477101,-20.24277761396,
    3.584188896524));
#4993 = CARTESIAN_POINT('',(26.239923809337,-18.38505900801,
    3.595526146285));
#4994 = CARTESIAN_POINT('',(28.51975879011,-14.58210900485,
    3.617600914337));
#4995 = CARTESIAN_POINT('',(29.486435796089,-12.64594021966,
    3.628342393526));
#4996 = CARTESIAN_POINT('',(30.302498340913,-10.63714196065,
    3.639083267032));
#4997 = CARTESIAN_POINT('',(30.961713645984,-8.569498658512,
    3.649824527661));
#4998 = CARTESIAN_POINT('',(31.459396083431,-6.457202786496,
    3.66056852187));
#4999 = CARTESIAN_POINT('',(31.792307136152,-4.314819289329,
    3.671316739704));
#5000 = CARTESIAN_POINT('',(31.958734122635,-2.157296397558,
    3.682067044182));
#5001 = CARTESIAN_POINT('',(31.958734122635,-3.907985046681E-14,
    3.692810409566));
#5002 = PCURVE('',#545,#5003);
#5003 = DEFINITIONAL_REPRESENTATION('',(#5004),#5084);
#5004 = B_SPLINE_CURVE_WITH_KNOTS('',8,(#5005,#5006,#5007,#5008,#5009,
    #5010,#5011,#5012,#5013,#5014,#5015,#5016,#5017,#5018,#5019,#5020,
    #5021,#5022,#5023,#5024,#5025,#5026,#5027,#5028,#5029,#5030,#5031,
    #5032,#5033,#5034,#5035,#5036,#5037,#5038,#5039,#5040,#5041,#5042,
    #5043,#5044,#5045,#5046,#5047,#5048,#5049,#5050,#5051,#5052,#5053,
    #5054,#5055,#5056,#5057,#5058,#5059,#5060,#5061,#5062,#5063,#5064,
    #5065,#5066,#5067,#5068,#5069,#5070,#5071,#5072,#5073,#5074,#5075,
    #5076,#5077,#5078,#5079,#5080,#5081,#5082,#5083),.UNSPECIFIED.,.F.,
  .F.,(9,7,7,7,7,7,7,7,7,7,7,9),(0.,0.134206122313,0.204808804682,
    0.2492701063,0.298560572049,0.378085955481,0.473452343938,
    0.582830656381,0.699164631916,0.823331962311,0.914044842876,1.),
  .UNSPECIFIED.);
#5005 = CARTESIAN_POINT('',(0.164609841964,31.811325528347));
#5006 = CARTESIAN_POINT('',(0.164605240085,31.918034267657));
#5007 = CARTESIAN_POINT('',(0.16460106224,32.024834767817));
#5008 = CARTESIAN_POINT('',(0.164599771201,32.131583954235));
#5009 = CARTESIAN_POINT('',(0.164603982024,32.238299035049));
#5010 = CARTESIAN_POINT('',(0.164615862114,32.345014997381));
#5011 = CARTESIAN_POINT('',(0.164628253306,32.451765480726));
#5012 = CARTESIAN_POINT('',(0.164633816281,32.558568904816));
#5013 = CARTESIAN_POINT('',(0.164630799671,32.721415646182));
#5014 = CARTESIAN_POINT('',(0.164627660886,32.777560419675));
#5015 = CARTESIAN_POINT('',(0.164622343371,32.833705961127));
#5016 = CARTESIAN_POINT('',(0.164615117396,32.88985087075));
#5017 = CARTESIAN_POINT('',(0.164607053399,32.945996470324));
#5018 = CARTESIAN_POINT('',(0.164599923363,33.00214422445));
#5019 = CARTESIAN_POINT('',(0.164595553531,33.058293150415));
#5020 = CARTESIAN_POINT('',(0.164594045907,33.149793355844));
#5021 = CARTESIAN_POINT('',(0.164594678636,33.18514363636));
#5022 = CARTESIAN_POINT('',(0.164596991824,33.220492417069));
#5023 = CARTESIAN_POINT('',(0.164600957165,33.255842499482));
#5024 = CARTESIAN_POINT('',(0.164606052878,33.291195127771));
#5025 = CARTESIAN_POINT('',(0.164611263699,33.326549988772));
#5026 = CARTESIAN_POINT('',(0.164615080887,33.361905211981));
#5027 = CARTESIAN_POINT('',(0.164615969316,33.436449301613));
#5028 = CARTESIAN_POINT('',(0.16461177243,33.475639494758));
#5029 = CARTESIAN_POINT('',(0.164605721562,33.514829716005));
#5030 = CARTESIAN_POINT('',(0.16459990082,33.554020946251));
#5031 = CARTESIAN_POINT('',(0.164595668421,33.593213380278));
#5032 = CARTESIAN_POINT('',(0.164593656687,33.632406426755));
#5033 = CARTESIAN_POINT('',(0.164593772052,33.671598708236));
#5034 = CARTESIAN_POINT('',(0.164597490935,33.774016279236));
#5035 = CARTESIAN_POINT('',(0.164603879451,33.837255812224));
#5036 = CARTESIAN_POINT('',(0.164612969145,33.900495023802));
#5037 = CARTESIAN_POINT('',(0.164622016939,33.963731872712));
#5038 = CARTESIAN_POINT('',(0.164628771994,34.026969113151));
#5039 = CARTESIAN_POINT('',(0.164632344608,34.09020956598));
#5040 = CARTESIAN_POINT('',(0.164633100173,34.15345146074));
#5041 = CARTESIAN_POINT('',(0.16462975301,34.292511768973));
#5042 = CARTESIAN_POINT('',(0.164624689698,34.368361927792));
#5043 = CARTESIAN_POINT('',(0.164617515006,34.444206136722));
#5044 = CARTESIAN_POINT('',(0.164610399118,34.52004367771));
#5045 = CARTESIAN_POINT('',(0.164605317627,34.595881182082));
#5046 = CARTESIAN_POINT('',(0.164602826678,34.671725662979));
#5047 = CARTESIAN_POINT('',(0.164602647854,34.747577421732));
#5048 = CARTESIAN_POINT('',(0.16460573068,34.910384868342));
#5049 = CARTESIAN_POINT('',(0.164609503264,34.997396702256));
#5050 = CARTESIAN_POINT('',(0.164614364325,35.084392352719));
#5051 = CARTESIAN_POINT('',(0.164618571573,35.171373696734));
#5052 = CARTESIAN_POINT('',(0.164620740378,35.258354591803));
#5053 = CARTESIAN_POINT('',(0.16462107057,35.345349061754));
#5054 = CARTESIAN_POINT('',(0.164620323015,35.432360514679));
#5055 = CARTESIAN_POINT('',(0.164618135934,35.611845953069));
#5056 = CARTESIAN_POINT('',(0.164616654297,35.704396588948));
#5057 = CARTESIAN_POINT('',(0.164615730203,35.796922407658));
#5058 = CARTESIAN_POINT('',(0.164616273002,35.889430051604));
#5059 = CARTESIAN_POINT('',(0.164618260953,35.981938265451));
#5060 = CARTESIAN_POINT('',(0.164620162237,36.07446573005));
#5061 = CARTESIAN_POINT('',(0.164620844213,36.167017012187));
#5062 = CARTESIAN_POINT('',(0.164619094565,36.358254655676));
#5063 = CARTESIAN_POINT('',(0.164616447908,36.457059501265));
#5064 = CARTESIAN_POINT('',(0.164611695873,36.555834205529));
#5065 = CARTESIAN_POINT('',(0.164605513866,36.654582871476));
#5066 = CARTESIAN_POINT('',(0.164600593334,36.753328062987));
#5067 = CARTESIAN_POINT('',(0.164600482471,36.852093560693));
#5068 = CARTESIAN_POINT('',(0.164604931862,36.950891176192));
#5069 = CARTESIAN_POINT('',(0.164616478343,37.121763869099));
#5070 = CARTESIAN_POINT('',(0.164622545813,37.193912275218));
#5071 = CARTESIAN_POINT('',(0.164628859093,37.266054166324));
#5072 = CARTESIAN_POINT('',(0.164633961667,37.338189613143));
#5073 = CARTESIAN_POINT('',(0.164635799981,37.410324757849));
#5074 = CARTESIAN_POINT('',(0.164633097265,37.482465883932));
#5075 = CARTESIAN_POINT('',(0.164626590013,37.554613527121));
#5076 = CARTESIAN_POINT('',(0.164610889237,37.695100203105));
#5077 = CARTESIAN_POINT('',(0.164601829981,37.763464084299));
#5078 = CARTESIAN_POINT('',(0.164593344508,37.831822608192));
#5079 = CARTESIAN_POINT('',(0.164588184047,37.900174880805));
#5080 = CARTESIAN_POINT('',(0.164590289647,37.968525502133));
#5081 = CARTESIAN_POINT('',(0.164601310812,38.036879629184));
#5082 = CARTESIAN_POINT('',(0.164615532145,38.105238644953));
#5083 = CARTESIAN_POINT('',(0.164615530058,38.173590789405));
#5084 = ( GEOMETRIC_REPRESENTATION_CONTEXT(2) 
PARAMETRIC_REPRESENTATION_CONTEXT() REPRESENTATION_CONTEXT('2D SPACE',''
  ) );
#5085 = PCURVE('',#2193,#5086);
#5086 = DEFINITIONAL_REPRESENTATION('',(#5087),#5167);
#5087 = B_SPLINE_CURVE_WITH_KNOTS('',8,(#5088,#5089,#5090,#5091,#5092,
    #5093,#5094,#5095,#5096,#5097,#5098,#5099,#5100,#5101,#5102,#5103,
    #5104,#5105,#5106,#5107,#5108,#5109,#5110,#5111,#5112,#5113,#5114,
    #5115,#5116,#5117,#5118,#5119,#5120,#5121,#5122,#5123,#5124,#5125,
    #5126,#5127,#5128,#5129,#5130,#5131,#5132,#5133,#5134,#5135,#5136,
    #5137,#5138,#5139,#5140,#5141,#5142,#5143,#5144,#5145,#5146,#5147,
    #5148,#5149,#5150,#5151,#5152,#5153,#5154,#5155,#5156,#5157,#5158,
    #5159,#5160,#5161,#5162,#5163,#5164,#5165,#5166),.UNSPECIFIED.,.F.,
  .F.,(9,7,7,7,7,7,7,7,7,7,7,9),(0.,0.134206122313,0.204808804682,
    0.2492701063,0.298560572049,0.378085955481,0.473452343938,
    0.582830656381,0.699164631916,0.823331962311,0.914044842876,1.),
  .UNSPECIFIED.);
#5088 = CARTESIAN_POINT('',(0.,2.692808046105));
#5089 = CARTESIAN_POINT('',(0.105382525863,2.709578280669));
#5090 = CARTESIAN_POINT('',(0.210855610641,2.726363112575));
#5091 = CARTESIAN_POINT('',(0.316277913356,2.743141068323));
#5092 = CARTESIAN_POINT('',(0.421666423105,2.759915929857));
#5093 = CARTESIAN_POINT('',(0.527055795426,2.776694089163));
#5094 = CARTESIAN_POINT('',(0.632479393346,2.793477884907));
#5095 = CARTESIAN_POINT('',(0.737955339543,2.810267188943));
#5096 = CARTESIAN_POINT('',(0.898778021122,2.835861663867));
#5097 = CARTESIAN_POINT('',(0.954224955841,2.844685022551));
#5098 = CARTESIAN_POINT('',(1.009672638092,2.853507604452));
#5099 = CARTESIAN_POINT('',(1.065119669294,2.862329300888));
#5100 = CARTESIAN_POINT('',(1.1205673482,2.871150760561));
#5101 = CARTESIAN_POINT('',(1.176017132135,2.879972943607));
#5102 = CARTESIAN_POINT('',(1.231468077624,2.888796447856));
#5103 = CARTESIAN_POINT('',(1.321830914732,2.903177529487));
#5104 = CARTESIAN_POINT('',(1.356741789884,2.908734031464));
#5105 = CARTESIAN_POINT('',(1.39165121223,2.914290989942));
#5106 = CARTESIAN_POINT('',(1.426561956798,2.919848833592));
#5107 = CARTESIAN_POINT('',(1.461475247262,2.925407543031));
#5108 = CARTESIAN_POINT('',(1.496390755943,2.930966650817));
#5109 = CARTESIAN_POINT('',(1.531306603805,2.936525241451));
#5110 = CARTESIAN_POINT('',(1.60492416607,2.948242203336));
#5111 = CARTESIAN_POINT('',(1.643627321648,2.954400260733));
#5112 = CARTESIAN_POINT('',(1.682330523362,2.960557558833));
#5113 = CARTESIAN_POINT('',(1.721034705612,2.966715110321));
#5114 = CARTESIAN_POINT('',(1.759740041025,2.972873505304));
#5115 = CARTESIAN_POINT('',(1.798445940462,2.979032911313));
#5116 = CARTESIAN_POINT('',(1.837151053015,2.985193073303));
#5117 = CARTESIAN_POINT('',(1.938295531078,3.001292263671));
#5118 = CARTESIAN_POINT('',(2.000748934307,3.011234678021));
#5119 = CARTESIAN_POINT('',(2.063202031798,3.021178154555));
#5120 = CARTESIAN_POINT('',(2.125652836248,3.031121242472));
#5121 = CARTESIAN_POINT('',(2.188104070177,3.041063447476));
#5122 = CARTESIAN_POINT('',(2.250558500063,3.051004846443));
#5123 = CARTESIAN_POINT('',(2.313014351362,3.060945311616));
#5124 = CARTESIAN_POINT('',(2.45034623652,3.082800976704));
#5125 = CARTESIAN_POINT('',(2.525253615409,3.094720770554));
#5126 = CARTESIAN_POINT('',(2.600155083267,3.106638759475));
#5127 = CARTESIAN_POINT('',(2.675049925482,3.118555724573));
#5128 = CARTESIAN_POINT('',(2.749944717693,3.13047352195));
#5129 = CARTESIAN_POINT('',(2.824846419213,3.142393483002));
#5130 = CARTESIAN_POINT('',(2.899755346536,3.154315540401));
#5131 = CARTESIAN_POINT('',(3.060539200082,3.179906351657));
#5132 = CARTESIAN_POINT('',(3.146469587844,3.193584140837));
#5133 = CARTESIAN_POINT('',(3.232384054566,3.207259834735));
#5134 = CARTESIAN_POINT('',(3.318284433704,3.220933010665));
#5135 = CARTESIAN_POINT('',(3.404184355753,3.234605276331));
#5136 = CARTESIAN_POINT('',(3.490097622015,3.248278918269));
#5137 = CARTESIAN_POINT('',(3.576027583502,3.261954785577));
#5138 = CARTESIAN_POINT('',(3.753282006279,3.290164818126));
#5139 = CARTESIAN_POINT('',(3.844682156469,3.30471101368));
#5140 = CARTESIAN_POINT('',(3.936057735058,3.319253538224));
#5141 = CARTESIAN_POINT('',(4.027415345804,3.333793810377));
#5142 = CARTESIAN_POINT('',(4.118773572969,3.34833476741));
#5143 = CARTESIAN_POINT('',(4.210150907819,3.362878714512));
#5144 = CARTESIAN_POINT('',(4.301551853278,3.377425902905));
#5145 = CARTESIAN_POINT('',(4.490412690339,3.40748328876));
#5146 = CARTESIAN_POINT('',(4.587989601791,3.423012020608));
#5147 = CARTESIAN_POINT('',(4.685536775388,3.43853514767));
#5148 = CARTESIAN_POINT('',(4.783058196371,3.454053593061));
#5149 = CARTESIAN_POINT('',(4.880576069223,3.469572011996));
#5150 = CARTESIAN_POINT('',(4.978113897002,3.485095603847));
#5151 = CARTESIAN_POINT('',(5.075683410665,3.500626122383));
#5152 = CARTESIAN_POINT('',(5.24443209532,3.527488089092));
#5153 = CARTESIAN_POINT('',(5.315683677935,3.5388306387));
#5154 = CARTESIAN_POINT('',(5.386928850237,3.550172265556));
#5155 = CARTESIAN_POINT('',(5.458167697004,3.561512380791));
#5156 = CARTESIAN_POINT('',(5.529406276552,3.572851103889));
#5157 = CARTESIAN_POINT('',(5.600650762993,3.584188896524));
#5158 = CARTESIAN_POINT('',(5.671901649212,3.595526146285));
#5159 = CARTESIAN_POINT('',(5.810642077374,3.617600914337));
#5160 = CARTESIAN_POINT('',(5.878156162843,3.628342393526));
#5161 = CARTESIAN_POINT('',(5.945664919869,3.639083267032));
#5162 = CARTESIAN_POINT('',(6.013167493678,3.649824527661));
#5163 = CARTESIAN_POINT('',(6.080668481423,3.66056852187));
#5164 = CARTESIAN_POINT('',(6.148173093321,3.671316739704));
#5165 = CARTESIAN_POINT('',(6.215682746243,3.682067044182));
#5166 = CARTESIAN_POINT('',(6.28318530718,3.692810409566));
#5167 = ( GEOMETRIC_REPRESENTATION_CONTEXT(2) 
PARAMETRIC_REPRESENTATION_CONTEXT() REPRESENTATION_CONTEXT('2D SPACE',''
  ) );
#5168 = ORIENTED_EDGE('',*,*,#5169,.F.);
#5169 = EDGE_CURVE('',#5170,#4919,#5172,.T.);
#5170 = VERTEX_POINT('',#5171);
#5171 = CARTESIAN_POINT('',(31.958734122635,-7.827632289617E-15,
    1.69280808691));
#5172 = SURFACE_CURVE('',#5173,(#5246,#5322),.PCURVE_S1.);
#5173 = B_SPLINE_CURVE_WITH_KNOTS('',8,(#5174,#5175,#5176,#5177,#5178,
    #5179,#5180,#5181,#5182,#5183,#5184,#5185,#5186,#5187,#5188,#5189,
    #5190,#5191,#5192,#5193,#5194,#5195,#5196,#5197,#5198,#5199,#5200,
    #5201,#5202,#5203,#5204,#5205,#5206,#5207,#5208,#5209,#5210,#5211,
    #5212,#5213,#5214,#5215,#5216,#5217,#5218,#5219,#5220,#5221,#5222,
    #5223,#5224,#5225,#5226,#5227,#5228,#5229,#5230,#5231,#5232,#5233,
    #5234,#5235,#5236,#5237,#5238,#5239,#5240,#5241,#5242,#5243,#5244,
    #5245),.UNSPECIFIED.,.F.,.F.,(9,7,7,7,7,7,7,7,7,7,9),(0.,
    0.102733531422,0.215008605678,0.329827395472,0.452256064152,
    0.535319931611,0.627106648759,0.72089363699,0.838308876454,
    0.912615282877,1.),.UNSPECIFIED.);
#5174 = CARTESIAN_POINT('',(31.958734122635,-7.105427357601E-15,
    1.69280808691));
#5175 = CARTESIAN_POINT('',(31.958734122635,2.578104112324,
    1.705648517489));
#5176 = CARTESIAN_POINT('',(31.721048263949,5.157082498427,
    1.718493400234));
#5177 = CARTESIAN_POINT('',(31.245394844237,7.710123729371,
    1.731336116644));
#5178 = CARTESIAN_POINT('',(30.535432181514,10.211617694481,
    1.744176378158));
#5179 = CARTESIAN_POINT('',(29.597767878173,12.636932153034,
    1.757015823766));
#5180 = CARTESIAN_POINT('',(28.441960831704,14.96244396417,
    1.769856499887));
#5181 = CARTESIAN_POINT('',(27.080457377552,17.1655687704,1.782699151369
    ));
#5182 = CARTESIAN_POINT('',(23.834493015756,21.475962162399,
    1.809570090199));
#5183 = CARTESIAN_POINT('',(21.912007924057,23.556914570764,
    1.823607624131));
#5184 = CARTESIAN_POINT('',(19.782872790694,25.43965968293,
    1.837642414553));
#5185 = CARTESIAN_POINT('',(17.471358661371,27.100783954349,
    1.851675274643));
#5186 = CARTESIAN_POINT('',(15.004131050328,28.520436638127,
    1.865708412447));
#5187 = CARTESIAN_POINT('',(12.410282593695,29.682487946662,
    1.87974369499));
#5188 = CARTESIAN_POINT('',(9.721214764823,30.5744602147,1.89378140302)
  );
#5189 = CARTESIAN_POINT('',(4.15939801678,31.817649949532,1.922160895012
    ));
#5190 = CARTESIAN_POINT('',(1.281238017432,32.156745980771,
    1.936515770252));
#5191 = CARTESIAN_POINT('',(-1.62625596594,32.197658865968,
    1.950866608739));
#5192 = CARTESIAN_POINT('',(-4.527011280213,31.938322026979,
    1.965214640958));
#5193 = CARTESIAN_POINT('',(-7.385552946836,31.381315830843,
    1.979563628363));
#5194 = CARTESIAN_POINT('',(-10.16710158817,30.534035646341,
    1.993917172159));
#5195 = CARTESIAN_POINT('',(-12.83761700705,29.408487669343,
    2.008275709031));
#5196 = CARTESIAN_POINT('',(-18.0583453479,26.546125446103,
    2.037932096416));
#5197 = CARTESIAN_POINT('',(-20.59173694027,24.772161606111,
    2.053245490945));
#5198 = CARTESIAN_POINT('',(-22.92365753917,22.722883374974,
    2.068553213032));
#5199 = CARTESIAN_POINT('',(-25.01996877777,20.425775573852,
    2.083854842229));
#5200 = CARTESIAN_POINT('',(-26.85104478677,17.912140690429,
    2.099151949743));
#5201 = CARTESIAN_POINT('',(-28.3921495779,15.217270281819,
    2.114449111891));
#5202 = CARTESIAN_POINT('',(-29.62319310937,12.380108760993,
    2.129753604638));
#5203 = CARTESIAN_POINT('',(-31.14726656386,7.45344646024,2.155433499148
    ));
#5204 = CARTESIAN_POINT('',(-31.61495003136,5.415826635084,2.16581865327
    ));
#5205 = CARTESIAN_POINT('',(-31.93008797923,3.34528653089,2.176195468251
    ));
#5206 = CARTESIAN_POINT('',(-32.09011930542,1.25518096395,2.186599760885
    ));
#5207 = CARTESIAN_POINT('',(-32.09383985354,-0.841062540593,
    2.196972087096));
#5208 = CARTESIAN_POINT('',(-31.94138676268,-2.929953732618,
    2.207347352736));
#5209 = CARTESIAN_POINT('',(-31.63426538718,-4.99795104853,
    2.217727706243));
#5210 = CARTESIAN_POINT('',(-30.66880301808,-9.278544904552,
    2.239577984357));
#5211 = CARTESIAN_POINT('',(-29.97679868945,-11.48426253951,
    2.251052649981));
#5212 = CARTESIAN_POINT('',(-29.1036393754,-13.63020311167,
    2.262529151753));
#5213 = CARTESIAN_POINT('',(-28.05555161959,-15.69908939128,
    2.274005653512));
#5214 = CARTESIAN_POINT('',(-26.84052481955,-17.67458575586,
    2.285481269887));
#5215 = CARTESIAN_POINT('',(-25.46829418874,-19.54131924492,
    2.296956287041));
#5216 = CARTESIAN_POINT('',(-23.95035421836,-21.2849039137,
    2.308430660767));
#5217 = CARTESIAN_POINT('',(-20.61443754915,-24.53457449312,
    2.331621868308));
#5218 = CARTESIAN_POINT('',(-18.78977595084,-26.03550142565,
    2.343344562986));
#5219 = CARTESIAN_POINT('',(-16.84079110573,-27.38069489816,
    2.355065563588));
#5220 = CARTESIAN_POINT('',(-14.78321553217,-28.55830422533,
    2.366785489458));
#5221 = CARTESIAN_POINT('',(-12.63378986516,-29.55844564642,
    2.378506094246));
#5222 = CARTESIAN_POINT('',(-10.41023309563,-30.37318371999,
    2.390228710339));
#5223 = CARTESIAN_POINT('',(-8.131216739958,-30.99653163584,
    2.401953446093));
#5224 = CARTESIAN_POINT('',(-2.918861668452,-31.96131304812,
    2.428352981768));
#5225 = CARTESIAN_POINT('',(3.699138980194E-02,-32.19258686096,
    2.443038561576));
#5226 = CARTESIAN_POINT('',(3.011166482631,-32.11080912732,
    2.457720905093));
#5227 = CARTESIAN_POINT('',(5.964956674602,-31.71536178889,2.47239977864
    ));
#5228 = CARTESIAN_POINT('',(8.860549559185,-31.01065747629,
    2.487077439634));
#5229 = CARTESIAN_POINT('',(11.661139134136,-30.00635132624,
    2.501757141049));
#5230 = CARTESIAN_POINT('',(14.330962628126,-28.71705325313,
    2.516440361653));
#5231 = CARTESIAN_POINT('',(18.421152079877,-26.18205824622,
    2.540403654499));
#5232 = CARTESIAN_POINT('',(19.941149525808,-25.09366333271,
    2.549692793798));
#5233 = CARTESIAN_POINT('',(21.387279624009,-23.9046239457,
    2.558981577344));
#5234 = CARTESIAN_POINT('',(22.751745038857,-22.62092307809,
    2.56826964967));
#5235 = CARTESIAN_POINT('',(24.027451022932,-21.24914497058,
    2.577557339209));
#5236 = CARTESIAN_POINT('',(25.207955946911,-19.79641962842,
    2.586845207245));
#5237 = CARTESIAN_POINT('',(26.287475336918,-18.27042124274,
    2.596133724927));
#5238 = CARTESIAN_POINT('',(28.405718458072,-14.80834944377,
    2.616346715619));
#5239 = CARTESIAN_POINT('',(29.403845068504,-12.84733219943,
    2.627271623691));
#5240 = CARTESIAN_POINT('',(30.246836468251,-10.81010115161,
    2.638195289647));
#5241 = CARTESIAN_POINT('',(30.928071550641,-8.71100616345,
    2.649117842123));
#5242 = CARTESIAN_POINT('',(31.442526835765,-6.564892416909,
    2.660040110007));
#5243 = CARTESIAN_POINT('',(31.786701097791,-4.387069082236,
    2.670962955881));
#5244 = CARTESIAN_POINT('',(31.958734122635,-2.193328913878,
    2.681886484787));
#5245 = CARTESIAN_POINT('',(31.958734122635,3.552713678801E-15,
    2.692808046105));
#5246 = PCURVE('',#545,#5247);
#5247 = DEFINITIONAL_REPRESENTATION('',(#5248),#5321);
#5248 = B_SPLINE_CURVE_WITH_KNOTS('',8,(#5249,#5250,#5251,#5252,#5253,
    #5254,#5255,#5256,#5257,#5258,#5259,#5260,#5261,#5262,#5263,#5264,
    #5265,#5266,#5267,#5268,#5269,#5270,#5271,#5272,#5273,#5274,#5275,
    #5276,#5277,#5278,#5279,#5280,#5281,#5282,#5283,#5284,#5285,#5286,
    #5287,#5288,#5289,#5290,#5291,#5292,#5293,#5294,#5295,#5296,#5297,
    #5298,#5299,#5300,#5301,#5302,#5303,#5304,#5305,#5306,#5307,#5308,
    #5309,#5310,#5311,#5312,#5313,#5314,#5315,#5316,#5317,#5318,#5319,
    #5320),.UNSPECIFIED.,.F.,.F.,(9,7,7,7,7,7,7,7,7,7,9),(0.,
    0.102733531422,0.215008605678,0.329827395472,0.452256064152,
    0.535319931611,0.627106648759,0.72089363699,0.838308876454,
    0.912615282877,1.),.UNSPECIFIED.);
#5249 = CARTESIAN_POINT('',(0.164609842204,25.449060655759));
#5250 = CARTESIAN_POINT('',(0.164613364859,25.530745647258));
#5251 = CARTESIAN_POINT('',(0.164617145821,25.612458287641));
#5252 = CARTESIAN_POINT('',(0.164620127257,25.694159240642));
#5253 = CARTESIAN_POINT('',(0.16462143685,25.775848956546));
#5254 = CARTESIAN_POINT('',(0.164621070475,25.857537873849));
#5255 = CARTESIAN_POINT('',(0.164619860157,25.939236831825));
#5256 = CARTESIAN_POINT('',(0.164618575904,26.020948551346));
#5257 = CARTESIAN_POINT('',(0.164616695589,26.191913516484));
#5258 = CARTESIAN_POINT('',(0.164616174005,26.281225396129));
#5259 = CARTESIAN_POINT('',(0.164616703946,26.370517064984));
#5260 = CARTESIAN_POINT('',(0.164618436958,26.459793299513));
#5261 = CARTESIAN_POINT('',(0.164620487471,26.549070468822));
#5262 = CARTESIAN_POINT('',(0.164621364479,26.638364359076));
#5263 = CARTESIAN_POINT('',(0.164620520525,26.727678191256));
#5264 = CARTESIAN_POINT('',(0.164615946858,26.908248030371));
#5265 = CARTESIAN_POINT('',(0.164612149443,26.999587504924));
#5266 = CARTESIAN_POINT('',(0.164607205346,27.090904301826));
#5267 = CARTESIAN_POINT('',(0.164602367566,27.182202965876));
#5268 = CARTESIAN_POINT('',(0.164600044641,27.273501116088));
#5269 = CARTESIAN_POINT('',(0.164602164545,27.364816611408));
#5270 = CARTESIAN_POINT('',(0.164607752545,27.456154784738));
#5271 = CARTESIAN_POINT('',(0.164621775555,27.644799832331));
#5272 = CARTESIAN_POINT('',(0.164630389718,27.742205132215));
#5273 = CARTESIAN_POINT('',(0.164637544981,27.839578166032));
#5274 = CARTESIAN_POINT('',(0.164638946924,27.936927513681));
#5275 = CARTESIAN_POINT('',(0.16462943065,28.034276707879));
#5276 = CARTESIAN_POINT('',(0.164611018071,28.1316495653));
#5277 = CARTESIAN_POINT('',(0.164598109037,28.229054638127));
#5278 = CARTESIAN_POINT('',(0.164592929194,28.392450510985));
#5279 = CARTESIAN_POINT('',(0.16459956017,28.458506236343));
#5280 = CARTESIAN_POINT('',(0.164587170531,28.524558755497));
#5281 = CARTESIAN_POINT('',(0.164643582207,28.590605778852));
#5282 = CARTESIAN_POINT('',(0.164620815033,28.656656936913));
#5283 = CARTESIAN_POINT('',(0.164604551299,28.722709752062));
#5284 = CARTESIAN_POINT('',(0.164598558315,28.78876801977));
#5285 = CARTESIAN_POINT('',(0.164592195329,28.927801958579));
#5286 = CARTESIAN_POINT('',(0.164594843099,29.000799884237));
#5287 = CARTESIAN_POINT('',(0.164604562662,29.073790958062));
#5288 = CARTESIAN_POINT('',(0.16461653633,29.146776124202));
#5289 = CARTESIAN_POINT('',(0.164626145267,29.219761854827));
#5290 = CARTESIAN_POINT('',(0.164631717182,29.292754353356));
#5291 = CARTESIAN_POINT('',(0.164633248475,29.365753347974));
#5292 = CARTESIAN_POINT('',(0.164630155974,29.513310063965));
#5293 = CARTESIAN_POINT('',(0.164625395006,29.587905433207));
#5294 = CARTESIAN_POINT('',(0.164618457081,29.6624957297));
#5295 = CARTESIAN_POINT('',(0.164611381856,29.737079548301));
#5296 = CARTESIAN_POINT('',(0.164606102721,29.811662979137));
#5297 = CARTESIAN_POINT('',(0.164603266723,29.886252803395));
#5298 = CARTESIAN_POINT('',(0.164602705075,29.960850152839));
#5299 = CARTESIAN_POINT('',(0.164605190675,30.128804483841));
#5300 = CARTESIAN_POINT('',(0.164609183904,30.222227570656));
#5301 = CARTESIAN_POINT('',(0.164614613991,30.315626301576));
#5302 = CARTESIAN_POINT('',(0.164619235697,30.409005074258));
#5303 = CARTESIAN_POINT('',(0.164621240426,30.502382990969));
#5304 = CARTESIAN_POINT('',(0.164621148769,30.595779383643));
#5305 = CARTESIAN_POINT('',(0.164620033708,30.689200848483));
#5306 = CARTESIAN_POINT('',(0.164618053095,30.841666861829));
#5307 = CARTESIAN_POINT('',(0.164617245747,30.900768944804));
#5308 = CARTESIAN_POINT('',(0.164616629341,30.959868263967));
#5309 = CARTESIAN_POINT('',(0.164616411077,31.018962014701));
#5310 = CARTESIAN_POINT('',(0.164616667765,31.078052085268));
#5311 = CARTESIAN_POINT('',(0.16461731261,31.137142274202));
#5312 = CARTESIAN_POINT('',(0.164618132997,31.196236136287));
#5313 = CARTESIAN_POINT('',(0.164619794522,31.324832187609));
#5314 = CARTESIAN_POINT('',(0.164620612791,31.394337204768));
#5315 = CARTESIAN_POINT('',(0.164620975081,31.463835514287));
#5316 = CARTESIAN_POINT('',(0.164620440163,31.533329090978));
#5317 = CARTESIAN_POINT('',(0.164618743764,31.602823901055));
#5318 = CARTESIAN_POINT('',(0.164616021955,31.672325075865));
#5319 = CARTESIAN_POINT('',(0.164612838922,31.741831805095));
#5320 = CARTESIAN_POINT('',(0.164609841964,31.811325528347));
#5321 = ( GEOMETRIC_REPRESENTATION_CONTEXT(2) 
PARAMETRIC_REPRESENTATION_CONTEXT() REPRESENTATION_CONTEXT('2D SPACE',''
  ) );
#5322 = PCURVE('',#1944,#5323);
#5323 = DEFINITIONAL_REPRESENTATION('',(#5324),#5397);
#5324 = B_SPLINE_CURVE_WITH_KNOTS('',8,(#5325,#5326,#5327,#5328,#5329,
    #5330,#5331,#5332,#5333,#5334,#5335,#5336,#5337,#5338,#5339,#5340,
    #5341,#5342,#5343,#5344,#5345,#5346,#5347,#5348,#5349,#5350,#5351,
    #5352,#5353,#5354,#5355,#5356,#5357,#5358,#5359,#5360,#5361,#5362,
    #5363,#5364,#5365,#5366,#5367,#5368,#5369,#5370,#5371,#5372,#5373,
    #5374,#5375,#5376,#5377,#5378,#5379,#5380,#5381,#5382,#5383,#5384,
    #5385,#5386,#5387,#5388,#5389,#5390,#5391,#5392,#5393,#5394,#5395,
    #5396),.UNSPECIFIED.,.F.,.F.,(9,7,7,7,7,7,7,7,7,7,9),(0.,
    0.102733531422,0.215008605678,0.329827395472,0.452256064152,
    0.535319931611,0.627106648759,0.72089363699,0.838308876454,
    0.912615282877,1.),.UNSPECIFIED.);
#5325 = CARTESIAN_POINT('',(0.,1.69280808691));
#5326 = CARTESIAN_POINT('',(8.066978192662E-02,1.705648517489));
#5327 = CARTESIAN_POINT('',(0.161366905041,1.718493400234));
#5328 = CARTESIAN_POINT('',(0.242052501397,1.731336116644));
#5329 = CARTESIAN_POINT('',(0.322726979611,1.744176378158));
#5330 = CARTESIAN_POINT('',(0.403400607889,1.757015823766));
#5331 = CARTESIAN_POINT('',(0.484084076526,1.769856499887));
#5332 = CARTESIAN_POINT('',(0.564780084509,1.782699151369));
#5333 = CARTESIAN_POINT('',(0.733619801226,1.809570090199));
#5334 = CARTESIAN_POINT('',(0.821821407581,1.823607624131));
#5335 = CARTESIAN_POINT('',(0.910003040694,1.837642414553));
#5336 = CARTESIAN_POINT('',(0.99816946834,1.851675274643));
#5337 = CARTESIAN_POINT('',(1.086336907828,1.865708412447));
#5338 = CARTESIAN_POINT('',(1.174520954884,1.87974369499));
#5339 = CARTESIAN_POINT('',(1.262724760315,1.89378140302));
#5340 = CARTESIAN_POINT('',(1.441050460196,1.922160895012));
#5341 = CARTESIAN_POINT('',(1.531254786129,1.936515770252));
#5342 = CARTESIAN_POINT('',(1.621436701986,1.950866608739));
#5343 = CARTESIAN_POINT('',(1.711600646285,1.965214640958));
#5344 = CARTESIAN_POINT('',(1.801763984046,1.979563628363));
#5345 = CARTESIAN_POINT('',(1.891944388584,1.993917172159));
#5346 = CARTESIAN_POINT('',(1.982147180435,2.008275709031));
#5347 = CARTESIAN_POINT('',(2.168447316585,2.037932096416));
#5348 = CARTESIAN_POINT('',(2.264641865693,2.053245490945));
#5349 = CARTESIAN_POINT('',(2.360804615599,2.068553213032));
#5350 = CARTESIAN_POINT('',(2.456944036429,2.083854842228));
#5351 = CARTESIAN_POINT('',(2.553083332298,2.099151949743));
#5352 = CARTESIAN_POINT('',(2.649245785326,2.114449111891));
#5353 = CARTESIAN_POINT('',(2.745439987542,2.129753604638));
#5354 = CARTESIAN_POINT('',(2.906804788429,2.155433499148));
#5355 = CARTESIAN_POINT('',(2.972039542711,2.16581865327));
#5356 = CARTESIAN_POINT('',(3.037270611568,2.176195468251));
#5357 = CARTESIAN_POINT('',(3.102498345016,2.186599760885));
#5358 = CARTESIAN_POINT('',(3.167726793908,2.196972087096));
#5359 = CARTESIAN_POINT('',(3.232959755342,2.207347352736));
#5360 = CARTESIAN_POINT('',(3.298196851048,2.217727706243));
#5361 = CARTESIAN_POINT('',(3.435502679968,2.239577984357));
#5362 = CARTESIAN_POINT('',(3.507593189293,2.25105264998));
#5363 = CARTESIAN_POINT('',(3.579676875217,2.262529151753));
#5364 = CARTESIAN_POINT('',(3.651754791124,2.274005653512));
#5365 = CARTESIAN_POINT('',(3.723833330479,2.285481269888));
#5366 = CARTESIAN_POINT('',(3.795918591156,2.296956287041));
#5367 = CARTESIAN_POINT('',(3.868010272761,2.308430660767));
#5368 = CARTESIAN_POINT('',(4.01373296326,2.331621868308));
#5369 = CARTESIAN_POINT('',(4.087401151483,2.343344562986));
#5370 = CARTESIAN_POINT('',(4.161064296874,2.355065563588));
#5371 = CARTESIAN_POINT('',(4.234721005013,2.366785489457));
#5372 = CARTESIAN_POINT('',(4.308377313732,2.378506094246));
#5373 = CARTESIAN_POINT('',(4.382039951495,2.390228710339));
#5374 = CARTESIAN_POINT('',(4.455710055414,2.401953446093));
#5375 = CARTESIAN_POINT('',(4.621576803413,2.428352981768));
#5376 = CARTESIAN_POINT('',(4.713838753903,2.443038561576));
#5377 = CARTESIAN_POINT('',(4.806076724866,2.457720905093));
#5378 = CARTESIAN_POINT('',(4.8982950369,2.472399778641));
#5379 = CARTESIAN_POINT('',(4.990512481678,2.487077439634));
#5380 = CARTESIAN_POINT('',(5.082748091019,2.501757141049));
#5381 = CARTESIAN_POINT('',(5.175008368685,2.516440361653));
#5382 = CARTESIAN_POINT('',(5.325579179768,2.540403654499));
#5383 = CARTESIAN_POINT('',(5.38394657572,2.549692793798));
#5384 = CARTESIAN_POINT('',(5.442311218475,2.558981577344));
#5385 = CARTESIAN_POINT('',(5.500670348518,2.56826964967));
#5386 = CARTESIAN_POINT('',(5.559025844668,2.577557339209));
#5387 = CARTESIAN_POINT('',(5.617381472159,2.586845207245));
#5388 = CARTESIAN_POINT('',(5.675740751541,2.596133724927));
#5389 = CARTESIAN_POINT('',(5.802738317469,2.616346715619));
#5390 = CARTESIAN_POINT('',(5.871379408002,2.627271623691));
#5391 = CARTESIAN_POINT('',(5.940013922427,2.638195289647));
#5392 = CARTESIAN_POINT('',(6.008643809388,2.649117842123));
#5393 = CARTESIAN_POINT('',(6.077274945431,2.660040110007));
#5394 = CARTESIAN_POINT('',(6.145912374842,2.670962955881));
#5395 = CARTESIAN_POINT('',(6.21455527617,2.681886484787));
#5396 = CARTESIAN_POINT('',(6.28318530718,2.692808046105));
#5397 = ( GEOMETRIC_REPRESENTATION_CONTEXT(2) 
PARAMETRIC_REPRESENTATION_CONTEXT() REPRESENTATION_CONTEXT('2D SPACE',''
  ) );
#5398 = ORIENTED_EDGE('',*,*,#5399,.F.);
#5399 = EDGE_CURVE('',#3680,#5170,#5400,.T.);
#5400 = SURFACE_CURVE('',#5401,(#5488,#5578),.PCURVE_S1.);
#5401 = B_SPLINE_CURVE_WITH_KNOTS('',8,(#5402,#5403,#5404,#5405,#5406,
    #5407,#5408,#5409,#5410,#5411,#5412,#5413,#5414,#5415,#5416,#5417,
    #5418,#5419,#5420,#5421,#5422,#5423,#5424,#5425,#5426,#5427,#5428,
    #5429,#5430,#5431,#5432,#5433,#5434,#5435,#5436,#5437,#5438,#5439,
    #5440,#5441,#5442,#5443,#5444,#5445,#5446,#5447,#5448,#5449,#5450,
    #5451,#5452,#5453,#5454,#5455,#5456,#5457,#5458,#5459,#5460,#5461,
    #5462,#5463,#5464,#5465,#5466,#5467,#5468,#5469,#5470,#5471,#5472,
    #5473,#5474,#5475,#5476,#5477,#5478,#5479,#5480,#5481,#5482,#5483,
    #5484,#5485,#5486,#5487),.UNSPECIFIED.,.F.,.F.,(9,7,7,7,7,7,7,7,7,7,
    7,7,9),(0.,0.101159389161,0.207027475655,0.296368453238,
    0.379282515342,0.475964272947,0.551955071006,0.645493440111,
    0.724654815771,0.755695889144,0.789136428942,0.883307572626,1.),
  .UNSPECIFIED.);
#5402 = CARTESIAN_POINT('',(31.958734122635,0.,0.692810409566));
#5403 = CARTESIAN_POINT('',(31.958734122635,2.538958835971,
    0.705454459081));
#5404 = CARTESIAN_POINT('',(31.728211353514,5.078643380861,
    0.718093948528));
#5405 = CARTESIAN_POINT('',(31.266935866205,7.593521872117,
    0.730735115089));
#5406 = CARTESIAN_POINT('',(30.578343498663,10.059170632435,
    0.743380803894));
#5407 = CARTESIAN_POINT('',(29.668645435359,12.452058811027,0.756029328)
  );
#5408 = CARTESIAN_POINT('',(28.54682534423,14.749583808255,
    0.768679921605));
#5409 = CARTESIAN_POINT('',(27.224604641949,16.930099999755,
    0.781331352432));
#5410 = CARTESIAN_POINT('',(24.139691727296,21.111532104119,
    0.807213629818));
#5411 = CARTESIAN_POINT('',(22.358571321653,23.100434760418,
    0.820450656908));
#5412 = CARTESIAN_POINT('',(20.391000370172,24.916378552342,
    0.833682858938));
#5413 = CARTESIAN_POINT('',(18.256837251298,26.539381421272,
    0.846911675709));
#5414 = CARTESIAN_POINT('',(15.977964343968,27.952211802016,
    0.860140893471));
#5415 = CARTESIAN_POINT('',(13.578305523363,29.140489112401,
    0.873373338485));
#5416 = CARTESIAN_POINT('',(11.083780684733,30.09269981645,
    0.886609378831));
#5417 = CARTESIAN_POINT('',(6.361850334014,31.399289603706,
    0.911007590711));
#5418 = CARTESIAN_POINT('',(4.152460777753,31.824087753153,
    0.922176506522));
#5419 = CARTESIAN_POINT('',(1.911478952696,32.070968702043,0.93334520989
    ));
#5420 = CARTESIAN_POINT('',(-0.344335903644,32.137388989848,
    0.944513462707));
#5421 = CARTESIAN_POINT('',(-2.598225943723,32.02265384128,
    0.955681776662));
#5422 = CARTESIAN_POINT('',(-4.833444318754,31.727806481351,
    0.96685073318));
#5423 = CARTESIAN_POINT('',(-7.033267877188,31.255747176591,
    0.978020214107));
#5424 = CARTESIAN_POINT('',(-11.17432159804,30.013759524416,
    0.999551019332));
#5425 = CARTESIAN_POINT('',(-13.12334929117,29.267528359873,
    1.009915670905));
#5426 = CARTESIAN_POINT('',(-15.01486419005,28.376803989233,
    1.020279421745));
#5427 = CARTESIAN_POINT('',(-16.83641147394,27.346873520305,
    1.030642291542));
#5428 = CARTESIAN_POINT('',(-18.57624264291,26.184202970799,
    1.041005187089));
#5429 = CARTESIAN_POINT('',(-20.22328874376,24.896369356199,
    1.051368971599));
#5430 = CARTESIAN_POINT('',(-21.76721162534,23.492119363174,
    1.061733547784));
#5431 = CARTESIAN_POINT('',(-24.86752258742,20.220163937945,
    1.084181182298));
#5432 = CARTESIAN_POINT('',(-26.3842951176,18.313289393512,
    1.096270184945));
#5433 = CARTESIAN_POINT('',(-27.7332317845,16.277013586737,
    1.108358450765));
#5434 = CARTESIAN_POINT('',(-28.90162470247,14.128887617461,
    1.120445266953));
#5435 = CARTESIAN_POINT('',(-29.87905223891,11.887520128578,
    1.132531313096));
#5436 = CARTESIAN_POINT('',(-30.65733862744,9.572531323106,
    1.144617641599));
#5437 = CARTESIAN_POINT('',(-31.23051584968,7.204509128654,
    1.156704753649));
#5438 = CARTESIAN_POINT('',(-31.88221035468,2.919535317717,
    1.178287345897));
#5439 = CARTESIAN_POINT('',(-32.04040094362,1.01409467829,1.187785929093
    ));
#5440 = CARTESIAN_POINT('',(-32.06836637479,-0.900601445622,
    1.197284056135));
#5441 = CARTESIAN_POINT('',(-31.96557224837,-2.814180541166,
    1.206781932795));
#5442 = CARTESIAN_POINT('',(-31.73244648977,-4.7163166285,1.216280230542
    ));
#5443 = CARTESIAN_POINT('',(-31.37035248843,-6.596732919183,
    1.225779465628));
#5444 = CARTESIAN_POINT('',(-30.88165267965,-8.445215668625,
    1.235279337047));
#5445 = CARTESIAN_POINT('',(-29.51679969061,-12.47519677784,
    1.25647011829));
#5446 = CARTESIAN_POINT('',(-28.57687398123,-14.63609794909,
    1.268166027452));
#5447 = CARTESIAN_POINT('',(-27.45636674027,-16.71525072531,1.2798617447
    ));
#5448 = CARTESIAN_POINT('',(-26.16382160351,-18.69511558397,
    1.291556824242));
#5449 = CARTESIAN_POINT('',(-24.70955440135,-20.55941043408,
    1.303251538119));
#5450 = CARTESIAN_POINT('',(-23.10562754532,-22.29311528662,
    1.314945948173));
#5451 = CARTESIAN_POINT('',(-21.36583842523,-23.88249114136,
    1.326639718303));
#5452 = CARTESIAN_POINT('',(-17.93229723287,-26.52811777337,
    1.348222561961));
#5453 = CARTESIAN_POINT('',(-16.2721378916,-27.62909595536,
    1.358115459145));
#5454 = CARTESIAN_POINT('',(-14.53512695931,-28.61102027851,
    1.368007137671));
#5455 = CARTESIAN_POINT('',(-12.73127418372,-29.46771826666,
    1.377898042517));
#5456 = CARTESIAN_POINT('',(-10.8710758106,-30.19404750865,
    1.387789706828));
#5457 = CARTESIAN_POINT('',(-8.965489956014,-30.78586303748,
    1.39768377026));
#5458 = CARTESIAN_POINT('',(-7.025954881908,-31.24009048685,
    1.407580436092));
#5459 = CARTESIAN_POINT('',(-4.295297150577,-31.67835135357,
    1.421356798893));
#5460 = CARTESIAN_POINT('',(-3.522705677462,-31.78037487099,
    1.425237509366));
#5461 = CARTESIAN_POINT('',(-2.747349722377,-31.86086015889,
    1.429118410222));
#5462 = CARTESIAN_POINT('',(-1.96992034525,-31.91972041207,
    1.432999355889));
#5463 = CARTESIAN_POINT('',(-1.191125699412,-31.95689743861,
    1.436880143501));
#5464 = CARTESIAN_POINT('',(-0.411691031601,-31.97236165986,
    1.440760512905));
#5465 = CARTESIAN_POINT('',(0.367641318044,-31.96611211042,
    1.444640146654));
#5466 = CARTESIAN_POINT('',(1.984758076781,-31.90808134619,
    1.452697002153));
#5467 = CARTESIAN_POINT('',(2.822484412177,-31.85282374195,
    1.456874750848));
#5468 = CARTESIAN_POINT('',(3.658445533562,-31.77242682739,
    1.461052421065));
#5469 = CARTESIAN_POINT('',(4.491782716528,-31.66695403573,
    1.465230356572));
#5470 = CARTESIAN_POINT('',(5.321623900857,-31.53650903153,
    1.469408739932));
#5471 = CARTESIAN_POINT('',(6.147083690526,-31.38123571063,1.4735875925)
  );
#5472 = CARTESIAN_POINT('',(6.967263353701,-31.2013182002,1.47776677443)
  );
#5473 = CARTESIAN_POINT('',(10.073502424143,-30.42155111796,
    1.493714963579));
#5474 = CARTESIAN_POINT('',(12.31750352034,-29.65229532561,
    1.505488567095));
#5475 = CARTESIAN_POINT('',(14.49352424595,-28.69404652356,
    1.517263700915));
#5476 = CARTESIAN_POINT('',(16.583133760135,-27.55401378419,
    1.529038487682));
#5477 = CARTESIAN_POINT('',(18.568949612246,-26.24132237009,
    1.540812271921));
#5478 = CARTESIAN_POINT('',(20.434674196736,-24.76702890193,
    1.552585523578));
#5479 = CARTESIAN_POINT('',(22.165139868464,-23.14415593829,
    1.564358024989));
#5480 = CARTESIAN_POINT('',(25.706483359975,-19.21230575726,
    1.590707315542));
#5481 = CARTESIAN_POINT('',(27.439440751754,-16.83004123122,
    1.605294982844));
#5482 = CARTESIAN_POINT('',(28.918543582228,-14.27057447615,
    1.619878229402));
#5483 = CARTESIAN_POINT('',(30.123395862338,-11.56590474512,
    1.634459620735));
#5484 = CARTESIAN_POINT('',(31.038212300932,-8.749888381107,
    1.649043047911));
#5485 = CARTESIAN_POINT('',(31.652075923288,-5.858238905764,
    1.663630844054));
#5486 = CARTESIAN_POINT('',(31.958734120224,-2.928370062039,
    1.678223132994));
#5487 = CARTESIAN_POINT('',(31.958734122635,-1.06581410364E-14,
    1.69280808691));
#5488 = PCURVE('',#545,#5489);
#5489 = DEFINITIONAL_REPRESENTATION('',(#5490),#5577);
#5490 = B_SPLINE_CURVE_WITH_KNOTS('',8,(#5491,#5492,#5493,#5494,#5495,
    #5496,#5497,#5498,#5499,#5500,#5501,#5502,#5503,#5504,#5505,#5506,
    #5507,#5508,#5509,#5510,#5511,#5512,#5513,#5514,#5515,#5516,#5517,
    #5518,#5519,#5520,#5521,#5522,#5523,#5524,#5525,#5526,#5527,#5528,
    #5529,#5530,#5531,#5532,#5533,#5534,#5535,#5536,#5537,#5538,#5539,
    #5540,#5541,#5542,#5543,#5544,#5545,#5546,#5547,#5548,#5549,#5550,
    #5551,#5552,#5553,#5554,#5555,#5556,#5557,#5558,#5559,#5560,#5561,
    #5562,#5563,#5564,#5565,#5566,#5567,#5568,#5569,#5570,#5571,#5572,
    #5573,#5574,#5575,#5576),.UNSPECIFIED.,.F.,.F.,(9,7,7,7,7,7,7,7,7,7,
    7,7,9),(0.,0.101159389161,0.207027475655,0.296368453238,
    0.379282515342,0.475964272947,0.551955071006,0.645493440111,
    0.724654815771,0.755695889144,0.789136428942,0.883307572626,1.),
  .UNSPECIFIED.);
#5491 = CARTESIAN_POINT('',(0.164615530057,19.086795394703));
#5492 = CARTESIAN_POINT('',(0.164615527599,19.167240196498));
#5493 = CARTESIAN_POINT('',(0.16459585049,19.247707549663));
#5494 = CARTESIAN_POINT('',(0.164584732775,19.328163140437));
#5495 = CARTESIAN_POINT('',(0.164588686611,19.408608003084));
#5496 = CARTESIAN_POINT('',(0.164599799035,19.489052143303));
#5497 = CARTESIAN_POINT('',(0.164612174307,19.569506140516));
#5498 = CARTESIAN_POINT('',(0.164621850095,19.649972539225));
#5499 = CARTESIAN_POINT('',(0.164633643386,19.814611542059));
#5500 = CARTESIAN_POINT('',(0.164635383397,19.898824457707));
#5501 = CARTESIAN_POINT('',(0.164631360814,19.983021777764));
#5502 = CARTESIAN_POINT('',(0.164623072087,20.067208740709));
#5503 = CARTESIAN_POINT('',(0.164614538711,20.151398896037));
#5504 = CARTESIAN_POINT('',(0.164608101034,20.235604091554));
#5505 = CARTESIAN_POINT('',(0.164604560798,20.319824567853));
#5506 = CARTESIAN_POINT('',(0.164602815761,20.475057034001));
#5507 = CARTESIAN_POINT('',(0.164603863155,20.546113892591));
#5508 = CARTESIAN_POINT('',(0.164606590615,20.617164996407));
#5509 = CARTESIAN_POINT('',(0.164610259213,20.688210767149));
#5510 = CARTESIAN_POINT('',(0.164613905152,20.759256986252));
#5511 = CARTESIAN_POINT('',(0.164616796446,20.830309271298));
#5512 = CARTESIAN_POINT('',(0.164618701544,20.901367477415));
#5513 = CARTESIAN_POINT('',(0.164620575075,21.038347258566));
#5514 = CARTESIAN_POINT('',(0.164620679669,21.104289645748));
#5515 = CARTESIAN_POINT('',(0.164620012413,21.170228325106));
#5516 = CARTESIAN_POINT('',(0.164618901684,21.236162561302));
#5517 = CARTESIAN_POINT('',(0.164617770986,21.302097013659));
#5518 = CARTESIAN_POINT('',(0.16461697776,21.368036237377));
#5519 = CARTESIAN_POINT('',(0.164616698857,21.43397915));
#5520 = CARTESIAN_POINT('',(0.16461705376,21.576796022215));
#5521 = CARTESIAN_POINT('',(0.164617853243,21.653707366933));
#5522 = CARTESIAN_POINT('',(0.16461917875,21.730612645142));
#5523 = CARTESIAN_POINT('',(0.164620591554,21.80750847162));
#5524 = CARTESIAN_POINT('',(0.164621308854,21.884401221659));
#5525 = CARTESIAN_POINT('',(0.164620718738,21.961299194655));
#5526 = CARTESIAN_POINT('',(0.164618837895,22.038205535543));
#5527 = CARTESIAN_POINT('',(0.164614005796,22.175532373719));
#5528 = CARTESIAN_POINT('',(0.164611373565,22.23597177699));
#5529 = CARTESIAN_POINT('',(0.16460844449,22.296409056063));
#5530 = CARTESIAN_POINT('',(0.164605647904,22.356844394914));
#5531 = CARTESIAN_POINT('',(0.164603513402,22.417280677626));
#5532 = CARTESIAN_POINT('',(0.164602530369,22.477719906143));
#5533 = CARTESIAN_POINT('',(0.164602987285,22.538159409328));
#5534 = CARTESIAN_POINT('',(0.164607010752,22.67297023316));
#5535 = CARTESIAN_POINT('',(0.164611278044,22.747371524392));
#5536 = CARTESIAN_POINT('',(0.164617461221,22.821766573434));
#5537 = CARTESIAN_POINT('',(0.164624670585,22.896154875759));
#5538 = CARTESIAN_POINT('',(0.164631127684,22.970542823185));
#5539 = CARTESIAN_POINT('',(0.164634416917,23.044937140015));
#5540 = CARTESIAN_POINT('',(0.16463347681,23.119338469825));
#5541 = CARTESIAN_POINT('',(0.164625222007,23.256675877831));
#5542 = CARTESIAN_POINT('',(0.164618898206,23.319633686177));
#5543 = CARTESIAN_POINT('',(0.164610505416,23.38258916356));
#5544 = CARTESIAN_POINT('',(0.164601254131,23.445541968543));
#5545 = CARTESIAN_POINT('',(0.164593633364,23.50849533214));
#5546 = CARTESIAN_POINT('',(0.164590676369,23.57145173668));
#5547 = CARTESIAN_POINT('',(0.164593953034,23.634408361068));
#5548 = CARTESIAN_POINT('',(0.164602773434,23.72203411707));
#5549 = CARTESIAN_POINT('',(0.164605964539,23.746715862685));
#5550 = CARTESIAN_POINT('',(0.164609337179,23.771398343796));
#5551 = CARTESIAN_POINT('',(0.164612416238,23.796081879426));
#5552 = CARTESIAN_POINT('',(0.164614776579,23.820766293106));
#5553 = CARTESIAN_POINT('',(0.164616043048,23.845450912873));
#5554 = CARTESIAN_POINT('',(0.16461589047,23.870134571273));
#5555 = CARTESIAN_POINT('',(0.16461205408,23.921404476579));
#5556 = CARTESIAN_POINT('',(0.164608884659,23.947992727913));
#5557 = CARTESIAN_POINT('',(0.164605268526,23.974581650704));
#5558 = CARTESIAN_POINT('',(0.164601775497,24.001171938707));
#5559 = CARTESIAN_POINT('',(0.164598812065,24.027763688084));
#5560 = CARTESIAN_POINT('',(0.164596621403,24.054356397403));
#5561 = CARTESIAN_POINT('',(0.164595283361,24.08094896764));
#5562 = CARTESIAN_POINT('',(0.164593112418,24.182421265027));
#5563 = CARTESIAN_POINT('',(0.16459794298,24.257315392115));
#5564 = CARTESIAN_POINT('',(0.164609170965,24.332202488896));
#5565 = CARTESIAN_POINT('',(0.164621262716,24.407085113868));
#5566 = CARTESIAN_POINT('',(0.164629789663,24.481970703195));
#5567 = CARTESIAN_POINT('',(0.164633676515,24.55686506496));
#5568 = CARTESIAN_POINT('',(0.164633468782,24.631765384628));
#5569 = CARTESIAN_POINT('',(0.164626848941,24.799423906571));
#5570 = CARTESIAN_POINT('',(0.164618934728,24.892255191947));
#5571 = CARTESIAN_POINT('',(0.164609448277,24.985062845336));
#5572 = CARTESIAN_POINT('',(0.164602157509,25.077851944804));
#5573 = CARTESIAN_POINT('',(0.164600590013,25.170640555489));
#5574 = CARTESIAN_POINT('',(0.164602067506,25.263447451583));
#5575 = CARTESIAN_POINT('',(0.164605855966,25.356277789974));
#5576 = CARTESIAN_POINT('',(0.16460985457,25.449060654092));
#5577 = ( GEOMETRIC_REPRESENTATION_CONTEXT(2) 
PARAMETRIC_REPRESENTATION_CONTEXT() REPRESENTATION_CONTEXT('2D SPACE',''
  ) );
#5578 = PCURVE('',#1702,#5579);
#5579 = DEFINITIONAL_REPRESENTATION('',(#5580),#5667);
#5580 = B_SPLINE_CURVE_WITH_KNOTS('',8,(#5581,#5582,#5583,#5584,#5585,
    #5586,#5587,#5588,#5589,#5590,#5591,#5592,#5593,#5594,#5595,#5596,
    #5597,#5598,#5599,#5600,#5601,#5602,#5603,#5604,#5605,#5606,#5607,
    #5608,#5609,#5610,#5611,#5612,#5613,#5614,#5615,#5616,#5617,#5618,
    #5619,#5620,#5621,#5622,#5623,#5624,#5625,#5626,#5627,#5628,#5629,
    #5630,#5631,#5632,#5633,#5634,#5635,#5636,#5637,#5638,#5639,#5640,
    #5641,#5642,#5643,#5644,#5645,#5646,#5647,#5648,#5649,#5650,#5651,
    #5652,#5653,#5654,#5655,#5656,#5657,#5658,#5659,#5660,#5661,#5662,
    #5663,#5664,#5665,#5666),.UNSPECIFIED.,.F.,.F.,(9,7,7,7,7,7,7,7,7,7,
    7,7,9),(0.,0.101159389161,0.207027475655,0.296368453238,
    0.379282515342,0.475964272947,0.551955071006,0.645493440111,
    0.724654815771,0.755695889144,0.789136428942,0.883307572626,1.),
  .UNSPECIFIED.);
#5581 = CARTESIAN_POINT('',(0.,0.692810409566));
#5582 = CARTESIAN_POINT('',(7.94449124996E-02,0.705454459081));
#5583 = CARTESIAN_POINT('',(0.158912520501,0.718093948528));
#5584 = CARTESIAN_POINT('',(0.238368086964,0.730735115089));
#5585 = CARTESIAN_POINT('',(0.317812892778,0.743380803894));
#5586 = CARTESIAN_POINT('',(0.39725699789,0.756029328));
#5587 = CARTESIAN_POINT('',(0.476710905475,0.768679921605));
#5588 = CARTESIAN_POINT('',(0.556177119639,0.781331352432));
#5589 = CARTESIAN_POINT('',(0.718769749425,0.807213629818));
#5590 = CARTESIAN_POINT('',(0.801935978443,0.820450656908));
#5591 = CARTESIAN_POINT('',(0.885086808408,0.833682858938));
#5592 = CARTESIAN_POINT('',(0.968227355987,0.846911675709));
#5593 = CARTESIAN_POINT('',(1.051370992573,0.860140893471));
#5594 = CARTESIAN_POINT('',(1.134529463157,0.873373338485));
#5595 = CARTESIAN_POINT('',(1.217703042105,0.886609378831));
#5596 = CARTESIAN_POINT('',(1.37100597346,0.911007590711));
#5597 = CARTESIAN_POINT('',(1.441179625523,0.922176506522));
#5598 = CARTESIAN_POINT('',(1.511347635111,0.93334520989));
#5599 = CARTESIAN_POINT('',(1.581510423374,0.944513462707));
#5600 = CARTESIAN_POINT('',(1.651673687388,0.955681776662));
#5601 = CARTESIAN_POINT('',(1.721842951188,0.96685073318));
#5602 = CARTESIAN_POINT('',(1.792018048239,0.978020214107));
#5603 = CARTESIAN_POINT('',(1.927295391295,0.999551019332));
#5604 = CARTESIAN_POINT('',(1.992418194985,1.009915670905));
#5605 = CARTESIAN_POINT('',(2.057537298206,1.020279421745));
#5606 = CARTESIAN_POINT('',(2.122651967696,1.030642291542));
#5607 = CARTESIAN_POINT('',(2.187766807777,1.041005187089));
#5608 = CARTESIAN_POINT('',(2.252886329921,1.051368971599));
#5609 = CARTESIAN_POINT('',(2.31800948388,1.061733547784));
#5610 = CARTESIAN_POINT('',(2.459050962397,1.084181182298));
#5611 = CARTESIAN_POINT('',(2.535006209305,1.096270184945));
#5612 = CARTESIAN_POINT('',(2.610955498898,1.108358450765));
#5613 = CARTESIAN_POINT('',(2.686895512572,1.120445266953));
#5614 = CARTESIAN_POINT('',(2.762832556878,1.132531313096));
#5615 = CARTESIAN_POINT('',(2.838774813449,1.144617641599));
#5616 = CARTESIAN_POINT('',(2.91472536152,1.156704753649));
#5617 = CARTESIAN_POINT('',(3.050345503679,1.178287345897));
#5618 = CARTESIAN_POINT('',(3.110033767998,1.187785929093));
#5619 = CARTESIAN_POINT('',(3.169719923439,1.197284056135));
#5620 = CARTESIAN_POINT('',(3.229404138969,1.206781932795));
#5621 = CARTESIAN_POINT('',(3.289089255284,1.216280230542));
#5622 = CARTESIAN_POINT('',(3.348777249591,1.225779465628));
#5623 = CARTESIAN_POINT('',(3.408465491113,1.235279337047));
#5624 = CARTESIAN_POINT('',(3.54160058877,1.25647011829));
#5625 = CARTESIAN_POINT('',(3.615077035789,1.268166027452));
#5626 = CARTESIAN_POINT('',(3.688547316365,1.2798617447));
#5627 = CARTESIAN_POINT('',(3.762010957046,1.291556824242));
#5628 = CARTESIAN_POINT('',(3.835474292209,1.303251538119));
#5629 = CARTESIAN_POINT('',(3.908943953759,1.314945948173));
#5630 = CARTESIAN_POINT('',(3.982420543265,1.326639718303));
#5631 = CARTESIAN_POINT('',(4.118050933257,1.348222561961));
#5632 = CARTESIAN_POINT('',(4.180226197568,1.358115459145));
#5633 = CARTESIAN_POINT('',(4.242399137606,1.368007137671));
#5634 = CARTESIAN_POINT('',(4.304569391118,1.377898042517));
#5635 = CARTESIAN_POINT('',(4.366740160787,1.387789706828));
#5636 = CARTESIAN_POINT('',(4.42891395629,1.39768377026));
#5637 = CARTESIAN_POINT('',(4.491088057597,1.407580436092));
#5638 = CARTESIAN_POINT('',(4.577624769692,1.421356798893));
#5639 = CARTESIAN_POINT('',(4.601999789031,1.425237509366));
#5640 = CARTESIAN_POINT('',(4.626375537023,1.429118410222));
#5641 = CARTESIAN_POINT('',(4.650752313548,1.432999355889));
#5642 = CARTESIAN_POINT('',(4.675129938859,1.436880143501));
#5643 = CARTESIAN_POINT('',(4.699507753593,1.440760512905));
#5644 = CARTESIAN_POINT('',(4.72388461876,1.444640146654));
#5645 = CARTESIAN_POINT('',(4.774517339193,1.452697002153));
#5646 = CARTESIAN_POINT('',(4.80077516842,1.456874750848));
#5647 = CARTESIAN_POINT('',(4.827033663149,1.461052421065));
#5648 = CARTESIAN_POINT('',(4.853293497379,1.465230356572));
#5649 = CARTESIAN_POINT('',(4.879554759388,1.469408739932));
#5650 = CARTESIAN_POINT('',(4.905816951735,1.4735875925));
#5651 = CARTESIAN_POINT('',(4.932078991257,1.47776677443));
#5652 = CARTESIAN_POINT('',(5.032290011311,1.493714963579));
#5653 = CARTESIAN_POINT('',(5.106253133565,1.505488567095));
#5654 = CARTESIAN_POINT('',(5.180209281529,1.517263700915));
#5655 = CARTESIAN_POINT('',(5.254161095354,1.529038487682));
#5656 = CARTESIAN_POINT('',(5.328115900849,1.540812271921));
#5657 = CARTESIAN_POINT('',(5.402079397035,1.552585523578));
#5658 = CARTESIAN_POINT('',(5.476048771268,1.564358024989));
#5659 = CARTESIAN_POINT('',(5.641623398725,1.590707315542));
#5660 = CARTESIAN_POINT('',(5.733300812247,1.605294982844));
#5661 = CARTESIAN_POINT('',(5.824954847849,1.619878229402));
#5662 = CARTESIAN_POINT('',(5.916590457159,1.634459620735));
#5663 = CARTESIAN_POINT('',(6.008225701193,1.649043047911));
#5664 = CARTESIAN_POINT('',(6.099879003071,1.663630844054));
#5665 = CARTESIAN_POINT('',(6.191555580833,1.678223132994));
#5666 = CARTESIAN_POINT('',(6.28318530718,1.69280808691));
#5667 = ( GEOMETRIC_REPRESENTATION_CONTEXT(2) 
PARAMETRIC_REPRESENTATION_CONTEXT() REPRESENTATION_CONTEXT('2D SPACE',''
  ) );
#5668 = ADVANCED_FACE('',(#5669,#6059),#463,.T.);
#5669 = FACE_BOUND('',#5670,.T.);
#5670 = EDGE_LOOP('',(#5671,#5672,#5772,#5981));
#5671 = ORIENTED_EDGE('',*,*,#446,.T.);
#5672 = ORIENTED_EDGE('',*,*,#5673,.F.);
#5673 = EDGE_CURVE('',#5674,#24,#5676,.T.);
#5674 = VERTEX_POINT('',#5675);
#5675 = CARTESIAN_POINT('',(-22.49216165755,-22.49216038102,8.));
#5676 = SURFACE_CURVE('',#5677,(#5705,#5736),.PCURVE_S1.);
#5677 = B_SPLINE_CURVE_WITH_KNOTS('',6,(#5678,#5679,#5680,#5681,#5682,
    #5683,#5684,#5685,#5686,#5687,#5688,#5689,#5690,#5691,#5692,#5693,
    #5694,#5695,#5696,#5697,#5698,#5699,#5700,#5701,#5702,#5703,#5704),
  .UNSPECIFIED.,.F.,.F.,(7,5,5,5,5,7),(0.,0.24599518408,0.369492706713,
    0.493320411864,0.742962625084,1.),.UNSPECIFIED.);
#5678 = CARTESIAN_POINT('',(-22.49216165755,-22.49216038102,8.));
#5679 = CARTESIAN_POINT('',(-20.68215654199,-24.34267874169,8.));
#5680 = CARTESIAN_POINT('',(-18.69118856513,-26.01668328395,8.));
#5681 = CARTESIAN_POINT('',(-16.54154117073,-27.49170951737,8.));
#5682 = CARTESIAN_POINT('',(-14.25840894151,-28.7501637555,8.));
#5683 = CARTESIAN_POINT('',(-11.86905832979,-29.77810767291,8.));
#5684 = CARTESIAN_POINT('',(-8.165668453247,-30.96220333507,8.));
#5685 = CARTESIAN_POINT('',(-6.908552756038,-31.29760968429,8.));
#5686 = CARTESIAN_POINT('',(-5.635840738135,-31.57150974859,8.));
#5687 = CARTESIAN_POINT('',(-4.351299246214,-31.78307936503,8.));
#5688 = CARTESIAN_POINT('',(-3.058741073541,-31.93179190483,8.));
#5689 = CARTESIAN_POINT('',(-0.461848638025,-32.10331573655,8.));
#5690 = CARTESIAN_POINT('',(0.842531266821,-32.12579029825,8.));
#5691 = CARTESIAN_POINT('',(2.147218870952,-32.0846545303,8.));
#5692 = CARTESIAN_POINT('',(3.448349662525,-31.98000559355,8.));
#5693 = CARTESIAN_POINT('',(4.742086811209,-31.81225264722,8.));
#5694 = CARTESIAN_POINT('',(8.61026695595,-31.11817191536,8.));
#5695 = CARTESIAN_POINT('',(11.150773771223,-30.40062323348,8.));
#5696 = CARTESIAN_POINT('',(13.614308975366,-29.43540932357,8.));
#5697 = CARTESIAN_POINT('',(15.971510660847,-28.23376604213,8.));
#5698 = CARTESIAN_POINT('',(18.194929021007,-26.81079144397,8.));
#5699 = CARTESIAN_POINT('',(22.385549625759,-23.51445301652,8.));
#5700 = CARTESIAN_POINT('',(24.343840594885,-21.62849996253,8.));
#5701 = CARTESIAN_POINT('',(26.107156231529,-19.55064096654,8.));
#5702 = CARTESIAN_POINT('',(27.653317615828,-17.30657576705,8.));
#5703 = CARTESIAN_POINT('',(28.964007501384,-14.92474169043,8.));
#5704 = CARTESIAN_POINT('',(30.026089825397,-12.43721873291,8.));
#5705 = PCURVE('',#463,#5706);
#5706 = DEFINITIONAL_REPRESENTATION('',(#5707),#5735);
#5707 = B_SPLINE_CURVE_WITH_KNOTS('',6,(#5708,#5709,#5710,#5711,#5712,
    #5713,#5714,#5715,#5716,#5717,#5718,#5719,#5720,#5721,#5722,#5723,
    #5724,#5725,#5726,#5727,#5728,#5729,#5730,#5731,#5732,#5733,#5734),
  .UNSPECIFIED.,.F.,.F.,(7,5,5,5,5,7),(0.,0.24599518408,0.369492706713,
    0.493320411864,0.742962625084,1.),.UNSPECIFIED.);
#5708 = CARTESIAN_POINT('',(-22.49216165755,-22.49216038102));
#5709 = CARTESIAN_POINT('',(-20.68215654199,-24.34267874169));
#5710 = CARTESIAN_POINT('',(-18.69118856513,-26.01668328395));
#5711 = CARTESIAN_POINT('',(-16.54154117073,-27.49170951737));
#5712 = CARTESIAN_POINT('',(-14.25840894151,-28.7501637555));
#5713 = CARTESIAN_POINT('',(-11.86905832979,-29.77810767291));
#5714 = CARTESIAN_POINT('',(-8.165668453247,-30.96220333507));
#5715 = CARTESIAN_POINT('',(-6.908552756038,-31.29760968429));
#5716 = CARTESIAN_POINT('',(-5.635840738135,-31.57150974859));
#5717 = CARTESIAN_POINT('',(-4.351299246214,-31.78307936503));
#5718 = CARTESIAN_POINT('',(-3.058741073541,-31.93179190483));
#5719 = CARTESIAN_POINT('',(-0.461848638025,-32.10331573655));
#5720 = CARTESIAN_POINT('',(0.842531266821,-32.12579029825));
#5721 = CARTESIAN_POINT('',(2.147218870952,-32.0846545303));
#5722 = CARTESIAN_POINT('',(3.448349662525,-31.98000559355));
#5723 = CARTESIAN_POINT('',(4.742086811209,-31.81225264722));
#5724 = CARTESIAN_POINT('',(8.61026695595,-31.11817191536));
#5725 = CARTESIAN_POINT('',(11.150773771223,-30.40062323348));
#5726 = CARTESIAN_POINT('',(13.614308975366,-29.43540932357));
#5727 = CARTESIAN_POINT('',(15.971510660847,-28.23376604213));
#5728 = CARTESIAN_POINT('',(18.194929021007,-26.81079144397));
#5729 = CARTESIAN_POINT('',(22.385549625759,-23.51445301652));
#5730 = CARTESIAN_POINT('',(24.343840594885,-21.62849996253));
#5731 = CARTESIAN_POINT('',(26.107156231529,-19.55064096654));
#5732 = CARTESIAN_POINT('',(27.653317615828,-17.30657576705));
#5733 = CARTESIAN_POINT('',(28.964007501384,-14.92474169043));
#5734 = CARTESIAN_POINT('',(30.026089825397,-12.43721873291));
#5735 = ( GEOMETRIC_REPRESENTATION_CONTEXT(2) 
PARAMETRIC_REPRESENTATION_CONTEXT() REPRESENTATION_CONTEXT('2D SPACE',''
  ) );
#5736 = PCURVE('',#5737,#5742);
#5737 = PLANE('',#5738);
#5738 = AXIS2_PLACEMENT_3D('',#5739,#5740,#5741);
#5739 = CARTESIAN_POINT('',(0.,0.,8.));
#5740 = DIRECTION('',(0.,0.,1.));
#5741 = DIRECTION('',(1.,0.,-0.));
#5742 = DEFINITIONAL_REPRESENTATION('',(#5743),#5771);
#5743 = B_SPLINE_CURVE_WITH_KNOTS('',6,(#5744,#5745,#5746,#5747,#5748,
    #5749,#5750,#5751,#5752,#5753,#5754,#5755,#5756,#5757,#5758,#5759,
    #5760,#5761,#5762,#5763,#5764,#5765,#5766,#5767,#5768,#5769,#5770),
  .UNSPECIFIED.,.F.,.F.,(7,5,5,5,5,7),(0.,0.24599518408,0.369492706713,
    0.493320411864,0.742962625084,1.),.UNSPECIFIED.);
#5744 = CARTESIAN_POINT('',(-22.49216165755,-22.49216038102));
#5745 = CARTESIAN_POINT('',(-20.68215654199,-24.34267874169));
#5746 = CARTESIAN_POINT('',(-18.69118856513,-26.01668328395));
#5747 = CARTESIAN_POINT('',(-16.54154117073,-27.49170951737));
#5748 = CARTESIAN_POINT('',(-14.25840894151,-28.7501637555));
#5749 = CARTESIAN_POINT('',(-11.86905832979,-29.77810767291));
#5750 = CARTESIAN_POINT('',(-8.165668453247,-30.96220333507));
#5751 = CARTESIAN_POINT('',(-6.908552756038,-31.29760968429));
#5752 = CARTESIAN_POINT('',(-5.635840738135,-31.57150974859));
#5753 = CARTESIAN_POINT('',(-4.351299246214,-31.78307936503));
#5754 = CARTESIAN_POINT('',(-3.058741073541,-31.93179190483));
#5755 = CARTESIAN_POINT('',(-0.461848638025,-32.10331573655));
#5756 = CARTESIAN_POINT('',(0.842531266821,-32.12579029825));
#5757 = CARTESIAN_POINT('',(2.147218870952,-32.0846545303));
#5758 = CARTESIAN_POINT('',(3.448349662525,-31.98000559355));
#5759 = CARTESIAN_POINT('',(4.742086811209,-31.81225264722));
#5760 = CARTESIAN_POINT('',(8.61026695595,-31.11817191536));
#5761 = CARTESIAN_POINT('',(11.150773771223,-30.40062323348));
#5762 = CARTESIAN_POINT('',(13.614308975366,-29.43540932357));
#5763 = CARTESIAN_POINT('',(15.971510660847,-28.23376604213));
#5764 = CARTESIAN_POINT('',(18.194929021007,-26.81079144397));
#5765 = CARTESIAN_POINT('',(22.385549625759,-23.51445301652));
#5766 = CARTESIAN_POINT('',(24.343840594885,-21.62849996253));
#5767 = CARTESIAN_POINT('',(26.107156231529,-19.55064096654));
#5768 = CARTESIAN_POINT('',(27.653317615828,-17.30657576705));
#5769 = CARTESIAN_POINT('',(28.964007501384,-14.92474169043));
#5770 = CARTESIAN_POINT('',(30.026089825397,-12.43721873291));
#5771 = ( GEOMETRIC_REPRESENTATION_CONTEXT(2) 
PARAMETRIC_REPRESENTATION_CONTEXT() REPRESENTATION_CONTEXT('2D SPACE',''
  ) );
#5772 = ORIENTED_EDGE('',*,*,#5773,.F.);
#5773 = EDGE_CURVE('',#5774,#5674,#5776,.T.);
#5774 = VERTEX_POINT('',#5775);
#5775 = CARTESIAN_POINT('',(-22.49216038204,22.492161657383,8.));
#5776 = SURFACE_CURVE('',#5777,(#5843,#5912),.PCURVE_S1.);
#5777 = B_SPLINE_CURVE_WITH_KNOTS('',8,(#5778,#5779,#5780,#5781,#5782,
    #5783,#5784,#5785,#5786,#5787,#5788,#5789,#5790,#5791,#5792,#5793,
    #5794,#5795,#5796,#5797,#5798,#5799,#5800,#5801,#5802,#5803,#5804,
    #5805,#5806,#5807,#5808,#5809,#5810,#5811,#5812,#5813,#5814,#5815,
    #5816,#5817,#5818,#5819,#5820,#5821,#5822,#5823,#5824,#5825,#5826,
    #5827,#5828,#5829,#5830,#5831,#5832,#5833,#5834,#5835,#5836,#5837,
    #5838,#5839,#5840,#5841,#5842),.UNSPECIFIED.,.F.,.F.,(9,7,7,7,7,7,7,
    7,7,9),(0.,0.103009546869,0.258001439408,0.413992235692,
    0.517001983571,0.671993690421,0.827984476241,0.849987322433,
    0.964995513448,1.),.UNSPECIFIED.);
#5778 = CARTESIAN_POINT('',(-22.49216038205,22.492161657382,8.));
#5779 = CARTESIAN_POINT('',(-21.1275671123,23.856755962911,8.));
#5780 = CARTESIAN_POINT('',(-19.66822621646,25.126867029596,8.));
#5781 = CARTESIAN_POINT('',(-18.12195700046,26.294613674051,8.));
#5782 = CARTESIAN_POINT('',(-16.49720201437,27.353118482539,8.));
#5783 = CARTESIAN_POINT('',(-14.80294494582,28.296386338353,8.));
#5784 = CARTESIAN_POINT('',(-13.04867899637,29.119266663286,8.));
#5785 = CARTESIAN_POINT('',(-11.24442574093,29.817499373195,8.));
#5786 = CARTESIAN_POINT('',(-6.626825178468,31.246006540172,8.));
#5787 = CARTESIAN_POINT('',(-3.76196263754,31.815184142366,8.));
#5788 = CARTESIAN_POINT('',(-0.843380936146,32.083341311065,8.));
#5789 = CARTESIAN_POINT('',(2.091946216798,32.045463207298,8.));
#5790 = CARTESIAN_POINT('',(5.007284925913,31.701397453891,8.));
#5791 = CARTESIAN_POINT('',(7.866233234073,31.056073626664,8.));
#5792 = CARTESIAN_POINT('',(10.632783826179,30.119272461625,8.));
#5793 = CARTESIAN_POINT('',(15.927530609387,27.688436666368,8.));
#5794 = CARTESIAN_POINT('',(18.456710481922,26.189640006492,8.));
#5795 = CARTESIAN_POINT('',(20.822752186191,24.427508796649,8.));
#5796 = CARTESIAN_POINT('',(22.994190399992,22.423425590559,8.));
#5797 = CARTESIAN_POINT('',(24.943072013585,20.202310116651,8.));
#5798 = CARTESIAN_POINT('',(26.645187750708,17.792733001004,8.));
#5799 = CARTESIAN_POINT('',(28.079952588057,15.22668700681,8.));
#5800 = CARTESIAN_POINT('',(29.993007919373,10.767497460751,8.));
#5801 = CARTESIAN_POINT('',(30.630972579073,8.941060504455,8.));
#5802 = CARTESIAN_POINT('',(31.141624523905,7.071882033246,8.));
#5803 = CARTESIAN_POINT('',(31.52171080245,5.17035404449,8.));
#5804 = CARTESIAN_POINT('',(31.76899840878,3.247043573534,8.));
#5805 = CARTESIAN_POINT('',(31.882227216347,1.312677276608,8.));
#5806 = CARTESIAN_POINT('',(31.861159576984,-0.6218581332,8.));
#5807 = CARTESIAN_POINT('',(31.474361847572,-5.439871051736,8.));
#5808 = CARTESIAN_POINT('',(30.93992242346,-8.311414153234,8.));
#5809 = CARTESIAN_POINT('',(30.106019009305,-11.12115009564,8.));
#5810 = CARTESIAN_POINT('',(28.981711472965,-13.83288241743,8.));
#5811 = CARTESIAN_POINT('',(27.580486862808,-16.41244232687,8.));
#5812 = CARTESIAN_POINT('',(25.920431233066,-18.82785659606,8.));
#5813 = CARTESIAN_POINT('',(24.023990934672,-21.04931925481,8.));
#5814 = CARTESIAN_POINT('',(19.802101390587,-25.06415380255,8.));
#5815 = CARTESIAN_POINT('',(17.471858629643,-26.85667747107,8.));
#5816 = CARTESIAN_POINT('',(14.957610467416,-28.40000524521,8.));
#5817 = CARTESIAN_POINT('',(12.290889667921,-29.67284889769,8.));
#5818 = CARTESIAN_POINT('',(9.505208833976,-30.65849170825,8.));
#5819 = CARTESIAN_POINT('',(6.636078777681,-31.34504340844,8.));
#5820 = CARTESIAN_POINT('',(3.72084196751,-31.72525354697,8.));
#5821 = CARTESIAN_POINT('',(0.387275118976,-31.80904745609,8.));
#5822 = CARTESIAN_POINT('',(-2.496031330409E-02,-31.813303025,8.));
#5823 = CARTESIAN_POINT('',(-0.437243673716,-31.81145326776,8.));
#5824 = CARTESIAN_POINT('',(-0.849469446398,-31.80349770566,8.));
#5825 = CARTESIAN_POINT('',(-1.261532178097,-31.78943801541,8.));
#5826 = CARTESIAN_POINT('',(-1.67332647817,-31.7692780291,8.));
#5827 = CARTESIAN_POINT('',(-2.084747018586,-31.74302373421,8.));
#5828 = CARTESIAN_POINT('',(-4.643667021822,-31.54164069448,8.));
#5829 = CARTESIAN_POINT('',(-6.778881163549,-31.20629187872,8.));
#5830 = CARTESIAN_POINT('',(-8.885821946778,-30.70576578441,8.));
#5831 = CARTESIAN_POINT('',(-10.94959797343,-30.04298105496,8.));
#5832 = CARTESIAN_POINT('',(-12.95585244931,-29.2223706901,8.));
#5833 = CARTESIAN_POINT('',(-14.89074506563,-28.24978520365,8.));
#5834 = CARTESIAN_POINT('',(-16.74099877255,-27.13257426796,8.));
#5835 = CARTESIAN_POINT('',(-19.02756742849,-25.49856026178,8.));
#5836 = CARTESIAN_POINT('',(-19.55214037807,-25.1047017199,8.));
#5837 = CARTESIAN_POINT('',(-20.0673837455,-24.69851894889,8.));
#5838 = CARTESIAN_POINT('',(-20.5729600398,-24.28027036661,8.));
#5839 = CARTESIAN_POINT('',(-21.06854082689,-23.85022507946,8.));
#5840 = CARTESIAN_POINT('',(-21.55380672959,-23.40866288238,8.));
#5841 = CARTESIAN_POINT('',(-22.0284474276,-22.95587425889,8.));
#5842 = CARTESIAN_POINT('',(-22.49216165755,-22.49216038102,8.));
#5843 = PCURVE('',#463,#5844);
#5844 = DEFINITIONAL_REPRESENTATION('',(#5845),#5911);
#5845 = B_SPLINE_CURVE_WITH_KNOTS('',8,(#5846,#5847,#5848,#5849,#5850,
    #5851,#5852,#5853,#5854,#5855,#5856,#5857,#5858,#5859,#5860,#5861,
    #5862,#5863,#5864,#5865,#5866,#5867,#5868,#5869,#5870,#5871,#5872,
    #5873,#5874,#5875,#5876,#5877,#5878,#5879,#5880,#5881,#5882,#5883,
    #5884,#5885,#5886,#5887,#5888,#5889,#5890,#5891,#5892,#5893,#5894,
    #5895,#5896,#5897,#5898,#5899,#5900,#5901,#5902,#5903,#5904,#5905,
    #5906,#5907,#5908,#5909,#5910),.UNSPECIFIED.,.F.,.F.,(9,7,7,7,7,7,7,
    7,7,9),(0.,0.103009546869,0.258001439408,0.413992235692,
    0.517001983571,0.671993690421,0.827984476241,0.849987322433,
    0.964995513448,1.),.UNSPECIFIED.);
#5846 = CARTESIAN_POINT('',(-22.49216038205,22.492161657382));
#5847 = CARTESIAN_POINT('',(-21.1275671123,23.856755962911));
#5848 = CARTESIAN_POINT('',(-19.66822621646,25.126867029596));
#5849 = CARTESIAN_POINT('',(-18.12195700046,26.294613674051));
#5850 = CARTESIAN_POINT('',(-16.49720201437,27.353118482539));
#5851 = CARTESIAN_POINT('',(-14.80294494582,28.296386338353));
#5852 = CARTESIAN_POINT('',(-13.04867899637,29.119266663286));
#5853 = CARTESIAN_POINT('',(-11.24442574093,29.817499373195));
#5854 = CARTESIAN_POINT('',(-6.626825178468,31.246006540172));
#5855 = CARTESIAN_POINT('',(-3.76196263754,31.815184142366));
#5856 = CARTESIAN_POINT('',(-0.843380936146,32.083341311065));
#5857 = CARTESIAN_POINT('',(2.091946216798,32.045463207298));
#5858 = CARTESIAN_POINT('',(5.007284925913,31.701397453891));
#5859 = CARTESIAN_POINT('',(7.866233234073,31.056073626664));
#5860 = CARTESIAN_POINT('',(10.632783826179,30.119272461625));
#5861 = CARTESIAN_POINT('',(15.927530609387,27.688436666368));
#5862 = CARTESIAN_POINT('',(18.456710481922,26.189640006492));
#5863 = CARTESIAN_POINT('',(20.822752186191,24.427508796649));
#5864 = CARTESIAN_POINT('',(22.994190399992,22.423425590559));
#5865 = CARTESIAN_POINT('',(24.943072013585,20.202310116651));
#5866 = CARTESIAN_POINT('',(26.645187750708,17.792733001004));
#5867 = CARTESIAN_POINT('',(28.079952588057,15.22668700681));
#5868 = CARTESIAN_POINT('',(29.993007919373,10.767497460751));
#5869 = CARTESIAN_POINT('',(30.630972579073,8.941060504455));
#5870 = CARTESIAN_POINT('',(31.141624523905,7.071882033246));
#5871 = CARTESIAN_POINT('',(31.52171080245,5.17035404449));
#5872 = CARTESIAN_POINT('',(31.76899840878,3.247043573534));
#5873 = CARTESIAN_POINT('',(31.882227216347,1.312677276608));
#5874 = CARTESIAN_POINT('',(31.861159576984,-0.6218581332));
#5875 = CARTESIAN_POINT('',(31.474361847572,-5.439871051736));
#5876 = CARTESIAN_POINT('',(30.93992242346,-8.311414153234));
#5877 = CARTESIAN_POINT('',(30.106019009305,-11.12115009564));
#5878 = CARTESIAN_POINT('',(28.981711472965,-13.83288241743));
#5879 = CARTESIAN_POINT('',(27.580486862808,-16.41244232687));
#5880 = CARTESIAN_POINT('',(25.920431233066,-18.82785659606));
#5881 = CARTESIAN_POINT('',(24.023990934672,-21.04931925481));
#5882 = CARTESIAN_POINT('',(19.802101390587,-25.06415380255));
#5883 = CARTESIAN_POINT('',(17.471858629643,-26.85667747107));
#5884 = CARTESIAN_POINT('',(14.957610467416,-28.40000524521));
#5885 = CARTESIAN_POINT('',(12.290889667921,-29.67284889769));
#5886 = CARTESIAN_POINT('',(9.505208833976,-30.65849170825));
#5887 = CARTESIAN_POINT('',(6.636078777681,-31.34504340844));
#5888 = CARTESIAN_POINT('',(3.72084196751,-31.72525354697));
#5889 = CARTESIAN_POINT('',(0.387275118976,-31.80904745609));
#5890 = CARTESIAN_POINT('',(-2.496031330409E-02,-31.813303025));
#5891 = CARTESIAN_POINT('',(-0.437243673716,-31.81145326776));
#5892 = CARTESIAN_POINT('',(-0.849469446398,-31.80349770566));
#5893 = CARTESIAN_POINT('',(-1.261532178097,-31.78943801541));
#5894 = CARTESIAN_POINT('',(-1.67332647817,-31.7692780291));
#5895 = CARTESIAN_POINT('',(-2.084747018586,-31.74302373421));
#5896 = CARTESIAN_POINT('',(-4.643667021822,-31.54164069448));
#5897 = CARTESIAN_POINT('',(-6.778881163549,-31.20629187872));
#5898 = CARTESIAN_POINT('',(-8.885821946778,-30.70576578441));
#5899 = CARTESIAN_POINT('',(-10.94959797343,-30.04298105496));
#5900 = CARTESIAN_POINT('',(-12.95585244931,-29.2223706901));
#5901 = CARTESIAN_POINT('',(-14.89074506563,-28.24978520365));
#5902 = CARTESIAN_POINT('',(-16.74099877255,-27.13257426796));
#5903 = CARTESIAN_POINT('',(-19.02756742849,-25.49856026178));
#5904 = CARTESIAN_POINT('',(-19.55214037807,-25.1047017199));
#5905 = CARTESIAN_POINT('',(-20.0673837455,-24.69851894889));
#5906 = CARTESIAN_POINT('',(-20.5729600398,-24.28027036661));
#5907 = CARTESIAN_POINT('',(-21.06854082689,-23.85022507946));
#5908 = CARTESIAN_POINT('',(-21.55380672959,-23.40866288238));
#5909 = CARTESIAN_POINT('',(-22.0284474276,-22.95587425889));
#5910 = CARTESIAN_POINT('',(-22.49216165755,-22.49216038102));
#5911 = ( GEOMETRIC_REPRESENTATION_CONTEXT(2) 
PARAMETRIC_REPRESENTATION_CONTEXT() REPRESENTATION_CONTEXT('2D SPACE',''
  ) );
#5912 = PCURVE('',#5737,#5913);
#5913 = DEFINITIONAL_REPRESENTATION('',(#5914),#5980);
#5914 = B_SPLINE_CURVE_WITH_KNOTS('',8,(#5915,#5916,#5917,#5918,#5919,
    #5920,#5921,#5922,#5923,#5924,#5925,#5926,#5927,#5928,#5929,#5930,
    #5931,#5932,#5933,#5934,#5935,#5936,#5937,#5938,#5939,#5940,#5941,
    #5942,#5943,#5944,#5945,#5946,#5947,#5948,#5949,#5950,#5951,#5952,
    #5953,#5954,#5955,#5956,#5957,#5958,#5959,#5960,#5961,#5962,#5963,
    #5964,#5965,#5966,#5967,#5968,#5969,#5970,#5971,#5972,#5973,#5974,
    #5975,#5976,#5977,#5978,#5979),.UNSPECIFIED.,.F.,.F.,(9,7,7,7,7,7,7,
    7,7,9),(0.,0.103009546869,0.258001439408,0.413992235692,
    0.517001983571,0.671993690421,0.827984476241,0.849987322433,
    0.964995513448,1.),.UNSPECIFIED.);
#5915 = CARTESIAN_POINT('',(-22.49216038205,22.492161657382));
#5916 = CARTESIAN_POINT('',(-21.1275671123,23.856755962911));
#5917 = CARTESIAN_POINT('',(-19.66822621646,25.126867029596));
#5918 = CARTESIAN_POINT('',(-18.12195700046,26.294613674051));
#5919 = CARTESIAN_POINT('',(-16.49720201437,27.353118482539));
#5920 = CARTESIAN_POINT('',(-14.80294494582,28.296386338353));
#5921 = CARTESIAN_POINT('',(-13.04867899637,29.119266663286));
#5922 = CARTESIAN_POINT('',(-11.24442574093,29.817499373195));
#5923 = CARTESIAN_POINT('',(-6.626825178468,31.246006540172));
#5924 = CARTESIAN_POINT('',(-3.76196263754,31.815184142366));
#5925 = CARTESIAN_POINT('',(-0.843380936146,32.083341311065));
#5926 = CARTESIAN_POINT('',(2.091946216798,32.045463207298));
#5927 = CARTESIAN_POINT('',(5.007284925913,31.701397453891));
#5928 = CARTESIAN_POINT('',(7.866233234073,31.056073626664));
#5929 = CARTESIAN_POINT('',(10.632783826179,30.119272461625));
#5930 = CARTESIAN_POINT('',(15.927530609387,27.688436666368));
#5931 = CARTESIAN_POINT('',(18.456710481922,26.189640006492));
#5932 = CARTESIAN_POINT('',(20.822752186191,24.427508796649));
#5933 = CARTESIAN_POINT('',(22.994190399992,22.423425590559));
#5934 = CARTESIAN_POINT('',(24.943072013585,20.202310116651));
#5935 = CARTESIAN_POINT('',(26.645187750708,17.792733001004));
#5936 = CARTESIAN_POINT('',(28.079952588057,15.22668700681));
#5937 = CARTESIAN_POINT('',(29.993007919373,10.767497460751));
#5938 = CARTESIAN_POINT('',(30.630972579073,8.941060504455));
#5939 = CARTESIAN_POINT('',(31.141624523905,7.071882033246));
#5940 = CARTESIAN_POINT('',(31.52171080245,5.17035404449));
#5941 = CARTESIAN_POINT('',(31.76899840878,3.247043573534));
#5942 = CARTESIAN_POINT('',(31.882227216347,1.312677276608));
#5943 = CARTESIAN_POINT('',(31.861159576984,-0.6218581332));
#5944 = CARTESIAN_POINT('',(31.474361847572,-5.439871051736));
#5945 = CARTESIAN_POINT('',(30.93992242346,-8.311414153234));
#5946 = CARTESIAN_POINT('',(30.106019009305,-11.12115009564));
#5947 = CARTESIAN_POINT('',(28.981711472965,-13.83288241743));
#5948 = CARTESIAN_POINT('',(27.580486862808,-16.41244232687));
#5949 = CARTESIAN_POINT('',(25.920431233066,-18.82785659606));
#5950 = CARTESIAN_POINT('',(24.023990934672,-21.04931925481));
#5951 = CARTESIAN_POINT('',(19.802101390587,-25.06415380255));
#5952 = CARTESIAN_POINT('',(17.471858629643,-26.85667747107));
#5953 = CARTESIAN_POINT('',(14.957610467416,-28.40000524521));
#5954 = CARTESIAN_POINT('',(12.290889667921,-29.67284889769));
#5955 = CARTESIAN_POINT('',(9.505208833976,-30.65849170825));
#5956 = CARTESIAN_POINT('',(6.636078777681,-31.34504340844));
#5957 = CARTESIAN_POINT('',(3.72084196751,-31.72525354697));
#5958 = CARTESIAN_POINT('',(0.387275118976,-31.80904745609));
#5959 = CARTESIAN_POINT('',(-2.496031330409E-02,-31.813303025));
#5960 = CARTESIAN_POINT('',(-0.437243673716,-31.81145326776));
#5961 = CARTESIAN_POINT('',(-0.849469446398,-31.80349770566));
#5962 = CARTESIAN_POINT('',(-1.261532178097,-31.78943801541));
#5963 = CARTESIAN_POINT('',(-1.67332647817,-31.7692780291));
#5964 = CARTESIAN_POINT('',(-2.084747018586,-31.74302373421));
#5965 = CARTESIAN_POINT('',(-4.643667021822,-31.54164069448));
#5966 = CARTESIAN_POINT('',(-6.778881163549,-31.20629187872));
#5967 = CARTESIAN_POINT('',(-8.885821946778,-30.70576578441));
#5968 = CARTESIAN_POINT('',(-10.94959797343,-30.04298105496));
#5969 = CARTESIAN_POINT('',(-12.95585244931,-29.2223706901));
#5970 = CARTESIAN_POINT('',(-14.89074506563,-28.24978520365));
#5971 = CARTESIAN_POINT('',(-16.74099877255,-27.13257426796));
#5972 = CARTESIAN_POINT('',(-19.02756742849,-25.49856026178));
#5973 = CARTESIAN_POINT('',(-19.55214037807,-25.1047017199));
#5974 = CARTESIAN_POINT('',(-20.0673837455,-24.69851894889));
#5975 = CARTESIAN_POINT('',(-20.5729600398,-24.28027036661));
#5976 = CARTESIAN_POINT('',(-21.06854082689,-23.85022507946));
#5977 = CARTESIAN_POINT('',(-21.55380672959,-23.40866288238));
#5978 = CARTESIAN_POINT('',(-22.0284474276,-22.95587425889));
#5979 = CARTESIAN_POINT('',(-22.49216165755,-22.49216038102));
#5980 = ( GEOMETRIC_REPRESENTATION_CONTEXT(2) 
PARAMETRIC_REPRESENTATION_CONTEXT() REPRESENTATION_CONTEXT('2D SPACE',''
  ) );
#5981 = ORIENTED_EDGE('',*,*,#5982,.F.);
#5982 = EDGE_CURVE('',#447,#5774,#5983,.T.);
#5983 = SURFACE_CURVE('',#5984,(#6007,#6033),.PCURVE_S1.);
#5984 = B_SPLINE_CURVE_WITH_KNOTS('',6,(#5985,#5986,#5987,#5988,#5989,
    #5990,#5991,#5992,#5993,#5994,#5995,#5996,#5997,#5998,#5999,#6000,
    #6001,#6002,#6003,#6004,#6005,#6006),.UNSPECIFIED.,.F.,.F.,(7,5,5,5,
    7),(0.,0.256034676658,0.50768438594,0.754003178838,1.),
  .UNSPECIFIED.);
#5985 = CARTESIAN_POINT('',(30.026076126165,12.437220835098,8.));
#5986 = CARTESIAN_POINT('',(28.968150888024,14.915016292908,8.));
#5987 = CARTESIAN_POINT('',(27.663563380028,17.28794549531,8.));
#5988 = CARTESIAN_POINT('',(26.125293147384,19.524310542069,8.));
#5989 = CARTESIAN_POINT('',(24.371417590984,21.595989714112,8.));
#5990 = CARTESIAN_POINT('',(22.423824041495,23.477555972613,8.));
#5991 = CARTESIAN_POINT('',(18.231424129139,26.788631191709,8.));
#5992 = CARTESIAN_POINT('',(15.991673622886,28.225809221736,8.));
#5993 = CARTESIAN_POINT('',(13.61574749517,29.438184751398,8.));
#5994 = CARTESIAN_POINT('',(11.131757584386,30.410287157599,8.));
#5995 = CARTESIAN_POINT('',(8.569786268402,31.130629356295,8.));
#5996 = CARTESIAN_POINT('',(3.410372155508,32.045962344419,8.));
#5997 = CARTESIAN_POINT('',(0.814127936331,32.251883890816,8.));
#5998 = CARTESIAN_POINT('',(-1.795713479215,32.205075080512,8.));
#5999 = CARTESIAN_POINT('',(-4.38873826216,31.905124693654,8.));
#6000 = CARTESIAN_POINT('',(-6.934655493521,31.355789079814,8.));
#6001 = CARTESIAN_POINT('',(-11.86905421388,29.778101154646,8.));
#6002 = CARTESIAN_POINT('',(-14.25840710079,28.750162029001,8.));
#6003 = CARTESIAN_POINT('',(-16.54154215143,27.491713269988,8.));
#6004 = CARTESIAN_POINT('',(-18.69118994197,26.016687539818,8.));
#6005 = CARTESIAN_POINT('',(-20.68215692818,24.342681128785,8.));
#6006 = CARTESIAN_POINT('',(-22.49216038204,22.492161657383,8.));
#6007 = PCURVE('',#463,#6008);
#6008 = DEFINITIONAL_REPRESENTATION('',(#6009),#6032);
#6009 = B_SPLINE_CURVE_WITH_KNOTS('',6,(#6010,#6011,#6012,#6013,#6014,
    #6015,#6016,#6017,#6018,#6019,#6020,#6021,#6022,#6023,#6024,#6025,
    #6026,#6027,#6028,#6029,#6030,#6031),.UNSPECIFIED.,.F.,.F.,(7,5,5,5,
    7),(0.,0.256034676658,0.50768438594,0.754003178838,1.),
  .UNSPECIFIED.);
#6010 = CARTESIAN_POINT('',(30.026076126165,12.437220835098));
#6011 = CARTESIAN_POINT('',(28.968150888024,14.915016292908));
#6012 = CARTESIAN_POINT('',(27.663563380028,17.28794549531));
#6013 = CARTESIAN_POINT('',(26.125293147384,19.524310542069));
#6014 = CARTESIAN_POINT('',(24.371417590984,21.595989714112));
#6015 = CARTESIAN_POINT('',(22.423824041495,23.477555972613));
#6016 = CARTESIAN_POINT('',(18.231424129139,26.788631191709));
#6017 = CARTESIAN_POINT('',(15.991673622886,28.225809221736));
#6018 = CARTESIAN_POINT('',(13.61574749517,29.438184751398));
#6019 = CARTESIAN_POINT('',(11.131757584386,30.410287157599));
#6020 = CARTESIAN_POINT('',(8.569786268402,31.130629356295));
#6021 = CARTESIAN_POINT('',(3.410372155508,32.045962344419));
#6022 = CARTESIAN_POINT('',(0.814127936331,32.251883890816));
#6023 = CARTESIAN_POINT('',(-1.795713479215,32.205075080512));
#6024 = CARTESIAN_POINT('',(-4.38873826216,31.905124693654));
#6025 = CARTESIAN_POINT('',(-6.934655493521,31.355789079814));
#6026 = CARTESIAN_POINT('',(-11.86905421388,29.778101154646));
#6027 = CARTESIAN_POINT('',(-14.25840710079,28.750162029001));
#6028 = CARTESIAN_POINT('',(-16.54154215143,27.491713269988));
#6029 = CARTESIAN_POINT('',(-18.69118994197,26.016687539818));
#6030 = CARTESIAN_POINT('',(-20.68215692818,24.342681128785));
#6031 = CARTESIAN_POINT('',(-22.49216038204,22.492161657383));
#6032 = ( GEOMETRIC_REPRESENTATION_CONTEXT(2) 
PARAMETRIC_REPRESENTATION_CONTEXT() REPRESENTATION_CONTEXT('2D SPACE',''
  ) );
#6033 = PCURVE('',#5737,#6034);
#6034 = DEFINITIONAL_REPRESENTATION('',(#6035),#6058);
#6035 = B_SPLINE_CURVE_WITH_KNOTS('',6,(#6036,#6037,#6038,#6039,#6040,
    #6041,#6042,#6043,#6044,#6045,#6046,#6047,#6048,#6049,#6050,#6051,
    #6052,#6053,#6054,#6055,#6056,#6057),.UNSPECIFIED.,.F.,.F.,(7,5,5,5,
    7),(0.,0.256034676658,0.50768438594,0.754003178838,1.),
  .UNSPECIFIED.);
#6036 = CARTESIAN_POINT('',(30.026076126165,12.437220835098));
#6037 = CARTESIAN_POINT('',(28.968150888024,14.915016292908));
#6038 = CARTESIAN_POINT('',(27.663563380028,17.28794549531));
#6039 = CARTESIAN_POINT('',(26.125293147384,19.524310542069));
#6040 = CARTESIAN_POINT('',(24.371417590984,21.595989714112));
#6041 = CARTESIAN_POINT('',(22.423824041495,23.477555972613));
#6042 = CARTESIAN_POINT('',(18.231424129139,26.788631191709));
#6043 = CARTESIAN_POINT('',(15.991673622886,28.225809221736));
#6044 = CARTESIAN_POINT('',(13.61574749517,29.438184751398));
#6045 = CARTESIAN_POINT('',(11.131757584386,30.410287157599));
#6046 = CARTESIAN_POINT('',(8.569786268402,31.130629356295));
#6047 = CARTESIAN_POINT('',(3.410372155508,32.045962344419));
#6048 = CARTESIAN_POINT('',(0.814127936331,32.251883890816));
#6049 = CARTESIAN_POINT('',(-1.795713479215,32.205075080512));
#6050 = CARTESIAN_POINT('',(-4.38873826216,31.905124693654));
#6051 = CARTESIAN_POINT('',(-6.934655493521,31.355789079814));
#6052 = CARTESIAN_POINT('',(-11.86905421388,29.778101154646));
#6053 = CARTESIAN_POINT('',(-14.25840710079,28.750162029001));
#6054 = CARTESIAN_POINT('',(-16.54154215143,27.491713269988));
#6055 = CARTESIAN_POINT('',(-18.69118994197,26.016687539818));
#6056 = CARTESIAN_POINT('',(-20.68215692818,24.342681128785));
#6057 = CARTESIAN_POINT('',(-22.49216038204,22.492161657383));
#6058 = ( GEOMETRIC_REPRESENTATION_CONTEXT(2) 
PARAMETRIC_REPRESENTATION_CONTEXT() REPRESENTATION_CONTEXT('2D SPACE',''
  ) );
#6059 = FACE_BOUND('',#6060,.T.);
#6060 = EDGE_LOOP('',(#6061,#6092,#6465,#6904));
#6061 = ORIENTED_EDGE('',*,*,#6062,.F.);
#6062 = EDGE_CURVE('',#6063,#6065,#6067,.T.);
#6063 = VERTEX_POINT('',#6064);
#6064 = CARTESIAN_POINT('',(-21.43687342784,21.637812782066,8.));
#6065 = VERTEX_POINT('',#6066);
#6066 = CARTESIAN_POINT('',(-21.43686796249,-21.63781819666,8.));
#6067 = SURFACE_CURVE('',#6068,(#6073,#6080),.PCURVE_S1.);
#6068 = CIRCLE('',#6069,30.458734122635);
#6069 = AXIS2_PLACEMENT_3D('',#6070,#6071,#6072);
#6070 = CARTESIAN_POINT('',(0.,0.,8.));
#6071 = DIRECTION('',(0.,0.,1.));
#6072 = DIRECTION('',(1.,0.,-0.));
#6073 = PCURVE('',#463,#6074);
#6074 = DEFINITIONAL_REPRESENTATION('',(#6075),#6079);
#6075 = CIRCLE('',#6076,30.458734122635);
#6076 = AXIS2_PLACEMENT_2D('',#6077,#6078);
#6077 = CARTESIAN_POINT('',(0.,0.));
#6078 = DIRECTION('',(1.,0.));
#6079 = ( GEOMETRIC_REPRESENTATION_CONTEXT(2) 
PARAMETRIC_REPRESENTATION_CONTEXT() REPRESENTATION_CONTEXT('2D SPACE',''
  ) );
#6080 = PCURVE('',#6081,#6086);
#6081 = CYLINDRICAL_SURFACE('',#6082,30.458734122635);
#6082 = AXIS2_PLACEMENT_3D('',#6083,#6084,#6085);
#6083 = CARTESIAN_POINT('',(0.,0.,0.));
#6084 = DIRECTION('',(0.,0.,1.));
#6085 = DIRECTION('',(1.,0.,-0.));
#6086 = DEFINITIONAL_REPRESENTATION('',(#6087),#6091);
#6087 = LINE('',#6088,#6089);
#6088 = CARTESIAN_POINT('',(0.,8.));
#6089 = VECTOR('',#6090,1.);
#6090 = DIRECTION('',(1.,0.));
#6091 = ( GEOMETRIC_REPRESENTATION_CONTEXT(2) 
PARAMETRIC_REPRESENTATION_CONTEXT() REPRESENTATION_CONTEXT('2D SPACE',''
  ) );
#6092 = ORIENTED_EDGE('',*,*,#6093,.F.);
#6093 = EDGE_CURVE('',#6094,#6063,#6096,.T.);
#6094 = VERTEX_POINT('',#6095);
#6095 = CARTESIAN_POINT('',(21.955664781174,21.955664624155,8.));
#6096 = SURFACE_CURVE('',#6097,(#6120,#6146),.PCURVE_S1.);
#6097 = B_SPLINE_CURVE_WITH_KNOTS('',6,(#6098,#6099,#6100,#6101,#6102,
    #6103,#6104,#6105,#6106,#6107,#6108,#6109,#6110,#6111,#6112,#6113,
    #6114,#6115,#6116,#6117,#6118,#6119),.UNSPECIFIED.,.F.,.F.,(7,5,5,5,
    7),(0.,0.257292368794,0.509016675369,0.757232200168,1.),
  .UNSPECIFIED.);
#6098 = CARTESIAN_POINT('',(21.955664781174,21.955664624155,8.));
#6099 = CARTESIAN_POINT('',(20.106938782997,23.759974855992,8.));
#6100 = CARTESIAN_POINT('',(18.077773965143,25.379980739969,8.));
#6101 = CARTESIAN_POINT('',(15.891473581504,26.792189448634,8.));
#6102 = CARTESIAN_POINT('',(13.574587201008,27.978200769823,8.));
#6103 = CARTESIAN_POINT('',(11.156084280213,28.923433812573,8.));
#6104 = CARTESIAN_POINT('',(6.233994164503,30.298787241249,8.));
#6105 = CARTESIAN_POINT('',(3.732667782511,30.739812242061,8.));
#6106 = CARTESIAN_POINT('',(1.194183892996,30.932788899504,8.));
#6107 = CARTESIAN_POINT('',(-1.351016681769,30.874397820084,8.));
#6108 = CARTESIAN_POINT('',(-3.872204549518,30.565552062637,8.));
#6109 = CARTESIAN_POINT('',(-8.770223952962,29.468011344046,8.));
#6110 = CARTESIAN_POINT('',(-11.14926047757,28.685912429023,8.));
#6111 = CARTESIAN_POINT('',(-13.44574190835,27.672802569343,8.));
#6112 = CARTESIAN_POINT('',(-15.63210146694,26.439777758012,8.));
#6113 = CARTESIAN_POINT('',(-17.68245477891,25.001671516294,8.));
#6114 = CARTESIAN_POINT('',(-21.42267928777,21.790588789086,8.));
#6115 = CARTESIAN_POINT('',(-23.11996712598,20.025232259164,8.));
#6116 = CARTESIAN_POINT('',(-24.64306232644,18.100632248908,8.));
#6117 = CARTESIAN_POINT('',(-25.97378724414,16.038266467576,8.));
#6118 = CARTESIAN_POINT('',(-27.09698466424,13.861972754159,8.));
#6119 = CARTESIAN_POINT('',(-28.00162854911,11.598659241816,8.));
#6120 = PCURVE('',#463,#6121);
#6121 = DEFINITIONAL_REPRESENTATION('',(#6122),#6145);
#6122 = B_SPLINE_CURVE_WITH_KNOTS('',6,(#6123,#6124,#6125,#6126,#6127,
    #6128,#6129,#6130,#6131,#6132,#6133,#6134,#6135,#6136,#6137,#6138,
    #6139,#6140,#6141,#6142,#6143,#6144),.UNSPECIFIED.,.F.,.F.,(7,5,5,5,
    7),(0.,0.257292368794,0.509016675369,0.757232200168,1.),
  .UNSPECIFIED.);
#6123 = CARTESIAN_POINT('',(21.955664781174,21.955664624155));
#6124 = CARTESIAN_POINT('',(20.106938782997,23.759974855992));
#6125 = CARTESIAN_POINT('',(18.077773965143,25.379980739969));
#6126 = CARTESIAN_POINT('',(15.891473581504,26.792189448634));
#6127 = CARTESIAN_POINT('',(13.574587201008,27.978200769823));
#6128 = CARTESIAN_POINT('',(11.156084280213,28.923433812573));
#6129 = CARTESIAN_POINT('',(6.233994164503,30.298787241249));
#6130 = CARTESIAN_POINT('',(3.732667782511,30.739812242061));
#6131 = CARTESIAN_POINT('',(1.194183892996,30.932788899504));
#6132 = CARTESIAN_POINT('',(-1.351016681769,30.874397820084));
#6133 = CARTESIAN_POINT('',(-3.872204549518,30.565552062637));
#6134 = CARTESIAN_POINT('',(-8.770223952962,29.468011344046));
#6135 = CARTESIAN_POINT('',(-11.14926047757,28.685912429023));
#6136 = CARTESIAN_POINT('',(-13.44574190835,27.672802569343));
#6137 = CARTESIAN_POINT('',(-15.63210146694,26.439777758012));
#6138 = CARTESIAN_POINT('',(-17.68245477891,25.001671516294));
#6139 = CARTESIAN_POINT('',(-21.42267928777,21.790588789086));
#6140 = CARTESIAN_POINT('',(-23.11996712598,20.025232259164));
#6141 = CARTESIAN_POINT('',(-24.64306232644,18.100632248908));
#6142 = CARTESIAN_POINT('',(-25.97378724414,16.038266467576));
#6143 = CARTESIAN_POINT('',(-27.09698466424,13.861972754159));
#6144 = CARTESIAN_POINT('',(-28.00162854911,11.598659241816));
#6145 = ( GEOMETRIC_REPRESENTATION_CONTEXT(2) 
PARAMETRIC_REPRESENTATION_CONTEXT() REPRESENTATION_CONTEXT('2D SPACE',''
  ) );
#6146 = PCURVE('',#6147,#6440);
#6147 = B_SPLINE_SURFACE_WITH_KNOTS('',1,10,(
    (#6148,#6149,#6150,#6151,#6152,#6153,#6154,#6155,#6156,#6157,#6158
      ,#6159,#6160,#6161,#6162,#6163,#6164,#6165,#6166,#6167,#6168,#6169
      ,#6170,#6171,#6172,#6173,#6174,#6175,#6176,#6177,#6178,#6179,#6180
      ,#6181,#6182,#6183,#6184,#6185,#6186,#6187,#6188,#6189,#6190,#6191
      ,#6192,#6193,#6194,#6195,#6196,#6197,#6198,#6199,#6200,#6201,#6202
      ,#6203,#6204,#6205,#6206,#6207,#6208,#6209,#6210,#6211,#6212,#6213
      ,#6214,#6215,#6216,#6217,#6218,#6219,#6220,#6221,#6222,#6223,#6224
      ,#6225,#6226,#6227,#6228,#6229,#6230,#6231,#6232,#6233,#6234,#6235
      ,#6236,#6237,#6238,#6239,#6240,#6241,#6242,#6243,#6244,#6245,#6246
      ,#6247,#6248,#6249,#6250,#6251,#6252,#6253,#6254,#6255,#6256,#6257
      ,#6258,#6259,#6260,#6261,#6262,#6263,#6264,#6265,#6266,#6267,#6268
      ,#6269,#6270,#6271,#6272,#6273,#6274,#6275,#6276,#6277,#6278,#6279
      ,#6280,#6281,#6282,#6283,#6284,#6285,#6286,#6287,#6288,#6289,#6290
      ,#6291,#6292,#6293)
    ,(#6294,#6295,#6296,#6297,#6298,#6299,#6300,#6301,#6302,#6303,#6304
      ,#6305,#6306,#6307,#6308,#6309,#6310,#6311,#6312,#6313,#6314,#6315
      ,#6316,#6317,#6318,#6319,#6320,#6321,#6322,#6323,#6324,#6325,#6326
      ,#6327,#6328,#6329,#6330,#6331,#6332,#6333,#6334,#6335,#6336,#6337
      ,#6338,#6339,#6340,#6341,#6342,#6343,#6344,#6345,#6346,#6347,#6348
      ,#6349,#6350,#6351,#6352,#6353,#6354,#6355,#6356,#6357,#6358,#6359
      ,#6360,#6361,#6362,#6363,#6364,#6365,#6366,#6367,#6368,#6369,#6370
      ,#6371,#6372,#6373,#6374,#6375,#6376,#6377,#6378,#6379,#6380,#6381
      ,#6382,#6383,#6384,#6385,#6386,#6387,#6388,#6389,#6390,#6391,#6392
      ,#6393,#6394,#6395,#6396,#6397,#6398,#6399,#6400,#6401,#6402,#6403
      ,#6404,#6405,#6406,#6407,#6408,#6409,#6410,#6411,#6412,#6413,#6414
      ,#6415,#6416,#6417,#6418,#6419,#6420,#6421,#6422,#6423,#6424,#6425
      ,#6426,#6427,#6428,#6429,#6430,#6431,#6432,#6433,#6434,#6435,#6436
      ,#6437,#6438,#6439
    )),.UNSPECIFIED.,.F.,.F.,.F.,(2,2),(11,9,9,9,9,9,9,9,9,9,9,9,9,9,9,9
    ,11),(0.,0.804444746981),(0.,4.771698848675,9.543397697351,
    14.315096546026,19.086795394702,23.858494243377,28.630193092053,
    33.401891940728,38.173590789404,42.945289638079,47.716988486755,
    52.48868733543,57.260386184106,62.032085032781,66.803783881457,
    71.575482730132,76.347181578808),.UNSPECIFIED.);
#6148 = CARTESIAN_POINT('',(30.308734053153,-8.328342460118E-10,
    -2.437499998887));
#6149 = CARTESIAN_POINT('',(30.308734080427,14.282654343493,
    -2.362500008183));
#6150 = CARTESIAN_POINT('',(22.830934934927,28.565749276173,
    -2.287499972755));
#6151 = CARTESIAN_POINT('',(7.869927101689,38.44028273936,
    -2.212500044883));
#6152 = CARTESIAN_POINT('',(-11.58367041935,39.517561133532,
    -2.137499960853));
#6153 = CARTESIAN_POINT('',(-29.67725546555,29.677255893201,
    -2.062500002217));
#6154 = CARTESIAN_POINT('',(-39.51756139594,11.583669957631,
    -1.987500033857));
#6155 = CARTESIAN_POINT('',(-38.440282638,-7.86992675688,-1.912499958378
    ));
#6156 = CARTESIAN_POINT('',(-28.56574929684,-22.83093509809,
    -1.837500023933));
#6157 = CARTESIAN_POINT('',(-14.28265434529,-30.30873403527,
    -1.762499992864));
#6158 = CARTESIAN_POINT('',(14.282654343559,-30.30873407581,
    -1.612500006576));
#6159 = CARTESIAN_POINT('',(28.565749276081,-22.83093494196,
    -1.53749997521));
#6160 = CARTESIAN_POINT('',(38.440282739456,-7.869927092973,
    -1.462500041839));
#6161 = CARTESIAN_POINT('',(39.517561133454,11.58367041053,
    -1.387499963941));
#6162 = CARTESIAN_POINT('',(29.677255893252,29.677255472849,
    -1.312499999661));
#6163 = CARTESIAN_POINT('',(11.583669957602,39.517561391104,
    -1.237500035555));
#6164 = CARTESIAN_POINT('',(-7.869926756866,38.440282640486,
    -1.162499957506));
#6165 = CARTESIAN_POINT('',(-22.83093509809,28.565749295942,
    -1.08750002425));
#6166 = CARTESIAN_POINT('',(-30.30873403527,14.282654345459,
    -1.012499992808));
#6167 = CARTESIAN_POINT('',(-30.30873407581,-14.28265434363,
    -0.862500006604));
#6168 = CARTESIAN_POINT('',(-22.83093494197,-28.56574927595,
    -0.787499975168));
#6169 = CARTESIAN_POINT('',(-7.869927092957,-38.44028273963,
    -0.712500041892));
#6170 = CARTESIAN_POINT('',(11.583670410503,-39.51756113325,
    -0.637499963886));
#6171 = CARTESIAN_POINT('',(29.67725547288,-29.67725589343,
    -0.562499999707));
#6172 = CARTESIAN_POINT('',(39.517561391079,-11.58366995747,
    -0.487500035524));
#6173 = CARTESIAN_POINT('',(38.440282640499,7.869926756796,
    -0.412499957522));
#6174 = CARTESIAN_POINT('',(28.565749295939,22.830935098124,
    -0.337500024244));
#6175 = CARTESIAN_POINT('',(14.282654345458,30.308734035266,
    -0.262499992809));
#6176 = CARTESIAN_POINT('',(-14.28265434363,30.308734075821,
    -0.112500006603));
#6177 = CARTESIAN_POINT('',(-28.56574927596,22.830934941962,
    -3.74999751686E-02));
#6178 = CARTESIAN_POINT('',(-38.4402827396,7.869927092979,
    3.749995810861E-02));
#6179 = CARTESIAN_POINT('',(-39.5175611333,-11.58367041053,
    0.112500036113));
#6180 = CARTESIAN_POINT('',(-29.67725589337,-29.67725547284,
    0.187500000293));
#6181 = CARTESIAN_POINT('',(-11.58366995751,-39.51756139111,
    0.262499964476));
#6182 = CARTESIAN_POINT('',(7.869926756819,-38.44028264048,
    0.337500042478));
#6183 = CARTESIAN_POINT('',(22.830935098117,-28.56574929594,
    0.412499975756));
#6184 = CARTESIAN_POINT('',(30.308734035267,-14.28265434545,
    0.487500007191));
#6185 = CARTESIAN_POINT('',(30.308734075821,14.282654343639,
    0.637499993397));
#6186 = CARTESIAN_POINT('',(22.830934941964,28.565749275953,
    0.712500024831));
#6187 = CARTESIAN_POINT('',(7.869927092978,38.440282739625,
    0.787499958109));
#6188 = CARTESIAN_POINT('',(-11.58367041053,39.517561133272,
    0.862500036112));
#6189 = CARTESIAN_POINT('',(-29.67725547283,29.677255893407,
    0.937500000294));
#6190 = CARTESIAN_POINT('',(-39.51756139111,11.583669957498,
    1.012499964475));
#6191 = CARTESIAN_POINT('',(-38.44028264048,-7.869926756811,
    1.087500042479));
#6192 = CARTESIAN_POINT('',(-28.56574929594,-22.83093509811,
    1.162499975756));
#6193 = CARTESIAN_POINT('',(-14.28265434545,-30.30873403526,
    1.237500007191));
#6194 = CARTESIAN_POINT('',(14.282654343635,-30.30873407582,
    1.387499993396));
#6195 = CARTESIAN_POINT('',(28.565749275976,-22.83093494196,
    1.462500024833));
#6196 = CARTESIAN_POINT('',(38.440282739568,-7.869927092967,
    1.537499958105));
#6197 = CARTESIAN_POINT('',(39.517561133362,11.583670410513,
    1.61250003612));
#6198 = CARTESIAN_POINT('',(29.67725589331,29.677255472876,
    1.687500000285));
#6199 = CARTESIAN_POINT('',(11.583669957573,39.517561391076,
    1.762499964483));
#6200 = CARTESIAN_POINT('',(-7.869926756854,38.440282640505,
    1.837500042474));
#6201 = CARTESIAN_POINT('',(-22.8309350981,28.565749295933,
    1.912499975758));
#6202 = CARTESIAN_POINT('',(-30.30873403527,14.282654345461,
    1.98750000719));
#6203 = CARTESIAN_POINT('',(-30.30873407581,-14.28265434364,
    2.137499993397));
#6204 = CARTESIAN_POINT('',(-22.83093494196,-28.56574927593,
    2.212500024829));
#6205 = CARTESIAN_POINT('',(-7.869927092966,-38.44028273967,
    2.287499958114));
#6206 = CARTESIAN_POINT('',(11.583670410518,-39.51756113319,
    2.362500036104));
#6207 = CARTESIAN_POINT('',(29.677255472863,-29.67725589349,
    2.437500000303));
#6208 = CARTESIAN_POINT('',(39.517561391092,-11.58366995743,
    2.512499964468));
#6209 = CARTESIAN_POINT('',(38.440282640492,7.869926756776,
    2.587500042482));
#6210 = CARTESIAN_POINT('',(28.56574929594,22.83093509813,2.662499975755
    ));
#6211 = CARTESIAN_POINT('',(14.282654345459,30.308734035266,
    2.737500007191));
#6212 = CARTESIAN_POINT('',(-14.28265434363,30.308734075822,
    2.887499993396));
#6213 = CARTESIAN_POINT('',(-28.56574927596,22.830934941963,
    2.962500024832));
#6214 = CARTESIAN_POINT('',(-38.4402827396,7.86992709297,3.037499958108)
  );
#6215 = CARTESIAN_POINT('',(-39.5175611333,-11.58367041051,
    3.112500036115));
#6216 = CARTESIAN_POINT('',(-29.67725589337,-29.67725547286,
    3.187500000291));
#6217 = CARTESIAN_POINT('',(-11.58366995751,-39.51756139108,
    3.262499964478));
#6218 = CARTESIAN_POINT('',(7.869926756823,-38.4402826405,3.337500042476
    ));
#6219 = CARTESIAN_POINT('',(22.830935098114,-28.56574929593,
    3.412499975757));
#6220 = CARTESIAN_POINT('',(30.308734035269,-14.28265434546,
    3.487500007191));
#6221 = CARTESIAN_POINT('',(30.308734075818,14.282654343643,
    3.637499993397));
#6222 = CARTESIAN_POINT('',(22.83093494198,28.565749275931,
    3.712500024828));
#6223 = CARTESIAN_POINT('',(7.869927092937,38.440282739681,
    3.787499958116));
#6224 = CARTESIAN_POINT('',(-11.58367041047,39.517561133177,
    3.862500036102));
#6225 = CARTESIAN_POINT('',(-29.67725547291,29.677255893521,
    3.937500000305));
#6226 = CARTESIAN_POINT('',(-39.51756139105,11.583669957403,
    4.012499964467));
#6227 = CARTESIAN_POINT('',(-38.44028264051,-7.869926756758,
    4.087500042482));
#6228 = CARTESIAN_POINT('',(-28.56574929593,-22.83093509813,
    4.162499975755));
#6229 = CARTESIAN_POINT('',(-14.28265434546,-30.30873403526,
    4.237500007191));
#6230 = CARTESIAN_POINT('',(14.282654343642,-30.30873407582,
    4.387499993397));
#6231 = CARTESIAN_POINT('',(28.565749275939,-22.83093494196,
    4.462500024827));
#6232 = CARTESIAN_POINT('',(38.440282739658,-7.869927092962,
    4.537499958119));
#6233 = CARTESIAN_POINT('',(39.517561133219,11.58367041051,
    4.612500036096));
#6234 = CARTESIAN_POINT('',(29.67725589347,29.67725547287,4.687500000312
    ));
#6235 = CARTESIAN_POINT('',(11.583669957444,39.517561391087,
    4.76249996446));
#6236 = CARTESIAN_POINT('',(-7.869926756781,38.440282640495,
    4.837500042487));
#6237 = CARTESIAN_POINT('',(-22.83093509812,28.565749295939,
    4.912499975753));
#6238 = CARTESIAN_POINT('',(-30.30873403526,14.282654345459,
    4.987500007191));
#6239 = CARTESIAN_POINT('',(-30.30873407582,-14.28265434363,
    5.137499993396));
#6240 = CARTESIAN_POINT('',(-22.83093494196,-28.56574927595,
    5.212500024831));
#6241 = CARTESIAN_POINT('',(-7.869927092973,-38.44028273962,
    5.287499958109));
#6242 = CARTESIAN_POINT('',(11.583670410531,-39.51756113327,
    5.362500036112));
#6243 = CARTESIAN_POINT('',(29.677255472843,-29.6772558934,
    5.437500000295));
#6244 = CARTESIAN_POINT('',(39.517561391115,-11.58366995749,
    5.512499964474));
#6245 = CARTESIAN_POINT('',(38.440282640475,7.869926756806,5.58750004248
    ));
#6246 = CARTESIAN_POINT('',(28.56574929595,22.830935098121,
    5.662499975755));
#6247 = CARTESIAN_POINT('',(14.282654345455,30.308734035266,
    5.737500007192));
#6248 = CARTESIAN_POINT('',(-14.28265434363,30.308734075822,
    5.887499993395));
#6249 = CARTESIAN_POINT('',(-28.56574927598,22.830934941958,
    5.962500024838));
#6250 = CARTESIAN_POINT('',(-38.44028273954,7.869927092987,
    6.037499958092));
#6251 = CARTESIAN_POINT('',(-39.5175611334,-11.58367041054,
    6.112500036139));
#6252 = CARTESIAN_POINT('',(-29.67725589327,-29.67725547283,
    6.187500000264));
#6253 = CARTESIAN_POINT('',(-11.58366995759,-39.51756139111,
    6.262499964498));
#6254 = CARTESIAN_POINT('',(7.869926756861,-38.44028264048,
    6.337500042466));
#6255 = CARTESIAN_POINT('',(22.830935098102,-28.56574929594,
    6.412499975761));
#6256 = CARTESIAN_POINT('',(30.30873403527,-14.28265434545,6.48750000719
    ));
#6257 = CARTESIAN_POINT('',(30.308734075819,14.282654343638,
    6.637499993397));
#6258 = CARTESIAN_POINT('',(22.830934941969,28.565749275958,
    6.71250002483));
#6259 = CARTESIAN_POINT('',(7.869927092965,38.44028273961,6.787499958111
    ));
#6260 = CARTESIAN_POINT('',(-11.58367041052,39.517561133297,
    6.86250003611));
#6261 = CARTESIAN_POINT('',(-29.67725547284,29.677255893384,
    6.937500000296));
#6262 = CARTESIAN_POINT('',(-39.51756139111,11.583669957509,
    7.012499964473));
#6263 = CARTESIAN_POINT('',(-38.44028264047,-7.869926756815,
    7.08750004248));
#6264 = CARTESIAN_POINT('',(-28.56574929594,-22.83093509811,
    7.162499975755));
#6265 = CARTESIAN_POINT('',(-14.28265434545,-30.30873403526,
    7.237500007191));
#6266 = CARTESIAN_POINT('',(14.282654343635,-30.30873407582,
    7.387499993395));
#6267 = CARTESIAN_POINT('',(28.565749275978,-22.83093494195,
    7.462500024837));
#6268 = CARTESIAN_POINT('',(38.44028273956,-7.869927092986,
    7.537499958095));
#6269 = CARTESIAN_POINT('',(39.517561133375,11.58367041055,
    7.612500036134));
#6270 = CARTESIAN_POINT('',(29.6772558933,29.677255472822,7.687500000271
    ));
#6271 = CARTESIAN_POINT('',(11.583669957574,39.517561391131,
    7.762499964491));
#6272 = CARTESIAN_POINT('',(-7.869926756853,38.440282640468,
    7.837500042471));
#6273 = CARTESIAN_POINT('',(-22.8309350981,28.565749295949,
    7.912499975758));
#6274 = CARTESIAN_POINT('',(-30.30873403527,14.282654345458,
    7.987500007191));
#6275 = CARTESIAN_POINT('',(-30.30873407581,-14.28265434363,
    8.137499993396));
#6276 = CARTESIAN_POINT('',(-22.83093494198,-28.56574927596,
    8.212500024838));
#6277 = CARTESIAN_POINT('',(-7.869927092921,-38.4402827396,8.28749995809
    ));
#6278 = CARTESIAN_POINT('',(11.583670410435,-39.5175611333,8.36250003615
    ));
#6279 = CARTESIAN_POINT('',(29.677255472982,-29.67725589337,
    8.437500000238));
#6280 = CARTESIAN_POINT('',(39.517561390949,-11.58366995751,
    8.512499964539));
#6281 = CARTESIAN_POINT('',(38.440282640637,7.869926756823,
    8.587500042419));
#6282 = CARTESIAN_POINT('',(28.56574929582,22.830935098111,
    8.662499975801));
#6283 = CARTESIAN_POINT('',(14.282654345539,30.308734035272,
    8.737500007163));
#6284 = CARTESIAN_POINT('',(-14.2826543438,30.308734075812,
    8.887499993453));
#6285 = CARTESIAN_POINT('',(-28.56574927503,22.830934942007,
    8.962500024515));
#6286 = CARTESIAN_POINT('',(-38.44028274216,7.869927092855,
    9.037499958979));
#6287 = CARTESIAN_POINT('',(-39.51756112834,-11.5836704103,
    9.112500034425));
#6288 = CARTESIAN_POINT('',(-29.6772559008,-29.67725547318,
    9.187500002825));
#6289 = CARTESIAN_POINT('',(-11.58366994857,-39.51756139072,
    9.262499961425));
#6290 = CARTESIAN_POINT('',(7.869926748045,-38.44028264084,
    9.337500045479));
#6291 = CARTESIAN_POINT('',(22.830935105174,-28.56574929567,
    9.41249997334));
#6292 = CARTESIAN_POINT('',(30.308734030659,-14.28265434562,
    9.487500008771));
#6293 = CARTESIAN_POINT('',(30.308734057933,-8.2425522536E-10,
    9.562499999474));
#6294 = CARTESIAN_POINT('',(31.049999932102,3.338541887388E-09,
    -2.125000002644));
#6295 = CARTESIAN_POINT('',(31.049999938208,14.631968121149,
    -2.049999966003));
#6296 = CARTESIAN_POINT('',(23.38931545069,29.264384478036,
    -1.975000105645));
#6297 = CARTESIAN_POINT('',(8.062401058592,39.380428662629,
    -1.899999821346));
#6298 = CARTESIAN_POINT('',(-11.8669687905,40.484040739694,
    -1.82500015255));
#6299 = CARTESIAN_POINT('',(-30.40308548961,30.403085604789,
    -1.749999989534));
#6300 = CARTESIAN_POINT('',(-40.48404081733,11.866968649338,
    -1.674999864787));
#6301 = CARTESIAN_POINT('',(-39.38042863187,-8.062400969124,
    -1.600000162324));
#6302 = CARTESIAN_POINT('',(-29.26438447853,-23.389315504,
    -1.524999903914));
#6303 = CARTESIAN_POINT('',(-14.63196811458,-31.04999992866,
    -1.450000026385));
#6304 = CARTESIAN_POINT('',(14.6319681212,-31.04999993689,
    -1.299999972333));
#6305 = CARTESIAN_POINT('',(29.264384477968,-23.38931545268,
    -1.225000095973));
#6306 = CARTESIAN_POINT('',(39.380428662695,-8.062401056123,
    -1.149999833332));
#6307 = CARTESIAN_POINT('',(40.484040739647,11.866968788011,
    -1.0750001404));
#6308 = CARTESIAN_POINT('',(30.403085604813,30.403085491674,
    -0.999999999582));
#6309 = CARTESIAN_POINT('',(11.866968649329,40.484040815973,
    -0.924999858114));
#6310 = CARTESIAN_POINT('',(-8.062400969121,39.380428632576,
    -0.850000165754));
#6311 = CARTESIAN_POINT('',(-23.389315504,29.264384478279,
    -0.774999902672));
#6312 = CARTESIAN_POINT('',(-31.04999992866,14.631968114627,
    -0.700000026605));
#6313 = CARTESIAN_POINT('',(-31.04999993689,-14.63196812122,
    -0.549999972225));
#6314 = CARTESIAN_POINT('',(-23.38931545269,-29.26438447792,
    -0.475000096138));
#6315 = CARTESIAN_POINT('',(-8.062401056102,-39.38042866277,
    -0.399999833128));
#6316 = CARTESIAN_POINT('',(11.866968787978,-40.48404073954,
    -0.325000140607));
#6317 = CARTESIAN_POINT('',(30.40308549171,-30.40308560491,
    -0.249999999411));
#6318 = CARTESIAN_POINT('',(40.484040815946,-11.86696864925,
    -0.174999858227));
#6319 = CARTESIAN_POINT('',(39.380428632589,8.062400969076,
    -0.100000165696));
#6320 = CARTESIAN_POINT('',(29.264384478276,23.38931550402,
    -2.499990269325E-02));
#6321 = CARTESIAN_POINT('',(14.631968114626,31.049999928664,
    4.999997339895E-02));
#6322 = CARTESIAN_POINT('',(-14.63196812122,31.049999936899,
    0.200000027773));
#6323 = CARTESIAN_POINT('',(-29.26438447793,23.389315452686,
    0.274999903865));
#6324 = CARTESIAN_POINT('',(-39.38042866273,8.062401056125,
    0.350000166868));
#6325 = CARTESIAN_POINT('',(-40.4840407396,-11.86696878801,
    0.424999859397));
#6326 = CARTESIAN_POINT('',(-30.40308560484,-30.40308549166,
    0.500000000585));
#6327 = CARTESIAN_POINT('',(-11.8669686493,-40.48404081597,
    0.575000141776));
#6328 = CARTESIAN_POINT('',(8.062400969104,-39.38042863257,
    0.649999834303));
#6329 = CARTESIAN_POINT('',(23.389315504011,-29.26438447828,
    0.725000097307));
#6330 = CARTESIAN_POINT('',(31.049999928665,-14.63196811462,
    0.799999973399));
#6331 = CARTESIAN_POINT('',(31.049999936899,14.631968121224,
    0.950000027773));
#6332 = CARTESIAN_POINT('',(23.389315452688,29.264384477925,
    1.024999903865));
#6333 = CARTESIAN_POINT('',(8.062401056124,39.38042866276,1.100000166869
    ));
#6334 = CARTESIAN_POINT('',(-11.86696878801,40.484040739571,
    1.174999859396));
#6335 = CARTESIAN_POINT('',(-30.40308549166,30.403085604882,
    1.250000000587));
#6336 = CARTESIAN_POINT('',(-40.48404081598,11.866968649282,
    1.325000141774));
#6337 = CARTESIAN_POINT('',(-39.38042863256,-8.062400969096,
    1.399999834304));
#6338 = CARTESIAN_POINT('',(-29.26438447828,-23.38931550401,
    1.475000097307));
#6339 = CARTESIAN_POINT('',(-14.63196811462,-31.04999992866,
    1.549999973399));
#6340 = CARTESIAN_POINT('',(14.63196812122,-31.04999993689,
    1.700000027773));
#6341 = CARTESIAN_POINT('',(29.264384477947,-23.38931545268,
    1.774999903866));
#6342 = CARTESIAN_POINT('',(39.380428662704,-8.062401056114,
    1.850000166866));
#6343 = CARTESIAN_POINT('',(40.484040739659,11.866968787991,
    1.924999859401));
#6344 = CARTESIAN_POINT('',(30.403085604787,30.403085491704,
    2.00000000058));
#6345 = CARTESIAN_POINT('',(11.866968649355,40.484040815942,
    2.07500014178));
#6346 = CARTESIAN_POINT('',(-8.062400969137,39.380428632597,
    2.149999834301));
#6347 = CARTESIAN_POINT('',(-23.38931550399,29.264384478269,
    2.225000097308));
#6348 = CARTESIAN_POINT('',(-31.04999992866,14.63196811463,
    2.299999973399));
#6349 = CARTESIAN_POINT('',(-31.04999993689,-14.63196812122,
    2.450000027773));
#6350 = CARTESIAN_POINT('',(-23.38931545269,-29.2643844779,
    2.524999903863));
#6351 = CARTESIAN_POINT('',(-8.062401056115,-39.3804286628,
    2.600000166872));
#6352 = CARTESIAN_POINT('',(11.866968788,-40.48404073949,2.674999859391)
  );
#6353 = CARTESIAN_POINT('',(30.403085491685,-30.40308560496,
    2.750000000592));
#6354 = CARTESIAN_POINT('',(40.484040815966,-11.86696864921,
    2.825000141771));
#6355 = CARTESIAN_POINT('',(39.380428632578,8.062400969062,
    2.899999834305));
#6356 = CARTESIAN_POINT('',(29.264384478279,23.389315504024,
    2.975000097306));
#6357 = CARTESIAN_POINT('',(14.631968114626,31.049999928664,
    3.049999973399));
#6358 = CARTESIAN_POINT('',(-14.63196812122,31.049999936899,
    3.200000027773));
#6359 = CARTESIAN_POINT('',(-29.26438447793,23.389315452687,
    3.274999903865));
#6360 = CARTESIAN_POINT('',(-39.38042866273,8.062401056116,
    3.350000166867));
#6361 = CARTESIAN_POINT('',(-40.4840407396,-11.86696878799,
    3.424999859399));
#6362 = CARTESIAN_POINT('',(-30.40308560485,-30.40308549169,
    3.500000000583));
#6363 = CARTESIAN_POINT('',(-11.8669686493,-40.48404081595,
    3.575000141778));
#6364 = CARTESIAN_POINT('',(8.062400969107,-39.38042863258,
    3.649999834302));
#6365 = CARTESIAN_POINT('',(23.389315504008,-29.26438447827,
    3.725000097308));
#6366 = CARTESIAN_POINT('',(31.049999928667,-14.63196811462,
    3.799999973399));
#6367 = CARTESIAN_POINT('',(31.049999936896,14.631968121227,
    3.950000027773));
#6368 = CARTESIAN_POINT('',(23.389315452704,29.264384477906,
    4.024999903863));
#6369 = CARTESIAN_POINT('',(8.062401056085,39.38042866281,4.100000166873
    ));
#6370 = CARTESIAN_POINT('',(-11.86696878795,40.484040739483,
    4.17499985939));
#6371 = CARTESIAN_POINT('',(-30.40308549172,30.40308560499,
    4.250000000593));
#6372 = CARTESIAN_POINT('',(-40.48404081593,11.86696864919,4.32500014177
    ));
#6373 = CARTESIAN_POINT('',(-39.38042863259,-8.062400969043,
    4.399999834306));
#6374 = CARTESIAN_POINT('',(-29.26438447827,-23.38931550403,
    4.475000097307));
#6375 = CARTESIAN_POINT('',(-14.63196811462,-31.04999992866,
    4.549999973399));
#6376 = CARTESIAN_POINT('',(14.631968121227,-31.04999993689,
    4.700000027773));
#6377 = CARTESIAN_POINT('',(29.264384477912,-23.38931545269,
    4.774999903864));
#6378 = CARTESIAN_POINT('',(39.38042866279,-8.062401056108,
    4.850000166872));
#6379 = CARTESIAN_POINT('',(40.48404073952,11.866968787987,
    4.924999859389));
#6380 = CARTESIAN_POINT('',(30.403085604943,30.403085491698,
    5.000000000595));
#6381 = CARTESIAN_POINT('',(11.866968649229,40.484040815955,
    5.075000141769));
#6382 = CARTESIAN_POINT('',(-8.062400969065,39.380428632586,
    5.149999834306));
#6383 = CARTESIAN_POINT('',(-23.38931550402,29.264384478275,
    5.225000097306));
#6384 = CARTESIAN_POINT('',(-31.04999992866,14.631968114628,
    5.299999973399));
#6385 = CARTESIAN_POINT('',(-31.0499999369,-14.63196812122,
    5.450000027773));
#6386 = CARTESIAN_POINT('',(-23.38931545268,-29.26438447792,
    5.524999903865));
#6387 = CARTESIAN_POINT('',(-8.062401056122,-39.38042866275,
    5.600000166868));
#6388 = CARTESIAN_POINT('',(11.866968788013,-40.48404073957,
    5.674999859398));
#6389 = CARTESIAN_POINT('',(30.403085491664,-30.40308560488,
    5.750000000585));
#6390 = CARTESIAN_POINT('',(40.484040815989,-11.86696864927,
    5.825000141776));
#6391 = CARTESIAN_POINT('',(39.380428632561,8.062400969089,
    5.899999834303));
#6392 = CARTESIAN_POINT('',(29.264384478288,23.389315504016,
    5.975000097307));
#6393 = CARTESIAN_POINT('',(14.631968114623,31.049999928664,
    6.049999973399));
#6394 = CARTESIAN_POINT('',(-14.63196812121,31.0499999369,6.200000027773
    ));
#6395 = CARTESIAN_POINT('',(-29.26438447795,23.389315452684,
    6.274999903867));
#6396 = CARTESIAN_POINT('',(-39.38042866268,8.062401056127,
    6.350000166862));
#6397 = CARTESIAN_POINT('',(-40.48404073969,-11.86696878801,
    6.424999859409));
#6398 = CARTESIAN_POINT('',(-30.40308560475,-30.40308549167,
    6.500000000572));
#6399 = CARTESIAN_POINT('',(-11.86696864937,-40.48404081597,
    6.575000141786));
#6400 = CARTESIAN_POINT('',(8.062400969141,-39.38042863258,
    6.649999834299));
#6401 = CARTESIAN_POINT('',(23.389315503998,-29.26438447827,
    6.725000097308));
#6402 = CARTESIAN_POINT('',(31.049999928668,-14.63196811462,
    6.799999973399));
#6403 = CARTESIAN_POINT('',(31.049999936897,14.631968121224,
    6.950000027773));
#6404 = CARTESIAN_POINT('',(23.389315452693,29.26438447793,
    7.024999903864));
#6405 = CARTESIAN_POINT('',(8.062401056111,39.380428662745,7.10000016687
    ));
#6406 = CARTESIAN_POINT('',(-11.866968788,40.484040739595,7.174999859395
    ));
#6407 = CARTESIAN_POINT('',(-30.40308549167,30.403085604861,
    7.250000000587));
#6408 = CARTESIAN_POINT('',(-40.48404081598,11.866968649291,
    7.325000141774));
#6409 = CARTESIAN_POINT('',(-39.38042863256,-8.062400969097,
    7.399999834304));
#6410 = CARTESIAN_POINT('',(-29.26438447828,-23.38931550401,
    7.475000097307));
#6411 = CARTESIAN_POINT('',(-14.63196811462,-31.04999992866,
    7.549999973399));
#6412 = CARTESIAN_POINT('',(14.63196812122,-31.0499999369,7.700000027773
    ));
#6413 = CARTESIAN_POINT('',(29.264384477948,-23.38931545268,
    7.774999903867));
#6414 = CARTESIAN_POINT('',(39.3804286627,-8.06240105613,7.850000166861)
  );
#6415 = CARTESIAN_POINT('',(40.484040739663,11.866968788024,
    7.924999859411));
#6416 = CARTESIAN_POINT('',(30.403085604787,30.403085491654,
    8.00000000057));
#6417 = CARTESIAN_POINT('',(11.866968649348,40.484040815996,
    8.075000141788));
#6418 = CARTESIAN_POINT('',(-8.062400969131,39.38042863256,
    8.149999834296));
#6419 = CARTESIAN_POINT('',(-23.389315504,29.264384478285,8.225000097311
    ));
#6420 = CARTESIAN_POINT('',(-31.04999992866,14.631968114626,
    8.299999973397));
#6421 = CARTESIAN_POINT('',(-31.04999993689,-14.63196812122,
    8.450000027777));
#6422 = CARTESIAN_POINT('',(-23.38931545269,-29.26438447793,
    8.524999903844));
#6423 = CARTESIAN_POINT('',(-8.062401056099,-39.38042866274,
    8.600000166925));
#6424 = CARTESIAN_POINT('',(11.866968787974,-40.4840407396,
    8.674999859288));
#6425 = CARTESIAN_POINT('',(30.403085491717,-30.40308560485,
    8.750000000749));
#6426 = CARTESIAN_POINT('',(40.48404081593,-11.86696864929,
    8.825000141578));
#6427 = CARTESIAN_POINT('',(39.380428632617,8.062400969101,
    8.899999834501));
#6428 = CARTESIAN_POINT('',(29.264384478244,23.38931550401,
    8.975000097146));
#6429 = CARTESIAN_POINT('',(14.63196811465,31.049999928667,
    9.049999973505));
#6430 = CARTESIAN_POINT('',(-14.63196812127,31.049999936896,
    9.200000027557));
#6431 = CARTESIAN_POINT('',(-29.26438447765,23.389315452698,
    9.274999905085));
#6432 = CARTESIAN_POINT('',(-39.3804286635,8.062401056093,9.350000163501
    ));
#6433 = CARTESIAN_POINT('',(-40.48404073811,-11.86696878795,
    9.424999865951));
#6434 = CARTESIAN_POINT('',(-30.40308560705,-30.40308549174,
    9.499999990714));
#6435 = CARTESIAN_POINT('',(-11.86696864667,-40.4840408159,
    9.575000153717));
#6436 = CARTESIAN_POINT('',(8.062400966549,-39.38042863262,9.64999982252
    ));
#6437 = CARTESIAN_POINT('',(23.389315506052,-29.26438447825,
    9.725000106817));
#6438 = CARTESIAN_POINT('',(31.049999927339,-14.63196811463,
    9.799999967174));
#6439 = CARTESIAN_POINT('',(31.049999933468,3.304566551827E-09,
    9.875000003816));
#6440 = DEFINITIONAL_REPRESENTATION('',(#6441),#6464);
#6441 = B_SPLINE_CURVE_WITH_KNOTS('',6,(#6442,#6443,#6444,#6445,#6446,
    #6447,#6448,#6449,#6450,#6451,#6452,#6453,#6454,#6455,#6456,#6457,
    #6458,#6459,#6460,#6461,#6462,#6463),.UNSPECIFIED.,.F.,.F.,(7,5,5,5,
    7),(0.,0.257292368794,0.509016675369,0.757232200168,1.),
  .UNSPECIFIED.);
#6442 = CARTESIAN_POINT('',(0.804444746981,64.417934453391));
#6443 = CARTESIAN_POINT('',(0.770361221599,64.502172845094));
#6444 = CARTESIAN_POINT('',(0.73623110013,64.586526400526));
#6445 = CARTESIAN_POINT('',(0.70206546021,64.670967741331));
#6446 = CARTESIAN_POINT('',(0.667858369494,64.755511529662));
#6447 = CARTESIAN_POINT('',(0.633603373441,64.840173717937));
#6448 = CARTESIAN_POINT('',(0.565761413293,65.007847035275));
#6449 = CARTESIAN_POINT('',(0.53216634801,65.090878186637));
#6450 = CARTESIAN_POINT('',(0.498536348799,65.173995678248));
#6451 = CARTESIAN_POINT('',(0.464865896117,65.25721315146));
#6452 = CARTESIAN_POINT('',(0.431148997712,65.340545416137));
#6453 = CARTESIAN_POINT('',(0.364112899018,65.506227022653));
#6454 = CARTESIAN_POINT('',(0.330785498043,65.588596632725));
#6455 = CARTESIAN_POINT('',(0.297423334996,65.671052157942));
#6456 = CARTESIAN_POINT('',(0.264021117706,65.753606678336));
#6457 = CARTESIAN_POINT('',(0.230573105324,65.83627438297));
#6458 = CARTESIAN_POINT('',(0.164339715911,65.999972070969));
#6459 = CARTESIAN_POINT('',(0.131547311451,66.081019422821));
#6460 = CARTESIAN_POINT('',(9.87207840792E-02,66.162151110664));
#6461 = CARTESIAN_POINT('',(6.585522695438E-02,66.243379261673));
#6462 = CARTESIAN_POINT('',(3.294532872987E-02,66.324717001588));
#6463 = CARTESIAN_POINT('',(0.,66.406142307697));
#6464 = ( GEOMETRIC_REPRESENTATION_CONTEXT(2) 
PARAMETRIC_REPRESENTATION_CONTEXT() REPRESENTATION_CONTEXT('2D SPACE',''
  ) );
#6465 = ORIENTED_EDGE('',*,*,#6466,.F.);
#6466 = EDGE_CURVE('',#6467,#6094,#6469,.T.);
#6467 = VERTEX_POINT('',#6468);
#6468 = CARTESIAN_POINT('',(21.955655889599,-21.95565455399,8.));
#6469 = SURFACE_CURVE('',#6470,(#6515,#6563),.PCURVE_S1.);
#6470 = B_SPLINE_CURVE_WITH_KNOTS('',8,(#6471,#6472,#6473,#6474,#6475,
    #6476,#6477,#6478,#6479,#6480,#6481,#6482,#6483,#6484,#6485,#6486,
    #6487,#6488,#6489,#6490,#6491,#6492,#6493,#6494,#6495,#6496,#6497,
    #6498,#6499,#6500,#6501,#6502,#6503,#6504,#6505,#6506,#6507,#6508,
    #6509,#6510,#6511,#6512,#6513,#6514),.UNSPECIFIED.,.F.,.F.,(9,7,7,7,
    7,7,9),(0.,5.70030906135E-02,9.600519962558E-02,0.125006764343,
    0.531984564142,0.82999153887,1.),.UNSPECIFIED.);
#6471 = CARTESIAN_POINT('',(21.955655889599,-21.95565455399,8.));
#6472 = CARTESIAN_POINT('',(22.201382026804,-21.70992860349,8.));
#6473 = CARTESIAN_POINT('',(22.443965215306,-21.46105964555,8.));
#6474 = CARTESIAN_POINT('',(22.683358512492,-21.20909462011,8.));
#6475 = CARTESIAN_POINT('',(22.919515852092,-20.95408126854,8.));
#6476 = CARTESIAN_POINT('',(23.152392044177,-20.6960681337,8.));
#6477 = CARTESIAN_POINT('',(23.381942775164,-20.4351045599,8.));
#6478 = CARTESIAN_POINT('',(23.608124607816,-20.17124069291,8.));
#6479 = CARTESIAN_POINT('',(23.983316793723,-19.72203951846,8.));
#6480 = CARTESIAN_POINT('',(24.134141568418,-19.53821763435,8.));
#6481 = CARTESIAN_POINT('',(24.283355679337,-19.35307813931,8.));
#6482 = CARTESIAN_POINT('',(24.430945705263,-19.16663750571,8.));
#6483 = CARTESIAN_POINT('',(24.576898429742,-18.97891236664,8.));
#6484 = CARTESIAN_POINT('',(24.721200841082,-18.7899195159,8.));
#6485 = CARTESIAN_POINT('',(24.863840132358,-18.599675908,8.));
#6486 = CARTESIAN_POINT('',(25.10962275284,-18.26581815636,8.));
#6487 = CARTESIAN_POINT('',(25.213515257401,-18.12275553865,8.));
#6488 = CARTESIAN_POINT('',(25.316476034712,-17.97901784073,8.));
#6489 = CARTESIAN_POINT('',(25.418499969536,-17.83461214401,8.));
#6490 = CARTESIAN_POINT('',(25.519582011777,-17.68954557563,8.));
#6491 = CARTESIAN_POINT('',(25.619717176484,-17.54382530846,8.));
#6492 = CARTESIAN_POINT('',(25.718900543845,-17.39745856111,8.));
#6493 = CARTESIAN_POINT('',(27.195538834028,-15.18752378509,8.));
#6494 = CARTESIAN_POINT('',(28.385959941565,-12.99812342896,8.));
#6495 = CARTESIAN_POINT('',(29.374184196745,-10.70309953606,8.));
#6496 = CARTESIAN_POINT('',(30.149638400314,-8.32441261717,8.));
#6497 = CARTESIAN_POINT('',(30.704526116099,-5.884826375808,8.));
#6498 = CARTESIAN_POINT('',(31.033860214021,-3.407880251396,8.));
#6499 = CARTESIAN_POINT('',(31.135448046889,-0.917848844158,8.));
#6500 = CARTESIAN_POINT('',(30.919502306457,3.374535221283,8.));
#6501 = CARTESIAN_POINT('',(30.706880787304,5.183034224538,8.));
#6502 = CARTESIAN_POINT('',(30.373374866728,6.975888262987,8.));
#6503 = CARTESIAN_POINT('',(29.920392275604,8.7436711018,8.));
#6504 = CARTESIAN_POINT('',(29.350181974651,10.477196285878,8.));
#6505 = CARTESIAN_POINT('',(28.665795524809,12.167511910709,8.));
#6506 = CARTESIAN_POINT('',(27.87112251147,13.805917031651,8.));
#6507 = CARTESIAN_POINT('',(26.457493789037,16.28427195595,8.));
#6508 = CARTESIAN_POINT('',(25.909639629657,17.164963226008,8.));
#6509 = CARTESIAN_POINT('',(25.328315005847,18.024532611598,8.));
#6510 = CARTESIAN_POINT('',(24.714475163595,18.861498237848,8.));
#6511 = CARTESIAN_POINT('',(24.069149790475,19.674434875628,8.));
#6512 = CARTESIAN_POINT('',(23.393441851169,20.461973214552,8.));
#6513 = CARTESIAN_POINT('',(22.688528601531,21.222800798572,8.));
#6514 = CARTESIAN_POINT('',(21.955664781174,21.955664624154,8.));
#6515 = PCURVE('',#463,#6516);
#6516 = DEFINITIONAL_REPRESENTATION('',(#6517),#6562);
#6517 = B_SPLINE_CURVE_WITH_KNOTS('',8,(#6518,#6519,#6520,#6521,#6522,
    #6523,#6524,#6525,#6526,#6527,#6528,#6529,#6530,#6531,#6532,#6533,
    #6534,#6535,#6536,#6537,#6538,#6539,#6540,#6541,#6542,#6543,#6544,
    #6545,#6546,#6547,#6548,#6549,#6550,#6551,#6552,#6553,#6554,#6555,
    #6556,#6557,#6558,#6559,#6560,#6561),.UNSPECIFIED.,.F.,.F.,(9,7,7,7,
    7,7,9),(0.,5.70030906135E-02,9.600519962558E-02,0.125006764343,
    0.531984564142,0.82999153887,1.),.UNSPECIFIED.);
#6518 = CARTESIAN_POINT('',(21.955655889599,-21.95565455399));
#6519 = CARTESIAN_POINT('',(22.201382026804,-21.70992860349));
#6520 = CARTESIAN_POINT('',(22.443965215306,-21.46105964555));
#6521 = CARTESIAN_POINT('',(22.683358512492,-21.20909462011));
#6522 = CARTESIAN_POINT('',(22.919515852092,-20.95408126854));
#6523 = CARTESIAN_POINT('',(23.152392044177,-20.6960681337));
#6524 = CARTESIAN_POINT('',(23.381942775164,-20.4351045599));
#6525 = CARTESIAN_POINT('',(23.608124607816,-20.17124069291));
#6526 = CARTESIAN_POINT('',(23.983316793723,-19.72203951846));
#6527 = CARTESIAN_POINT('',(24.134141568418,-19.53821763435));
#6528 = CARTESIAN_POINT('',(24.283355679337,-19.35307813931));
#6529 = CARTESIAN_POINT('',(24.430945705263,-19.16663750571));
#6530 = CARTESIAN_POINT('',(24.576898429742,-18.97891236664));
#6531 = CARTESIAN_POINT('',(24.721200841082,-18.7899195159));
#6532 = CARTESIAN_POINT('',(24.863840132358,-18.599675908));
#6533 = CARTESIAN_POINT('',(25.10962275284,-18.26581815636));
#6534 = CARTESIAN_POINT('',(25.213515257401,-18.12275553865));
#6535 = CARTESIAN_POINT('',(25.316476034712,-17.97901784073));
#6536 = CARTESIAN_POINT('',(25.418499969536,-17.83461214401));
#6537 = CARTESIAN_POINT('',(25.519582011777,-17.68954557563));
#6538 = CARTESIAN_POINT('',(25.619717176484,-17.54382530846));
#6539 = CARTESIAN_POINT('',(25.718900543845,-17.39745856111));
#6540 = CARTESIAN_POINT('',(27.195538834028,-15.18752378509));
#6541 = CARTESIAN_POINT('',(28.385959941565,-12.99812342896));
#6542 = CARTESIAN_POINT('',(29.374184196745,-10.70309953606));
#6543 = CARTESIAN_POINT('',(30.149638400314,-8.32441261717));
#6544 = CARTESIAN_POINT('',(30.704526116099,-5.884826375808));
#6545 = CARTESIAN_POINT('',(31.033860214021,-3.407880251396));
#6546 = CARTESIAN_POINT('',(31.135448046889,-0.917848844158));
#6547 = CARTESIAN_POINT('',(30.919502306457,3.374535221283));
#6548 = CARTESIAN_POINT('',(30.706880787304,5.183034224538));
#6549 = CARTESIAN_POINT('',(30.373374866728,6.975888262987));
#6550 = CARTESIAN_POINT('',(29.920392275604,8.7436711018));
#6551 = CARTESIAN_POINT('',(29.350181974651,10.477196285878));
#6552 = CARTESIAN_POINT('',(28.665795524809,12.167511910709));
#6553 = CARTESIAN_POINT('',(27.87112251147,13.805917031651));
#6554 = CARTESIAN_POINT('',(26.457493789037,16.28427195595));
#6555 = CARTESIAN_POINT('',(25.909639629657,17.164963226008));
#6556 = CARTESIAN_POINT('',(25.328315005847,18.024532611598));
#6557 = CARTESIAN_POINT('',(24.714475163595,18.861498237848));
#6558 = CARTESIAN_POINT('',(24.069149790475,19.674434875628));
#6559 = CARTESIAN_POINT('',(23.393441851169,20.461973214552));
#6560 = CARTESIAN_POINT('',(22.688528601531,21.222800798572));
#6561 = CARTESIAN_POINT('',(21.955664781174,21.955664624154));
#6562 = ( GEOMETRIC_REPRESENTATION_CONTEXT(2) 
PARAMETRIC_REPRESENTATION_CONTEXT() REPRESENTATION_CONTEXT('2D SPACE',''
  ) );
#6563 = PCURVE('',#6564,#6857);
#6564 = B_SPLINE_SURFACE_WITH_KNOTS('',1,10,(
    (#6565,#6566,#6567,#6568,#6569,#6570,#6571,#6572,#6573,#6574,#6575
      ,#6576,#6577,#6578,#6579,#6580,#6581,#6582,#6583,#6584,#6585,#6586
      ,#6587,#6588,#6589,#6590,#6591,#6592,#6593,#6594,#6595,#6596,#6597
      ,#6598,#6599,#6600,#6601,#6602,#6603,#6604,#6605,#6606,#6607,#6608
      ,#6609,#6610,#6611,#6612,#6613,#6614,#6615,#6616,#6617,#6618,#6619
      ,#6620,#6621,#6622,#6623,#6624,#6625,#6626,#6627,#6628,#6629,#6630
      ,#6631,#6632,#6633,#6634,#6635,#6636,#6637,#6638,#6639,#6640,#6641
      ,#6642,#6643,#6644,#6645,#6646,#6647,#6648,#6649,#6650,#6651,#6652
      ,#6653,#6654,#6655,#6656,#6657,#6658,#6659,#6660,#6661,#6662,#6663
      ,#6664,#6665,#6666,#6667,#6668,#6669,#6670,#6671,#6672,#6673,#6674
      ,#6675,#6676,#6677,#6678,#6679,#6680,#6681,#6682,#6683,#6684,#6685
      ,#6686,#6687,#6688,#6689,#6690,#6691,#6692,#6693,#6694,#6695,#6696
      ,#6697,#6698,#6699,#6700,#6701,#6702,#6703,#6704,#6705,#6706,#6707
      ,#6708,#6709,#6710)
    ,(#6711,#6712,#6713,#6714,#6715,#6716,#6717,#6718,#6719,#6720,#6721
      ,#6722,#6723,#6724,#6725,#6726,#6727,#6728,#6729,#6730,#6731,#6732
      ,#6733,#6734,#6735,#6736,#6737,#6738,#6739,#6740,#6741,#6742,#6743
      ,#6744,#6745,#6746,#6747,#6748,#6749,#6750,#6751,#6752,#6753,#6754
      ,#6755,#6756,#6757,#6758,#6759,#6760,#6761,#6762,#6763,#6764,#6765
      ,#6766,#6767,#6768,#6769,#6770,#6771,#6772,#6773,#6774,#6775,#6776
      ,#6777,#6778,#6779,#6780,#6781,#6782,#6783,#6784,#6785,#6786,#6787
      ,#6788,#6789,#6790,#6791,#6792,#6793,#6794,#6795,#6796,#6797,#6798
      ,#6799,#6800,#6801,#6802,#6803,#6804,#6805,#6806,#6807,#6808,#6809
      ,#6810,#6811,#6812,#6813,#6814,#6815,#6816,#6817,#6818,#6819,#6820
      ,#6821,#6822,#6823,#6824,#6825,#6826,#6827,#6828,#6829,#6830,#6831
      ,#6832,#6833,#6834,#6835,#6836,#6837,#6838,#6839,#6840,#6841,#6842
      ,#6843,#6844,#6845,#6846,#6847,#6848,#6849,#6850,#6851,#6852,#6853
      ,#6854,#6855,#6856
    )),.UNSPECIFIED.,.F.,.F.,.F.,(2,2),(11,9,9,9,9,9,9,9,9,9,9,9,9,9,9,9
    ,11),(0.,0.25),(0.,4.771698848675,9.543397697351,14.315096546026,
    19.086795394702,23.858494243377,28.630193092053,33.401891940728,
    38.173590789404,42.945289638079,47.716988486755,52.48868733543,
    57.260386184106,62.032085032781,66.803783881457,71.575482730132,
    76.347181578808),.UNSPECIFIED.);
#6565 = CARTESIAN_POINT('',(31.049999932102,3.338524123819E-09,
    -2.125000002644));
#6566 = CARTESIAN_POINT('',(31.049999938207,14.631968121149,
    -2.049999966003));
#6567 = CARTESIAN_POINT('',(23.389315450691,29.264384478037,
    -1.975000105645));
#6568 = CARTESIAN_POINT('',(8.06240105859,39.380428662627,
    -1.899999821346));
#6569 = CARTESIAN_POINT('',(-11.8669687905,40.484040739697,
    -1.82500015255));
#6570 = CARTESIAN_POINT('',(-30.40308548962,30.403085604785,
    -1.749999989534));
#6571 = CARTESIAN_POINT('',(-40.48404081733,11.866968649341,
    -1.674999864787));
#6572 = CARTESIAN_POINT('',(-39.38042863187,-8.062400969126,
    -1.600000162324));
#6573 = CARTESIAN_POINT('',(-29.26438447853,-23.389315504,
    -1.524999903914));
#6574 = CARTESIAN_POINT('',(-14.63196811458,-31.04999992866,
    -1.450000026385));
#6575 = CARTESIAN_POINT('',(14.6319681212,-31.04999993689,
    -1.299999972333));
#6576 = CARTESIAN_POINT('',(29.264384477969,-23.38931545268,
    -1.225000095973));
#6577 = CARTESIAN_POINT('',(39.380428662693,-8.062401056123,
    -1.149999833332));
#6578 = CARTESIAN_POINT('',(40.48404073965,11.866968788011,-1.0750001404
    ));
#6579 = CARTESIAN_POINT('',(30.403085604809,30.403085491673,
    -0.999999999582));
#6580 = CARTESIAN_POINT('',(11.866968649332,40.484040815974,
    -0.924999858114));
#6581 = CARTESIAN_POINT('',(-8.062400969123,39.380428632575,
    -0.850000165754));
#6582 = CARTESIAN_POINT('',(-23.389315504,29.264384478279,
    -0.774999902672));
#6583 = CARTESIAN_POINT('',(-31.04999992866,14.631968114627,
    -0.700000026605));
#6584 = CARTESIAN_POINT('',(-31.04999993689,-14.63196812122,
    -0.549999972225));
#6585 = CARTESIAN_POINT('',(-23.38931545269,-29.26438447792,
    -0.475000096138));
#6586 = CARTESIAN_POINT('',(-8.062401056103,-39.38042866276,
    -0.399999833128));
#6587 = CARTESIAN_POINT('',(11.86696878798,-40.48404073955,
    -0.325000140607));
#6588 = CARTESIAN_POINT('',(30.403085491707,-30.4030856049,
    -0.249999999411));
#6589 = CARTESIAN_POINT('',(40.484040815949,-11.86696864925,
    -0.174999858227));
#6590 = CARTESIAN_POINT('',(39.380428632587,8.06240096908,
    -0.100000165696));
#6591 = CARTESIAN_POINT('',(29.264384478277,23.389315504018,
    -2.499990269324E-02));
#6592 = CARTESIAN_POINT('',(14.631968114626,31.049999928665,
    4.999997339895E-02));
#6593 = CARTESIAN_POINT('',(-14.63196812122,31.049999936899,
    0.200000027773));
#6594 = CARTESIAN_POINT('',(-29.26438447793,23.389315452687,
    0.274999903865));
#6595 = CARTESIAN_POINT('',(-39.38042866273,8.062401056124,
    0.350000166868));
#6596 = CARTESIAN_POINT('',(-40.4840407396,-11.86696878801,
    0.424999859397));
#6597 = CARTESIAN_POINT('',(-30.40308560485,-30.40308549167,
    0.500000000586));
#6598 = CARTESIAN_POINT('',(-11.86696864929,-40.48404081597,
    0.575000141776));
#6599 = CARTESIAN_POINT('',(8.062400969101,-39.38042863257,
    0.649999834303));
#6600 = CARTESIAN_POINT('',(23.389315504012,-29.26438447828,
    0.725000097307));
#6601 = CARTESIAN_POINT('',(31.049999928665,-14.63196811462,
    0.799999973399));
#6602 = CARTESIAN_POINT('',(31.049999936899,14.631968121224,
    0.950000027773));
#6603 = CARTESIAN_POINT('',(23.389315452688,29.264384477926,
    1.024999903865));
#6604 = CARTESIAN_POINT('',(8.062401056124,39.380428662758,
    1.100000166869));
#6605 = CARTESIAN_POINT('',(-11.86696878801,40.484040739573,
    1.174999859396));
#6606 = CARTESIAN_POINT('',(-30.40308549166,30.403085604879,
    1.250000000587));
#6607 = CARTESIAN_POINT('',(-40.48404081598,11.866968649285,
    1.325000141774));
#6608 = CARTESIAN_POINT('',(-39.38042863257,-8.062400969098,
    1.399999834304));
#6609 = CARTESIAN_POINT('',(-29.26438447828,-23.38931550401,
    1.475000097307));
#6610 = CARTESIAN_POINT('',(-14.63196811462,-31.04999992866,
    1.549999973399));
#6611 = CARTESIAN_POINT('',(14.63196812122,-31.04999993689,
    1.700000027773));
#6612 = CARTESIAN_POINT('',(29.264384477948,-23.38931545268,
    1.774999903866));
#6613 = CARTESIAN_POINT('',(39.380428662701,-8.062401056114,
    1.850000166866));
#6614 = CARTESIAN_POINT('',(40.484040739662,11.86696878799,
    1.924999859401));
#6615 = CARTESIAN_POINT('',(30.403085604784,30.403085491705,
    2.00000000058));
#6616 = CARTESIAN_POINT('',(11.866968649358,40.484040815942,
    2.07500014178));
#6617 = CARTESIAN_POINT('',(-8.062400969138,39.380428632597,
    2.149999834301));
#6618 = CARTESIAN_POINT('',(-23.38931550399,29.264384478269,
    2.225000097308));
#6619 = CARTESIAN_POINT('',(-31.04999992866,14.63196811463,
    2.299999973399));
#6620 = CARTESIAN_POINT('',(-31.04999993689,-14.63196812122,
    2.450000027773));
#6621 = CARTESIAN_POINT('',(-23.38931545269,-29.2643844779,
    2.524999903863));
#6622 = CARTESIAN_POINT('',(-8.062401056112,-39.3804286628,
    2.600000166872));
#6623 = CARTESIAN_POINT('',(11.866968787994,-40.4840407395,
    2.674999859391));
#6624 = CARTESIAN_POINT('',(30.403085491692,-30.40308560496,
    2.750000000592));
#6625 = CARTESIAN_POINT('',(40.48404081596,-11.86696864922,
    2.825000141771));
#6626 = CARTESIAN_POINT('',(39.380428632582,8.062400969063,
    2.899999834306));
#6627 = CARTESIAN_POINT('',(29.264384478277,23.389315504023,
    2.975000097306));
#6628 = CARTESIAN_POINT('',(14.631968114626,31.049999928664,
    3.049999973399));
#6629 = CARTESIAN_POINT('',(-14.63196812122,31.049999936899,
    3.200000027773));
#6630 = CARTESIAN_POINT('',(-29.26438447793,23.389315452687,
    3.274999903865));
#6631 = CARTESIAN_POINT('',(-39.38042866273,8.062401056118,
    3.350000166867));
#6632 = CARTESIAN_POINT('',(-40.4840407396,-11.86696878799,
    3.424999859399));
#6633 = CARTESIAN_POINT('',(-30.40308560484,-30.40308549169,
    3.500000000583));
#6634 = CARTESIAN_POINT('',(-11.8669686493,-40.48404081595,
    3.575000141778));
#6635 = CARTESIAN_POINT('',(8.062400969109,-39.38042863258,
    3.649999834302));
#6636 = CARTESIAN_POINT('',(23.389315504007,-29.26438447827,
    3.725000097308));
#6637 = CARTESIAN_POINT('',(31.049999928667,-14.63196811462,
    3.799999973399));
#6638 = CARTESIAN_POINT('',(31.049999936895,14.631968121227,
    3.950000027773));
#6639 = CARTESIAN_POINT('',(23.389315452704,29.264384477906,
    4.024999903863));
#6640 = CARTESIAN_POINT('',(8.062401056085,39.380428662809,
    4.100000166873));
#6641 = CARTESIAN_POINT('',(-11.86696878795,40.484040739485,
    4.17499985939));
#6642 = CARTESIAN_POINT('',(-30.40308549172,30.403085604987,
    4.250000000593));
#6643 = CARTESIAN_POINT('',(-40.48404081593,11.866968649193,
    4.32500014177));
#6644 = CARTESIAN_POINT('',(-39.38042863259,-8.062400969045,
    4.399999834306));
#6645 = CARTESIAN_POINT('',(-29.26438447827,-23.38931550403,
    4.475000097307));
#6646 = CARTESIAN_POINT('',(-14.63196811462,-31.04999992866,
    4.549999973399));
#6647 = CARTESIAN_POINT('',(14.631968121227,-31.04999993689,
    4.700000027773));
#6648 = CARTESIAN_POINT('',(29.264384477912,-23.38931545269,
    4.774999903864));
#6649 = CARTESIAN_POINT('',(39.38042866279,-8.062401056107,
    4.850000166872));
#6650 = CARTESIAN_POINT('',(40.484040739521,11.866968787985,
    4.924999859389));
#6651 = CARTESIAN_POINT('',(30.403085604942,30.4030854917,5.000000000595
    ));
#6652 = CARTESIAN_POINT('',(11.866968649229,40.484040815953,
    5.075000141769));
#6653 = CARTESIAN_POINT('',(-8.062400969065,39.380428632587,
    5.149999834306));
#6654 = CARTESIAN_POINT('',(-23.38931550402,29.264384478275,
    5.225000097306));
#6655 = CARTESIAN_POINT('',(-31.04999992866,14.631968114628,
    5.299999973399));
#6656 = CARTESIAN_POINT('',(-31.04999993689,-14.63196812122,
    5.450000027773));
#6657 = CARTESIAN_POINT('',(-23.38931545268,-29.26438447792,
    5.524999903865));
#6658 = CARTESIAN_POINT('',(-8.062401056122,-39.38042866275,
    5.600000166868));
#6659 = CARTESIAN_POINT('',(11.866968788012,-40.48404073957,
    5.674999859398));
#6660 = CARTESIAN_POINT('',(30.403085491665,-30.40308560488,
    5.750000000585));
#6661 = CARTESIAN_POINT('',(40.484040815989,-11.86696864927,
    5.825000141776));
#6662 = CARTESIAN_POINT('',(39.380428632561,8.062400969089,
    5.899999834303));
#6663 = CARTESIAN_POINT('',(29.264384478288,23.389315504016,
    5.975000097307));
#6664 = CARTESIAN_POINT('',(14.631968114623,31.049999928664,
    6.049999973399));
#6665 = CARTESIAN_POINT('',(-14.63196812121,31.0499999369,6.200000027773
    ));
#6666 = CARTESIAN_POINT('',(-29.26438447795,23.389315452684,
    6.274999903867));
#6667 = CARTESIAN_POINT('',(-39.38042866268,8.062401056127,
    6.350000166861));
#6668 = CARTESIAN_POINT('',(-40.48404073969,-11.86696878801,
    6.42499985941));
#6669 = CARTESIAN_POINT('',(-30.40308560475,-30.40308549167,
    6.500000000571));
#6670 = CARTESIAN_POINT('',(-11.86696864937,-40.48404081597,
    6.575000141786));
#6671 = CARTESIAN_POINT('',(8.062400969143,-39.38042863258,
    6.649999834298));
#6672 = CARTESIAN_POINT('',(23.389315503997,-29.26438447827,
    6.725000097308));
#6673 = CARTESIAN_POINT('',(31.049999928668,-14.63196811462,
    6.799999973399));
#6674 = CARTESIAN_POINT('',(31.049999936897,14.631968121224,
    6.950000027773));
#6675 = CARTESIAN_POINT('',(23.389315452692,29.264384477929,
    7.024999903864));
#6676 = CARTESIAN_POINT('',(8.062401056114,39.380428662747,7.10000016687
    ));
#6677 = CARTESIAN_POINT('',(-11.866968788,40.484040739591,7.174999859395
    ));
#6678 = CARTESIAN_POINT('',(-30.40308549167,30.403085604864,
    7.250000000588));
#6679 = CARTESIAN_POINT('',(-40.48404081598,11.866968649288,
    7.325000141774));
#6680 = CARTESIAN_POINT('',(-39.38042863256,-8.062400969095,
    7.399999834304));
#6681 = CARTESIAN_POINT('',(-29.26438447828,-23.38931550401,
    7.475000097307));
#6682 = CARTESIAN_POINT('',(-14.63196811462,-31.04999992866,
    7.549999973399));
#6683 = CARTESIAN_POINT('',(14.63196812122,-31.0499999369,7.700000027773
    ));
#6684 = CARTESIAN_POINT('',(29.264384477949,-23.38931545268,
    7.774999903867));
#6685 = CARTESIAN_POINT('',(39.380428662699,-8.062401056129,
    7.850000166861));
#6686 = CARTESIAN_POINT('',(40.484040739665,11.866968788022,
    7.92499985941));
#6687 = CARTESIAN_POINT('',(30.403085604785,30.403085491657,
    8.000000000571));
#6688 = CARTESIAN_POINT('',(11.86696864935,40.484040815993,
    8.075000141787));
#6689 = CARTESIAN_POINT('',(-8.062400969132,39.380428632562,
    8.149999834297));
#6690 = CARTESIAN_POINT('',(-23.38931550399,29.264384478284,
    8.22500009731));
#6691 = CARTESIAN_POINT('',(-31.04999992866,14.631968114626,
    8.299999973397));
#6692 = CARTESIAN_POINT('',(-31.04999993689,-14.63196812122,
    8.450000027777));
#6693 = CARTESIAN_POINT('',(-23.38931545269,-29.26438447793,
    8.524999903844));
#6694 = CARTESIAN_POINT('',(-8.062401056099,-39.38042866274,
    8.600000166926));
#6695 = CARTESIAN_POINT('',(11.866968787974,-40.48404073959,
    8.674999859288));
#6696 = CARTESIAN_POINT('',(30.403085491717,-30.40308560485,
    8.750000000749));
#6697 = CARTESIAN_POINT('',(40.484040815929,-11.86696864929,
    8.825000141578));
#6698 = CARTESIAN_POINT('',(39.380428632618,8.062400969101,8.8999998345)
  );
#6699 = CARTESIAN_POINT('',(29.264384478244,23.38931550401,
    8.975000097146));
#6700 = CARTESIAN_POINT('',(14.631968114651,31.049999928667,
    9.049999973505));
#6701 = CARTESIAN_POINT('',(-14.63196812127,31.049999936896,
    9.200000027557));
#6702 = CARTESIAN_POINT('',(-29.26438447765,23.389315452698,
    9.274999905084));
#6703 = CARTESIAN_POINT('',(-39.38042866351,8.062401056092,
    9.350000163502));
#6704 = CARTESIAN_POINT('',(-40.48404073811,-11.86696878795,
    9.42499986595));
#6705 = CARTESIAN_POINT('',(-30.40308560706,-30.40308549174,
    9.499999990715));
#6706 = CARTESIAN_POINT('',(-11.86696864666,-40.4840408159,
    9.575000153716));
#6707 = CARTESIAN_POINT('',(8.062400966547,-39.38042863262,9.64999982252
    ));
#6708 = CARTESIAN_POINT('',(23.389315506053,-29.26438447825,
    9.725000106817));
#6709 = CARTESIAN_POINT('',(31.049999927339,-14.63196811463,
    9.799999967174));
#6710 = CARTESIAN_POINT('',(31.049999933468,3.304555893686E-09,
    9.875000003816));
#6711 = CARTESIAN_POINT('',(31.049999933369,3.33099237082E-09,
    -1.875000002644));
#6712 = CARTESIAN_POINT('',(31.049999924117,14.631968121231,
    -1.799999966003));
#6713 = CARTESIAN_POINT('',(23.389315499705,29.264384483155,
    -1.725000105645));
#6714 = CARTESIAN_POINT('',(8.062400958149,39.380428634224,
    -1.649999821346));
#6715 = CARTESIAN_POINT('',(-11.86696865535,40.484040813243,
    -1.57500015255));
#6716 = CARTESIAN_POINT('',(-30.40308561337,30.403085485146,
    -1.499999989534));
#6717 = CARTESIAN_POINT('',(-40.48404074059,11.866968779272,
    -1.424999864787));
#6718 = CARTESIAN_POINT('',(-39.38042866162,-8.062401064487,
    -1.350000162325));
#6719 = CARTESIAN_POINT('',(-29.26438447257,-23.38931545887,
    -1.274999903914));
#6720 = CARTESIAN_POINT('',(-14.63196811458,-31.04999993992,
    -1.200000026385));
#6721 = CARTESIAN_POINT('',(14.631968121238,-31.04999992544,
    -1.049999972333));
#6722 = CARTESIAN_POINT('',(29.264384483154,-23.38931549768,
    -0.975000095973));
#6723 = CARTESIAN_POINT('',(39.38042863421,-8.062400960664,
    -0.899999833332));
#6724 = CARTESIAN_POINT('',(40.484040813275,11.866968657913,
    -0.8250001404));
#6725 = CARTESIAN_POINT('',(30.403085485106,30.403085611261,
    -0.749999999582));
#6726 = CARTESIAN_POINT('',(11.866968779305,40.484040741999,
    -0.674999858114));
#6727 = CARTESIAN_POINT('',(-8.062401064506,39.380428660899,
    -0.600000165754));
#6728 = CARTESIAN_POINT('',(-23.38931545886,29.264384472838,
    -0.524999902672));
#6729 = CARTESIAN_POINT('',(-31.04999993992,14.631968114542,
    -0.450000026605));
#6730 = CARTESIAN_POINT('',(-31.04999992543,-14.63196812121,
    -0.299999972225));
#6731 = CARTESIAN_POINT('',(-23.38931549768,-29.26438448317,
    -0.225000096138));
#6732 = CARTESIAN_POINT('',(-8.062400960646,-39.38042863419,
    -0.149999833128));
#6733 = CARTESIAN_POINT('',(11.866968657885,-40.48404081326,
    -7.500014060694E-02));
#6734 = CARTESIAN_POINT('',(30.403085611288,-30.40308548513,
    5.888846236172E-10));
#6735 = CARTESIAN_POINT('',(40.484040741981,-11.86696877927,
    7.500014177336E-02));
#6736 = CARTESIAN_POINT('',(39.380428660905,8.062401064486,
    0.149999834304));
#6737 = CARTESIAN_POINT('',(29.264384472838,23.389315458877,
    0.225000097307));
#6738 = CARTESIAN_POINT('',(14.631968114541,31.049999939926,
    0.299999973399));
#6739 = CARTESIAN_POINT('',(-14.63196812121,31.049999925441,
    0.450000027773));
#6740 = CARTESIAN_POINT('',(-29.26438448319,23.389315497679,
    0.524999903865));
#6741 = CARTESIAN_POINT('',(-39.38042863416,8.062400960667,
    0.600000166868));
#6742 = CARTESIAN_POINT('',(-40.48404081331,-11.86696865791,
    0.674999859397));
#6743 = CARTESIAN_POINT('',(-30.40308548507,-30.40308561125,
    0.750000000585));
#6744 = CARTESIAN_POINT('',(-11.86696877932,-40.48404074201,
    0.825000141776));
#6745 = CARTESIAN_POINT('',(8.06240106451,-39.38042866089,0.899999834303
    ));
#6746 = CARTESIAN_POINT('',(23.38931545887,-29.26438447284,
    0.975000097307));
#6747 = CARTESIAN_POINT('',(31.049999939926,-14.63196811454,
    1.049999973399));
#6748 = CARTESIAN_POINT('',(31.04999992544,14.631968121216,
    1.200000027773));
#6749 = CARTESIAN_POINT('',(23.389315497681,29.264384483179,
    1.274999903865));
#6750 = CARTESIAN_POINT('',(8.062400960666,39.380428634189,
    1.350000166869));
#6751 = CARTESIAN_POINT('',(-11.86696865792,40.484040813285,
    1.424999859396));
#6752 = CARTESIAN_POINT('',(-30.40308561124,30.403085485104,
    1.500000000587));
#6753 = CARTESIAN_POINT('',(-40.48404074201,11.866968779305,
    1.575000141774));
#6754 = CARTESIAN_POINT('',(-39.38042866088,-8.062401064505,
    1.649999834304));
#6755 = CARTESIAN_POINT('',(-29.26438447284,-23.38931545887,
    1.725000097307));
#6756 = CARTESIAN_POINT('',(-14.63196811454,-31.04999993992,
    1.799999973399));
#6757 = CARTESIAN_POINT('',(14.631968121213,-31.04999992544,
    1.950000027773));
#6758 = CARTESIAN_POINT('',(29.264384483202,-23.38931549768,
    2.024999903866));
#6759 = CARTESIAN_POINT('',(39.380428634132,-8.062400960652,
    2.100000166866));
#6760 = CARTESIAN_POINT('',(40.484040813373,11.866968657889,
    2.174999859401));
#6761 = CARTESIAN_POINT('',(30.40308548501,30.403085611293,
    2.250000000581));
#6762 = CARTESIAN_POINT('',(11.866968779377,40.484040741968,
    2.32500014178));
#6763 = CARTESIAN_POINT('',(-8.062401064544,39.38042866092,
    2.399999834301));
#6764 = CARTESIAN_POINT('',(-23.38931545885,29.264384472828,
    2.475000097308));
#6765 = CARTESIAN_POINT('',(-31.04999993992,14.631968114544,
    2.549999973399));
#6766 = CARTESIAN_POINT('',(-31.04999992543,-14.63196812122,
    2.700000027773));
#6767 = CARTESIAN_POINT('',(-23.38931549768,-29.26438448315,
    2.774999903863));
#6768 = CARTESIAN_POINT('',(-8.062400960659,-39.38042863423,
    2.850000166872));
#6769 = CARTESIAN_POINT('',(11.866968657906,-40.48404081321,
    2.924999859391));
#6770 = CARTESIAN_POINT('',(30.403085611266,-30.40308548518,
    3.000000000592));
#6771 = CARTESIAN_POINT('',(40.484040741997,-11.86696877924,
    3.075000141771));
#6772 = CARTESIAN_POINT('',(39.380428660899,8.06240106447,3.149999834306
    ));
#6773 = CARTESIAN_POINT('',(29.264384472839,23.389315458882,
    3.225000097306));
#6774 = CARTESIAN_POINT('',(14.631968114541,31.049999939925,
    3.299999973399));
#6775 = CARTESIAN_POINT('',(-14.63196812121,31.049999925441,
    3.450000027773));
#6776 = CARTESIAN_POINT('',(-29.26438448318,23.38931549768,
    3.524999903865));
#6777 = CARTESIAN_POINT('',(-39.38042863416,8.062400960659,
    3.600000166867));
#6778 = CARTESIAN_POINT('',(-40.48404081331,-11.8669686579,
    3.674999859399));
#6779 = CARTESIAN_POINT('',(-30.40308548507,-30.40308561127,
    3.750000000583));
#6780 = CARTESIAN_POINT('',(-11.86696877932,-40.48404074198,
    3.825000141778));
#6781 = CARTESIAN_POINT('',(8.062401064515,-39.3804286609,3.899999834302
    ));
#6782 = CARTESIAN_POINT('',(23.389315458866,-29.26438447283,
    3.975000097308));
#6783 = CARTESIAN_POINT('',(31.049999939928,-14.63196811454,
    4.049999973399));
#6784 = CARTESIAN_POINT('',(31.049999925437,14.63196812122,
    4.200000027773));
#6785 = CARTESIAN_POINT('',(23.389315497697,29.26438448316,
    4.274999903863));
#6786 = CARTESIAN_POINT('',(8.062400960627,39.380428634239,
    4.350000166872));
#6787 = CARTESIAN_POINT('',(-11.86696865785,40.484040813198,
    4.424999859391));
#6788 = CARTESIAN_POINT('',(-30.40308561131,30.40308548521,
    4.500000000592));
#6789 = CARTESIAN_POINT('',(-40.48404074196,11.866968779215,
    4.575000141771));
#6790 = CARTESIAN_POINT('',(-39.38042866091,-8.062401064453,
    4.649999834305));
#6791 = CARTESIAN_POINT('',(-29.26438447283,-23.38931545888,
    4.725000097307));
#6792 = CARTESIAN_POINT('',(-14.63196811454,-31.04999993992,
    4.799999973399));
#6793 = CARTESIAN_POINT('',(14.631968121219,-31.04999992544,
    4.950000027773));
#6794 = CARTESIAN_POINT('',(29.264384483166,-23.38931549768,
    5.024999903864));
#6795 = CARTESIAN_POINT('',(39.380428634219,-8.062400960654,
    5.100000166873));
#6796 = CARTESIAN_POINT('',(40.484040813235,11.866968657898,
    5.174999859388));
#6797 = CARTESIAN_POINT('',(30.403085485164,30.403085611274,
    5.250000000596));
#6798 = CARTESIAN_POINT('',(11.866968779253,40.484040741991,
    5.325000141767));
#6799 = CARTESIAN_POINT('',(-8.062401064474,39.380428660903,
    5.399999834307));
#6800 = CARTESIAN_POINT('',(-23.38931545888,29.264384472837,
    5.475000097306));
#6801 = CARTESIAN_POINT('',(-31.04999993992,14.631968114542,
    5.549999973399));
#6802 = CARTESIAN_POINT('',(-31.04999992544,-14.63196812121,
    5.700000027773));
#6803 = CARTESIAN_POINT('',(-23.38931549768,-29.26438448318,
    5.774999903866));
#6804 = CARTESIAN_POINT('',(-8.062400960662,-39.38042863418,
    5.850000166867));
#6805 = CARTESIAN_POINT('',(11.866968657914,-40.48404081328,
    5.924999859399));
#6806 = CARTESIAN_POINT('',(30.40308561125,-30.4030854851,6.000000000583
    ));
#6807 = CARTESIAN_POINT('',(40.484040742017,-11.8669687793,
    6.075000141777));
#6808 = CARTESIAN_POINT('',(39.380428660882,8.062401064499,
    6.149999834302));
#6809 = CARTESIAN_POINT('',(29.264384472848,23.389315458873,
    6.225000097307));
#6810 = CARTESIAN_POINT('',(14.631968114538,31.049999939926,
    6.299999973399));
#6811 = CARTESIAN_POINT('',(-14.63196812121,31.049999925441,
    6.450000027773));
#6812 = CARTESIAN_POINT('',(-29.26438448321,23.389315497679,
    6.524999903867));
#6813 = CARTESIAN_POINT('',(-39.38042863411,8.062400960666,
    6.600000166861));
#6814 = CARTESIAN_POINT('',(-40.4840408134,-11.86696865791,6.67499985941
    ));
#6815 = CARTESIAN_POINT('',(-30.40308548498,-30.40308561125,
    6.750000000571));
#6816 = CARTESIAN_POINT('',(-11.86696877939,-40.484040742,6.825000141787
    ));
#6817 = CARTESIAN_POINT('',(8.062401064546,-39.38042866089,
    6.899999834298));
#6818 = CARTESIAN_POINT('',(23.389315458857,-29.26438447283,
    6.975000097309));
#6819 = CARTESIAN_POINT('',(31.049999939929,-14.63196811454,
    7.049999973399));
#6820 = CARTESIAN_POINT('',(31.049999925439,14.631968121216,
    7.200000027773));
#6821 = CARTESIAN_POINT('',(23.389315497685,29.264384483184,
    7.274999903864));
#6822 = CARTESIAN_POINT('',(8.062400960655,39.380428634175,7.35000016687
    ));
#6823 = CARTESIAN_POINT('',(-11.8669686579,40.484040813307,
    7.424999859395));
#6824 = CARTESIAN_POINT('',(-30.40308561125,30.403085485085,
    7.500000000587));
#6825 = CARTESIAN_POINT('',(-40.48404074201,11.866968779312,
    7.575000141775));
#6826 = CARTESIAN_POINT('',(-39.38042866088,-8.062401064504,
    7.649999834304));
#6827 = CARTESIAN_POINT('',(-29.26438447284,-23.38931545887,
    7.725000097307));
#6828 = CARTESIAN_POINT('',(-14.63196811453,-31.04999993992,
    7.799999973399));
#6829 = CARTESIAN_POINT('',(14.631968121213,-31.04999992544,
    7.950000027773));
#6830 = CARTESIAN_POINT('',(29.264384483202,-23.38931549767,
    8.024999903867));
#6831 = CARTESIAN_POINT('',(39.380428634132,-8.062400960666,
    8.100000166861));
#6832 = CARTESIAN_POINT('',(40.484040813372,11.866968657919,
    8.17499985941));
#6833 = CARTESIAN_POINT('',(30.403085485016,30.403085611247,
    8.250000000571));
#6834 = CARTESIAN_POINT('',(11.866968779364,40.484040742017,
    8.325000141787));
#6835 = CARTESIAN_POINT('',(-8.062401064535,39.380428660885,
    8.399999834297));
#6836 = CARTESIAN_POINT('',(-23.38931545886,29.264384472843,
    8.47500009731));
#6837 = CARTESIAN_POINT('',(-31.04999993992,14.631968114541,
    8.549999973397));
#6838 = CARTESIAN_POINT('',(-31.04999992543,-14.63196812121,
    8.700000027777));
#6839 = CARTESIAN_POINT('',(-23.38931549768,-29.26438448318,
    8.774999903844));
#6840 = CARTESIAN_POINT('',(-8.062400960661,-39.38042863417,
    8.850000166924));
#6841 = CARTESIAN_POINT('',(11.866968657919,-40.48404081331,
    8.92499985929));
#6842 = CARTESIAN_POINT('',(30.403085611235,-30.40308548508,
    9.000000000746));
#6843 = CARTESIAN_POINT('',(40.484040742041,-11.86696877931,
    9.07500014158));
#6844 = CARTESIAN_POINT('',(39.380428660855,8.062401064504,
    9.149999834499));
#6845 = CARTESIAN_POINT('',(29.264384472872,23.389315458871,
    9.225000097147));
#6846 = CARTESIAN_POINT('',(14.63196811452,31.049999939926,
    9.299999973505));
#6847 = CARTESIAN_POINT('',(-14.63196812117,31.049999925441,
    9.450000027557));
#6848 = CARTESIAN_POINT('',(-29.26438448342,23.389315497673,
    9.524999905085));
#6849 = CARTESIAN_POINT('',(-39.38042863351,8.062400960683,
    9.600000163501));
#6850 = CARTESIAN_POINT('',(-40.4840408146,-11.86696865795,
    9.674999865952));
#6851 = CARTESIAN_POINT('',(-30.4030854831,-30.40308561118,
    9.749999990713));
#6852 = CARTESIAN_POINT('',(-11.86696878174,-40.4840407421,
    9.825000153718));
#6853 = CARTESIAN_POINT('',(8.062401066938,-39.38042866077,
    9.899999822519));
#6854 = CARTESIAN_POINT('',(23.38931545689,-29.26438447294,
    9.975000106818));
#6855 = CARTESIAN_POINT('',(31.049999941232,-14.63196811446,
    10.049999967174));
#6856 = CARTESIAN_POINT('',(31.049999932004,3.297020587973E-09,
    10.125000003816));
#6857 = DEFINITIONAL_REPRESENTATION('',(#6858),#6903);
#6858 = B_SPLINE_CURVE_WITH_KNOTS('',8,(#6859,#6860,#6861,#6862,#6863,
    #6864,#6865,#6866,#6867,#6868,#6869,#6870,#6871,#6872,#6873,#6874,
    #6875,#6876,#6877,#6878,#6879,#6880,#6881,#6882,#6883,#6884,#6885,
    #6886,#6887,#6888,#6889,#6890,#6891,#6892,#6893,#6894,#6895,#6896,
    #6897,#6898,#6899,#6900,#6901,#6902),.UNSPECIFIED.,.F.,.F.,(9,7,7,7,
    7,7,9),(0.,5.70030906135E-02,9.600519962558E-02,0.125006764343,
    0.531984564142,0.82999153887,1.),.UNSPECIFIED.);
#6859 = CARTESIAN_POINT('',(0.25,62.82736817654));
#6860 = CARTESIAN_POINT('',(0.248218750232,62.838700959573));
#6861 = CARTESIAN_POINT('',(0.246437500362,62.850033743228));
#6862 = CARTESIAN_POINT('',(0.244656250408,62.861366527407));
#6863 = CARTESIAN_POINT('',(0.242875000386,62.872699312));
#6864 = CARTESIAN_POINT('',(0.241093750314,62.884032096896));
#6865 = CARTESIAN_POINT('',(0.239312500212,62.895364881974));
#6866 = CARTESIAN_POINT('',(0.2375312501,62.906697667109));
#6867 = CARTESIAN_POINT('',(0.234531250105,62.925784461883));
#6868 = CARTESIAN_POINT('',(0.233312500175,62.933538471828));
#6869 = CARTESIAN_POINT('',(0.23209375021,62.941292481987));
#6870 = CARTESIAN_POINT('',(0.230875000215,62.94904649234));
#6871 = CARTESIAN_POINT('',(0.229656250192,62.956800502866));
#6872 = CARTESIAN_POINT('',(0.228437500146,62.964554513541));
#6873 = CARTESIAN_POINT('',(0.22721875008,62.972308524342));
#6874 = CARTESIAN_POINT('',(0.225093750049,62.985828337518));
#6875 = CARTESIAN_POINT('',(0.224187500082,62.9915941399));
#6876 = CARTESIAN_POINT('',(0.223281250099,62.997359942381));
#6877 = CARTESIAN_POINT('',(0.222375000103,63.003125744954));
#6878 = CARTESIAN_POINT('',(0.221468750093,63.008891547611));
#6879 = CARTESIAN_POINT('',(0.220562500072,63.014657350343));
#6880 = CARTESIAN_POINT('',(0.21965625004,63.020423153144));
#6881 = CARTESIAN_POINT('',(0.206032629359,63.107100237326));
#6882 = CARTESIAN_POINT('',(0.19331159455,63.188034831399));
#6883 = CARTESIAN_POINT('',(0.180592457249,63.268957353883));
#6884 = CARTESIAN_POINT('',(0.167874958364,63.349869453428));
#6885 = CARTESIAN_POINT('',(0.155157466532,63.430781509052));
#6886 = CARTESIAN_POINT('',(0.14243834891,63.511703909012));
#6887 = CARTESIAN_POINT('',(0.129717341612,63.592638331867));
#6888 = CARTESIAN_POINT('',(0.107687805334,63.732796085246));
#6889 = CARTESIAN_POINT('',(9.837484234426E-02,63.792047626131));
#6890 = CARTESIAN_POINT('',(8.90622213281E-02,63.851296991152));
#6891 = CARTESIAN_POINT('',(7.975002589492E-02,63.910543648256));
#6892 = CARTESIAN_POINT('',(7.043782661925E-02,63.969790329493));
#6893 = CARTESIAN_POINT('',(6.112519459658E-02,64.029039763641));
#6894 = CARTESIAN_POINT('',(5.18122149092E-02,64.088291409402));
#6895 = CARTESIAN_POINT('',(3.718752257565E-02,64.181337578787));
#6896 = CARTESIAN_POINT('',(3.187499600174E-02,64.215137281022));
#6897 = CARTESIAN_POINT('',(2.656248913749E-02,64.248936857778));
#6898 = CARTESIAN_POINT('',(2.125000746412E-02,64.282736274195));
#6899 = CARTESIAN_POINT('',(1.593752479827E-02,64.316535696874));
#6900 = CARTESIAN_POINT('',(1.062501500404E-02,64.350335292114));
#6901 = CARTESIAN_POINT('',(5.312483705561E-03,64.384135024152));
#6902 = CARTESIAN_POINT('',(0.,64.417934453391));
#6903 = ( GEOMETRIC_REPRESENTATION_CONTEXT(2) 
PARAMETRIC_REPRESENTATION_CONTEXT() REPRESENTATION_CONTEXT('2D SPACE',''
  ) );
#6904 = ORIENTED_EDGE('',*,*,#6905,.F.);
#6905 = EDGE_CURVE('',#6065,#6467,#6906,.T.);
#6906 = SURFACE_CURVE('',#6907,(#6935,#6966),.PCURVE_S1.);
#6907 = B_SPLINE_CURVE_WITH_KNOTS('',6,(#6908,#6909,#6910,#6911,#6912,
    #6913,#6914,#6915,#6916,#6917,#6918,#6919,#6920,#6921,#6922,#6923,
    #6924,#6925,#6926,#6927,#6928,#6929,#6930,#6931,#6932,#6933,#6934),
  .UNSPECIFIED.,.F.,.F.,(7,5,5,5,5,7),(0.,0.242765801903,0.4919790638,
    0.617156170935,0.743716256205,1.),.UNSPECIFIED.);
#6908 = CARTESIAN_POINT('',(-28.00162389495,-11.59865681465,8.));
#6909 = CARTESIAN_POINT('',(-27.09698326629,-13.8619713302,8.));
#6910 = CARTESIAN_POINT('',(-25.97379002811,-16.03826747371,8.));
#6911 = CARTESIAN_POINT('',(-24.64306686475,-18.10063419956,8.));
#6912 = CARTESIAN_POINT('',(-23.11996959126,-20.02523274839,8.));
#6913 = CARTESIAN_POINT('',(-21.42267953382,-21.7905875383,8.));
#6914 = CARTESIAN_POINT('',(-17.67483812993,-25.0082066281,8.));
#6915 = CARTESIAN_POINT('',(-15.61557901418,-26.45135899949,8.));
#6916 = CARTESIAN_POINT('',(-13.41931332498,-27.6876949587,8.));
#6917 = CARTESIAN_POINT('',(-11.11225090353,-28.7022225566,8.));
#6918 = CARTESIAN_POINT('',(-8.722301346367,-29.48373503127,8.));
#6919 = CARTESIAN_POINT('',(-5.052678807197,-30.29844774767,8.));
#6920 = CARTESIAN_POINT('',(-3.812338276228,-30.51051977528,8.));
#6921 = CARTESIAN_POINT('',(-2.562333439852,-30.66148333784,8.));
#6922 = CARTESIAN_POINT('',(-1.306426948046,-30.7508697694,8.));
#6923 = CARTESIAN_POINT('',(-4.83965731501E-02,-30.77852696695,8.));
#6924 = CARTESIAN_POINT('',(2.478195839275,-30.71029648042,8.));
#6925 = CARTESIAN_POINT('',(3.746744915431,-30.61303998309,8.));
#6926 = CARTESIAN_POINT('',(5.009681843254,-30.45297807159,8.));
#6927 = CARTESIAN_POINT('',(6.263142757242,-30.23058996734,8.));
#6928 = CARTESIAN_POINT('',(7.503321273748,-29.94665802454,8.));
#6929 = CARTESIAN_POINT('',(11.203349084693,-28.90494096143,8.));
#6930 = CARTESIAN_POINT('',(13.610811539812,-27.9596458568,8.));
#6931 = CARTESIAN_POINT('',(15.91710882451,-26.77561539827,8.));
#6932 = CARTESIAN_POINT('',(18.09363119262,-25.36730156944,8.));
#6933 = CARTESIAN_POINT('',(20.11415559789,-23.75291138919,8.));
#6934 = CARTESIAN_POINT('',(21.955655889599,-21.95565455399,8.));
#6935 = PCURVE('',#463,#6936);
#6936 = DEFINITIONAL_REPRESENTATION('',(#6937),#6965);
#6937 = B_SPLINE_CURVE_WITH_KNOTS('',6,(#6938,#6939,#6940,#6941,#6942,
    #6943,#6944,#6945,#6946,#6947,#6948,#6949,#6950,#6951,#6952,#6953,
    #6954,#6955,#6956,#6957,#6958,#6959,#6960,#6961,#6962,#6963,#6964),
  .UNSPECIFIED.,.F.,.F.,(7,5,5,5,5,7),(0.,0.242765801903,0.4919790638,
    0.617156170935,0.743716256205,1.),.UNSPECIFIED.);
#6938 = CARTESIAN_POINT('',(-28.00162389495,-11.59865681465));
#6939 = CARTESIAN_POINT('',(-27.09698326629,-13.8619713302));
#6940 = CARTESIAN_POINT('',(-25.97379002811,-16.03826747371));
#6941 = CARTESIAN_POINT('',(-24.64306686475,-18.10063419956));
#6942 = CARTESIAN_POINT('',(-23.11996959126,-20.02523274839));
#6943 = CARTESIAN_POINT('',(-21.42267953382,-21.7905875383));
#6944 = CARTESIAN_POINT('',(-17.67483812993,-25.0082066281));
#6945 = CARTESIAN_POINT('',(-15.61557901418,-26.45135899949));
#6946 = CARTESIAN_POINT('',(-13.41931332498,-27.6876949587));
#6947 = CARTESIAN_POINT('',(-11.11225090353,-28.7022225566));
#6948 = CARTESIAN_POINT('',(-8.722301346367,-29.48373503127));
#6949 = CARTESIAN_POINT('',(-5.052678807197,-30.29844774767));
#6950 = CARTESIAN_POINT('',(-3.812338276228,-30.51051977528));
#6951 = CARTESIAN_POINT('',(-2.562333439852,-30.66148333784));
#6952 = CARTESIAN_POINT('',(-1.306426948046,-30.7508697694));
#6953 = CARTESIAN_POINT('',(-4.83965731501E-02,-30.77852696695));
#6954 = CARTESIAN_POINT('',(2.478195839275,-30.71029648042));
#6955 = CARTESIAN_POINT('',(3.746744915431,-30.61303998309));
#6956 = CARTESIAN_POINT('',(5.009681843254,-30.45297807159));
#6957 = CARTESIAN_POINT('',(6.263142757242,-30.23058996734));
#6958 = CARTESIAN_POINT('',(7.503321273748,-29.94665802454));
#6959 = CARTESIAN_POINT('',(11.203349084693,-28.90494096143));
#6960 = CARTESIAN_POINT('',(13.610811539812,-27.9596458568));
#6961 = CARTESIAN_POINT('',(15.91710882451,-26.77561539827));
#6962 = CARTESIAN_POINT('',(18.09363119262,-25.36730156944));
#6963 = CARTESIAN_POINT('',(20.11415559789,-23.75291138919));
#6964 = CARTESIAN_POINT('',(21.955655889599,-21.95565455399));
#6965 = ( GEOMETRIC_REPRESENTATION_CONTEXT(2) 
PARAMETRIC_REPRESENTATION_CONTEXT() REPRESENTATION_CONTEXT('2D SPACE',''
  ) );
#6966 = PCURVE('',#6967,#7260);
#6967 = B_SPLINE_SURFACE_WITH_KNOTS('',1,10,(
    (#6968,#6969,#6970,#6971,#6972,#6973,#6974,#6975,#6976,#6977,#6978
      ,#6979,#6980,#6981,#6982,#6983,#6984,#6985,#6986,#6987,#6988,#6989
      ,#6990,#6991,#6992,#6993,#6994,#6995,#6996,#6997,#6998,#6999,#7000
      ,#7001,#7002,#7003,#7004,#7005,#7006,#7007,#7008,#7009,#7010,#7011
      ,#7012,#7013,#7014,#7015,#7016,#7017,#7018,#7019,#7020,#7021,#7022
      ,#7023,#7024,#7025,#7026,#7027,#7028,#7029,#7030,#7031,#7032,#7033
      ,#7034,#7035,#7036,#7037,#7038,#7039,#7040,#7041,#7042,#7043,#7044
      ,#7045,#7046,#7047,#7048,#7049,#7050,#7051,#7052,#7053,#7054,#7055
      ,#7056,#7057,#7058,#7059,#7060,#7061,#7062,#7063,#7064,#7065,#7066
      ,#7067,#7068,#7069,#7070,#7071,#7072,#7073,#7074,#7075,#7076,#7077
      ,#7078,#7079,#7080,#7081,#7082,#7083,#7084,#7085,#7086,#7087,#7088
      ,#7089,#7090,#7091,#7092,#7093,#7094,#7095,#7096,#7097,#7098,#7099
      ,#7100,#7101,#7102,#7103,#7104,#7105,#7106,#7107,#7108,#7109,#7110
      ,#7111,#7112,#7113)
    ,(#7114,#7115,#7116,#7117,#7118,#7119,#7120,#7121,#7122,#7123,#7124
      ,#7125,#7126,#7127,#7128,#7129,#7130,#7131,#7132,#7133,#7134,#7135
      ,#7136,#7137,#7138,#7139,#7140,#7141,#7142,#7143,#7144,#7145,#7146
      ,#7147,#7148,#7149,#7150,#7151,#7152,#7153,#7154,#7155,#7156,#7157
      ,#7158,#7159,#7160,#7161,#7162,#7163,#7164,#7165,#7166,#7167,#7168
      ,#7169,#7170,#7171,#7172,#7173,#7174,#7175,#7176,#7177,#7178,#7179
      ,#7180,#7181,#7182,#7183,#7184,#7185,#7186,#7187,#7188,#7189,#7190
      ,#7191,#7192,#7193,#7194,#7195,#7196,#7197,#7198,#7199,#7200,#7201
      ,#7202,#7203,#7204,#7205,#7206,#7207,#7208,#7209,#7210,#7211,#7212
      ,#7213,#7214,#7215,#7216,#7217,#7218,#7219,#7220,#7221,#7222,#7223
      ,#7224,#7225,#7226,#7227,#7228,#7229,#7230,#7231,#7232,#7233,#7234
      ,#7235,#7236,#7237,#7238,#7239,#7240,#7241,#7242,#7243,#7244,#7245
      ,#7246,#7247,#7248,#7249,#7250,#7251,#7252,#7253,#7254,#7255,#7256
      ,#7257,#7258,#7259
    )),.UNSPECIFIED.,.F.,.F.,.F.,(2,2),(11,9,9,9,9,9,9,9,9,9,9,9,9,9,9,9
    ,11),(0.,0.804444746981),(0.,4.771698848675,9.543397697351,
    14.315096546026,19.086795394702,23.858494243377,28.630193092053,
    33.401891940728,38.173590789404,42.945289638079,47.716988486755,
    52.48868733543,57.260386184106,62.032085032781,66.803783881457,
    71.575482730132,76.347181578808),.UNSPECIFIED.);
#6968 = CARTESIAN_POINT('',(31.049999933369,3.33099237082E-09,
    -1.875000002644));
#6969 = CARTESIAN_POINT('',(31.049999924117,14.631968121231,
    -1.799999966003));
#6970 = CARTESIAN_POINT('',(23.389315499705,29.264384483155,
    -1.725000105645));
#6971 = CARTESIAN_POINT('',(8.062400958149,39.380428634224,
    -1.649999821346));
#6972 = CARTESIAN_POINT('',(-11.86696865535,40.484040813243,
    -1.57500015255));
#6973 = CARTESIAN_POINT('',(-30.40308561337,30.403085485146,
    -1.499999989534));
#6974 = CARTESIAN_POINT('',(-40.48404074059,11.866968779272,
    -1.424999864787));
#6975 = CARTESIAN_POINT('',(-39.38042866162,-8.062401064487,
    -1.350000162325));
#6976 = CARTESIAN_POINT('',(-29.26438447257,-23.38931545887,
    -1.274999903914));
#6977 = CARTESIAN_POINT('',(-14.63196811458,-31.04999993992,
    -1.200000026385));
#6978 = CARTESIAN_POINT('',(14.631968121238,-31.04999992544,
    -1.049999972333));
#6979 = CARTESIAN_POINT('',(29.264384483154,-23.38931549768,
    -0.975000095973));
#6980 = CARTESIAN_POINT('',(39.38042863421,-8.062400960664,
    -0.899999833332));
#6981 = CARTESIAN_POINT('',(40.484040813275,11.866968657913,
    -0.8250001404));
#6982 = CARTESIAN_POINT('',(30.403085485106,30.403085611261,
    -0.749999999582));
#6983 = CARTESIAN_POINT('',(11.866968779305,40.484040741999,
    -0.674999858114));
#6984 = CARTESIAN_POINT('',(-8.062401064506,39.380428660899,
    -0.600000165754));
#6985 = CARTESIAN_POINT('',(-23.38931545886,29.264384472838,
    -0.524999902672));
#6986 = CARTESIAN_POINT('',(-31.04999993992,14.631968114542,
    -0.450000026605));
#6987 = CARTESIAN_POINT('',(-31.04999992543,-14.63196812121,
    -0.299999972225));
#6988 = CARTESIAN_POINT('',(-23.38931549768,-29.26438448317,
    -0.225000096138));
#6989 = CARTESIAN_POINT('',(-8.062400960646,-39.38042863419,
    -0.149999833128));
#6990 = CARTESIAN_POINT('',(11.866968657885,-40.48404081326,
    -7.500014060694E-02));
#6991 = CARTESIAN_POINT('',(30.403085611288,-30.40308548513,
    5.888846236172E-10));
#6992 = CARTESIAN_POINT('',(40.484040741981,-11.86696877927,
    7.500014177336E-02));
#6993 = CARTESIAN_POINT('',(39.380428660905,8.062401064486,
    0.149999834304));
#6994 = CARTESIAN_POINT('',(29.264384472838,23.389315458877,
    0.225000097307));
#6995 = CARTESIAN_POINT('',(14.631968114541,31.049999939926,
    0.299999973399));
#6996 = CARTESIAN_POINT('',(-14.63196812121,31.049999925441,
    0.450000027773));
#6997 = CARTESIAN_POINT('',(-29.26438448319,23.389315497679,
    0.524999903865));
#6998 = CARTESIAN_POINT('',(-39.38042863416,8.062400960667,
    0.600000166868));
#6999 = CARTESIAN_POINT('',(-40.48404081331,-11.86696865791,
    0.674999859397));
#7000 = CARTESIAN_POINT('',(-30.40308548507,-30.40308561125,
    0.750000000585));
#7001 = CARTESIAN_POINT('',(-11.86696877932,-40.48404074201,
    0.825000141776));
#7002 = CARTESIAN_POINT('',(8.06240106451,-39.38042866089,0.899999834303
    ));
#7003 = CARTESIAN_POINT('',(23.38931545887,-29.26438447284,
    0.975000097307));
#7004 = CARTESIAN_POINT('',(31.049999939926,-14.63196811454,
    1.049999973399));
#7005 = CARTESIAN_POINT('',(31.04999992544,14.631968121216,
    1.200000027773));
#7006 = CARTESIAN_POINT('',(23.389315497681,29.264384483179,
    1.274999903865));
#7007 = CARTESIAN_POINT('',(8.062400960666,39.380428634189,
    1.350000166869));
#7008 = CARTESIAN_POINT('',(-11.86696865792,40.484040813285,
    1.424999859396));
#7009 = CARTESIAN_POINT('',(-30.40308561124,30.403085485104,
    1.500000000587));
#7010 = CARTESIAN_POINT('',(-40.48404074201,11.866968779305,
    1.575000141774));
#7011 = CARTESIAN_POINT('',(-39.38042866088,-8.062401064505,
    1.649999834304));
#7012 = CARTESIAN_POINT('',(-29.26438447284,-23.38931545887,
    1.725000097307));
#7013 = CARTESIAN_POINT('',(-14.63196811454,-31.04999993992,
    1.799999973399));
#7014 = CARTESIAN_POINT('',(14.631968121213,-31.04999992544,
    1.950000027773));
#7015 = CARTESIAN_POINT('',(29.264384483202,-23.38931549768,
    2.024999903866));
#7016 = CARTESIAN_POINT('',(39.380428634132,-8.062400960652,
    2.100000166866));
#7017 = CARTESIAN_POINT('',(40.484040813373,11.866968657889,
    2.174999859401));
#7018 = CARTESIAN_POINT('',(30.40308548501,30.403085611293,
    2.250000000581));
#7019 = CARTESIAN_POINT('',(11.866968779377,40.484040741968,
    2.32500014178));
#7020 = CARTESIAN_POINT('',(-8.062401064544,39.38042866092,
    2.399999834301));
#7021 = CARTESIAN_POINT('',(-23.38931545885,29.264384472828,
    2.475000097308));
#7022 = CARTESIAN_POINT('',(-31.04999993992,14.631968114544,
    2.549999973399));
#7023 = CARTESIAN_POINT('',(-31.04999992543,-14.63196812122,
    2.700000027773));
#7024 = CARTESIAN_POINT('',(-23.38931549768,-29.26438448315,
    2.774999903863));
#7025 = CARTESIAN_POINT('',(-8.062400960659,-39.38042863423,
    2.850000166872));
#7026 = CARTESIAN_POINT('',(11.866968657906,-40.48404081321,
    2.924999859391));
#7027 = CARTESIAN_POINT('',(30.403085611266,-30.40308548518,
    3.000000000592));
#7028 = CARTESIAN_POINT('',(40.484040741997,-11.86696877924,
    3.075000141771));
#7029 = CARTESIAN_POINT('',(39.380428660899,8.06240106447,3.149999834306
    ));
#7030 = CARTESIAN_POINT('',(29.264384472839,23.389315458882,
    3.225000097306));
#7031 = CARTESIAN_POINT('',(14.631968114541,31.049999939925,
    3.299999973399));
#7032 = CARTESIAN_POINT('',(-14.63196812121,31.049999925441,
    3.450000027773));
#7033 = CARTESIAN_POINT('',(-29.26438448318,23.38931549768,
    3.524999903865));
#7034 = CARTESIAN_POINT('',(-39.38042863416,8.062400960659,
    3.600000166867));
#7035 = CARTESIAN_POINT('',(-40.48404081331,-11.8669686579,
    3.674999859399));
#7036 = CARTESIAN_POINT('',(-30.40308548507,-30.40308561127,
    3.750000000583));
#7037 = CARTESIAN_POINT('',(-11.86696877932,-40.48404074198,
    3.825000141778));
#7038 = CARTESIAN_POINT('',(8.062401064515,-39.3804286609,3.899999834302
    ));
#7039 = CARTESIAN_POINT('',(23.389315458866,-29.26438447283,
    3.975000097308));
#7040 = CARTESIAN_POINT('',(31.049999939928,-14.63196811454,
    4.049999973399));
#7041 = CARTESIAN_POINT('',(31.049999925437,14.63196812122,
    4.200000027773));
#7042 = CARTESIAN_POINT('',(23.389315497697,29.26438448316,
    4.274999903863));
#7043 = CARTESIAN_POINT('',(8.062400960627,39.380428634239,
    4.350000166872));
#7044 = CARTESIAN_POINT('',(-11.86696865785,40.484040813198,
    4.424999859391));
#7045 = CARTESIAN_POINT('',(-30.40308561131,30.40308548521,
    4.500000000592));
#7046 = CARTESIAN_POINT('',(-40.48404074196,11.866968779215,
    4.575000141771));
#7047 = CARTESIAN_POINT('',(-39.38042866091,-8.062401064453,
    4.649999834305));
#7048 = CARTESIAN_POINT('',(-29.26438447283,-23.38931545888,
    4.725000097307));
#7049 = CARTESIAN_POINT('',(-14.63196811454,-31.04999993992,
    4.799999973399));
#7050 = CARTESIAN_POINT('',(14.631968121219,-31.04999992544,
    4.950000027773));
#7051 = CARTESIAN_POINT('',(29.264384483166,-23.38931549768,
    5.024999903864));
#7052 = CARTESIAN_POINT('',(39.380428634219,-8.062400960654,
    5.100000166873));
#7053 = CARTESIAN_POINT('',(40.484040813235,11.866968657898,
    5.174999859388));
#7054 = CARTESIAN_POINT('',(30.403085485164,30.403085611274,
    5.250000000596));
#7055 = CARTESIAN_POINT('',(11.866968779253,40.484040741991,
    5.325000141767));
#7056 = CARTESIAN_POINT('',(-8.062401064474,39.380428660903,
    5.399999834307));
#7057 = CARTESIAN_POINT('',(-23.38931545888,29.264384472837,
    5.475000097306));
#7058 = CARTESIAN_POINT('',(-31.04999993992,14.631968114542,
    5.549999973399));
#7059 = CARTESIAN_POINT('',(-31.04999992544,-14.63196812121,
    5.700000027773));
#7060 = CARTESIAN_POINT('',(-23.38931549768,-29.26438448318,
    5.774999903866));
#7061 = CARTESIAN_POINT('',(-8.062400960662,-39.38042863418,
    5.850000166867));
#7062 = CARTESIAN_POINT('',(11.866968657914,-40.48404081328,
    5.924999859399));
#7063 = CARTESIAN_POINT('',(30.40308561125,-30.4030854851,6.000000000583
    ));
#7064 = CARTESIAN_POINT('',(40.484040742017,-11.8669687793,
    6.075000141777));
#7065 = CARTESIAN_POINT('',(39.380428660882,8.062401064499,
    6.149999834302));
#7066 = CARTESIAN_POINT('',(29.264384472848,23.389315458873,
    6.225000097307));
#7067 = CARTESIAN_POINT('',(14.631968114538,31.049999939926,
    6.299999973399));
#7068 = CARTESIAN_POINT('',(-14.63196812121,31.049999925441,
    6.450000027773));
#7069 = CARTESIAN_POINT('',(-29.26438448321,23.389315497679,
    6.524999903867));
#7070 = CARTESIAN_POINT('',(-39.38042863411,8.062400960666,
    6.600000166861));
#7071 = CARTESIAN_POINT('',(-40.4840408134,-11.86696865791,6.67499985941
    ));
#7072 = CARTESIAN_POINT('',(-30.40308548498,-30.40308561125,
    6.750000000571));
#7073 = CARTESIAN_POINT('',(-11.86696877939,-40.484040742,6.825000141787
    ));
#7074 = CARTESIAN_POINT('',(8.062401064546,-39.38042866089,
    6.899999834298));
#7075 = CARTESIAN_POINT('',(23.389315458857,-29.26438447283,
    6.975000097309));
#7076 = CARTESIAN_POINT('',(31.049999939929,-14.63196811454,
    7.049999973399));
#7077 = CARTESIAN_POINT('',(31.049999925439,14.631968121216,
    7.200000027773));
#7078 = CARTESIAN_POINT('',(23.389315497685,29.264384483184,
    7.274999903864));
#7079 = CARTESIAN_POINT('',(8.062400960655,39.380428634175,7.35000016687
    ));
#7080 = CARTESIAN_POINT('',(-11.8669686579,40.484040813307,
    7.424999859395));
#7081 = CARTESIAN_POINT('',(-30.40308561125,30.403085485085,
    7.500000000587));
#7082 = CARTESIAN_POINT('',(-40.48404074201,11.866968779312,
    7.575000141775));
#7083 = CARTESIAN_POINT('',(-39.38042866088,-8.062401064504,
    7.649999834304));
#7084 = CARTESIAN_POINT('',(-29.26438447284,-23.38931545887,
    7.725000097307));
#7085 = CARTESIAN_POINT('',(-14.63196811453,-31.04999993992,
    7.799999973399));
#7086 = CARTESIAN_POINT('',(14.631968121213,-31.04999992544,
    7.950000027773));
#7087 = CARTESIAN_POINT('',(29.264384483202,-23.38931549767,
    8.024999903867));
#7088 = CARTESIAN_POINT('',(39.380428634132,-8.062400960666,
    8.100000166861));
#7089 = CARTESIAN_POINT('',(40.484040813372,11.866968657919,
    8.17499985941));
#7090 = CARTESIAN_POINT('',(30.403085485016,30.403085611247,
    8.250000000571));
#7091 = CARTESIAN_POINT('',(11.866968779364,40.484040742017,
    8.325000141787));
#7092 = CARTESIAN_POINT('',(-8.062401064535,39.380428660885,
    8.399999834297));
#7093 = CARTESIAN_POINT('',(-23.38931545886,29.264384472843,
    8.47500009731));
#7094 = CARTESIAN_POINT('',(-31.04999993992,14.631968114541,
    8.549999973397));
#7095 = CARTESIAN_POINT('',(-31.04999992543,-14.63196812121,
    8.700000027777));
#7096 = CARTESIAN_POINT('',(-23.38931549768,-29.26438448318,
    8.774999903844));
#7097 = CARTESIAN_POINT('',(-8.062400960661,-39.38042863417,
    8.850000166924));
#7098 = CARTESIAN_POINT('',(11.866968657919,-40.48404081331,
    8.92499985929));
#7099 = CARTESIAN_POINT('',(30.403085611235,-30.40308548508,
    9.000000000746));
#7100 = CARTESIAN_POINT('',(40.484040742041,-11.86696877931,
    9.07500014158));
#7101 = CARTESIAN_POINT('',(39.380428660855,8.062401064504,
    9.149999834499));
#7102 = CARTESIAN_POINT('',(29.264384472872,23.389315458871,
    9.225000097147));
#7103 = CARTESIAN_POINT('',(14.63196811452,31.049999939926,
    9.299999973505));
#7104 = CARTESIAN_POINT('',(-14.63196812117,31.049999925441,
    9.450000027557));
#7105 = CARTESIAN_POINT('',(-29.26438448342,23.389315497673,
    9.524999905085));
#7106 = CARTESIAN_POINT('',(-39.38042863351,8.062400960683,
    9.600000163501));
#7107 = CARTESIAN_POINT('',(-40.4840408146,-11.86696865795,
    9.674999865952));
#7108 = CARTESIAN_POINT('',(-30.4030854831,-30.40308561118,
    9.749999990713));
#7109 = CARTESIAN_POINT('',(-11.86696878174,-40.4840407421,
    9.825000153718));
#7110 = CARTESIAN_POINT('',(8.062401066938,-39.38042866077,
    9.899999822519));
#7111 = CARTESIAN_POINT('',(23.38931545689,-29.26438447294,
    9.975000106818));
#7112 = CARTESIAN_POINT('',(31.049999941232,-14.63196811446,
    10.049999967174));
#7113 = CARTESIAN_POINT('',(31.049999932004,3.297020587973E-09,
    10.125000003816));
#7114 = CARTESIAN_POINT('',(30.308734057588,-8.592024869358E-10,
    -1.562499998887));
#7115 = CARTESIAN_POINT('',(30.308734031112,14.282654343781,
    -1.487500008183));
#7116 = CARTESIAN_POINT('',(22.83093510648,28.565749294083,
    -1.412499972755));
#7117 = CARTESIAN_POINT('',(7.869926750138,38.440282639956,
    -1.337500044883));
#7118 = CARTESIAN_POINT('',(-11.58366994633,39.517561390932,
    -1.262499960853));
#7119 = CARTESIAN_POINT('',(-29.67725589872,29.677255474473,
    -1.187500002217));
#7120 = CARTESIAN_POINT('',(-39.51756112732,11.583670412382,
    -1.112500033857));
#7121 = CARTESIAN_POINT('',(-38.44028274211,-7.869927090641,
    -1.037499958378));
#7122 = CARTESIAN_POINT('',(-28.56574927599,-22.83093494015,
    -0.962500023933));
#7123 = CARTESIAN_POINT('',(-14.28265434532,-30.30873407467,
    -0.887499992864));
#7124 = CARTESIAN_POINT('',(14.282654343691,-30.30873403571,
    -0.737500006576));
#7125 = CARTESIAN_POINT('',(28.565749294232,-22.83093509943,
    -0.662499975211));
#7126 = CARTESIAN_POINT('',(38.440282639754,-7.869926758871,
    -0.587500041839));
#7127 = CARTESIAN_POINT('',(39.517561391156,11.583669955191,
    -0.512499963942));
#7128 = CARTESIAN_POINT('',(29.677255474274,29.677255891396,
    -0.437499999661));
#7129 = CARTESIAN_POINT('',(11.58367041252,39.517561132202,
    -0.362500035556));
#7130 = CARTESIAN_POINT('',(-7.869927090713,38.440282739611,
    -0.287499957505));
#7131 = CARTESIAN_POINT('',(-22.83093494013,28.565749276901,
    -0.21250002425));
#7132 = CARTESIAN_POINT('',(-30.30873407468,14.28265434516,
    -0.137499992808));
#7133 = CARTESIAN_POINT('',(-30.30873403571,-14.28265434361,
    1.249999339607E-02));
#7134 = CARTESIAN_POINT('',(-22.83093509944,-28.56574929433,
    8.750002483204E-02));
#7135 = CARTESIAN_POINT('',(-7.869926758851,-38.44028263963,
    0.162499958108));
#7136 = CARTESIAN_POINT('',(11.583669955161,-39.51756139125,
    0.237500036114));
#7137 = CARTESIAN_POINT('',(29.677255891428,-29.67725547421,
    0.312500000293));
#7138 = CARTESIAN_POINT('',(39.517561132178,-11.58367041255,
    0.387499964476));
#7139 = CARTESIAN_POINT('',(38.440282739622,7.869927090724,
    0.462500042478));
#7140 = CARTESIAN_POINT('',(28.565749276899,22.830934940127,
    0.537499975756));
#7141 = CARTESIAN_POINT('',(14.282654345159,30.308734074681,
    0.612500007191));
#7142 = CARTESIAN_POINT('',(-14.28265434361,30.308734035717,
    0.762499993397));
#7143 = CARTESIAN_POINT('',(-28.56574929435,22.83093509944,
    0.837500024831));
#7144 = CARTESIAN_POINT('',(-38.4402826396,7.869926758869,0.912499958109
    ));
#7145 = CARTESIAN_POINT('',(-39.51756139131,-11.58366995519,
    0.987500036113));
#7146 = CARTESIAN_POINT('',(-29.67725547414,-29.67725589139,
    1.062500000293));
#7147 = CARTESIAN_POINT('',(-11.5836704126,-39.5175611322,1.137499964476
    ));
#7148 = CARTESIAN_POINT('',(7.869927090751,-38.4402827396,1.212500042478
    ));
#7149 = CARTESIAN_POINT('',(22.830934940119,-28.5657492769,
    1.287499975756));
#7150 = CARTESIAN_POINT('',(30.308734074682,-14.28265434515,
    1.362500007191));
#7151 = CARTESIAN_POINT('',(30.308734035716,14.282654343613,
    1.512499993397));
#7152 = CARTESIAN_POINT('',(22.83093509944,28.565749294342,
    1.587500024831));
#7153 = CARTESIAN_POINT('',(7.869926758872,38.440282639628,
    1.662499958109));
#7154 = CARTESIAN_POINT('',(-11.58366995519,39.517561391272,
    1.737500036112));
#7155 = CARTESIAN_POINT('',(-29.67725589138,29.677255474184,
    1.812500000294));
#7156 = CARTESIAN_POINT('',(-39.51756113221,11.583670412578,
    1.887499964474));
#7157 = CARTESIAN_POINT('',(-38.4402827396,-7.869927090742,
    1.962500042479));
#7158 = CARTESIAN_POINT('',(-28.5657492769,-22.83093494012,
    2.037499975756));
#7159 = CARTESIAN_POINT('',(-14.28265434515,-30.30873407468,
    2.112500007191));
#7160 = CARTESIAN_POINT('',(14.28265434361,-30.30873403571,
    2.262499993396));
#7161 = CARTESIAN_POINT('',(28.565749294365,-22.83093509944,
    2.337500024833));
#7162 = CARTESIAN_POINT('',(38.440282639574,-7.869926758857,
    2.412499958104));
#7163 = CARTESIAN_POINT('',(39.517561391357,11.583669955167,
    2.487500036121));
#7164 = CARTESIAN_POINT('',(29.677255474094,29.677255891427,
    2.562500000284));
#7165 = CARTESIAN_POINT('',(11.583670412646,39.517561132172,
    2.637499964483));
#7166 = CARTESIAN_POINT('',(-7.869927090778,38.44028273963,
    2.712500042473));
#7167 = CARTESIAN_POINT('',(-22.8309349401,28.565749276892,
    2.787499975758));
#7168 = CARTESIAN_POINT('',(-30.30873407468,14.282654345162,
    2.86250000719));
#7169 = CARTESIAN_POINT('',(-30.30873403571,-14.28265434361,
    3.012499993397));
#7170 = CARTESIAN_POINT('',(-22.83093509944,-28.56574929432,
    3.087500024829));
#7171 = CARTESIAN_POINT('',(-7.869926758862,-38.44028263967,
    3.162499958115));
#7172 = CARTESIAN_POINT('',(11.583669955181,-39.5175613912,
    3.237500036104));
#7173 = CARTESIAN_POINT('',(29.677255891405,-29.67725547426,
    3.312500000303));
#7174 = CARTESIAN_POINT('',(39.517561132196,-11.58367041251,
    3.387499964468));
#7175 = CARTESIAN_POINT('',(38.440282739613,7.86992709071,3.462500042483
    ));
#7176 = CARTESIAN_POINT('',(28.565749276901,22.830934940131,
    3.537499975755));
#7177 = CARTESIAN_POINT('',(14.282654345159,30.308734074681,
    3.612500007191));
#7178 = CARTESIAN_POINT('',(-14.28265434361,30.308734035717,
    3.762499993396));
#7179 = CARTESIAN_POINT('',(-28.56574929435,22.830935099442,
    3.837500024832));
#7180 = CARTESIAN_POINT('',(-38.4402826396,7.86992675886,3.912499958107)
  );
#7181 = CARTESIAN_POINT('',(-39.5175613913,-11.58366995517,
    3.987500036115));
#7182 = CARTESIAN_POINT('',(-29.67725547415,-29.67725589141,
    4.06250000029));
#7183 = CARTESIAN_POINT('',(-11.58367041259,-39.51756113218,
    4.137499964478));
#7184 = CARTESIAN_POINT('',(7.86992709075,-38.44028273962,4.212500042476
    ));
#7185 = CARTESIAN_POINT('',(22.830934940117,-28.56574927689,
    4.287499975757));
#7186 = CARTESIAN_POINT('',(30.308734074683,-14.28265434516,
    4.362500007191));
#7187 = CARTESIAN_POINT('',(30.308734035714,14.282654343617,
    4.512499993397));
#7188 = CARTESIAN_POINT('',(22.830935099455,28.565749294323,
    4.587500024828));
#7189 = CARTESIAN_POINT('',(7.869926758834,38.440282639679,
    4.662499958116));
#7190 = CARTESIAN_POINT('',(-11.58366995513,39.517561391185,
    4.737500036102));
#7191 = CARTESIAN_POINT('',(-29.67725589145,29.677255474289,
    4.812500000304));
#7192 = CARTESIAN_POINT('',(-39.51756113215,11.58367041249,
    4.887499964468));
#7193 = CARTESIAN_POINT('',(-38.44028273963,-7.869927090692,
    4.962500042482));
#7194 = CARTESIAN_POINT('',(-28.56574927689,-22.83093494013,
    5.037499975756));
#7195 = CARTESIAN_POINT('',(-14.28265434516,-30.30873407467,
    5.112500007191));
#7196 = CARTESIAN_POINT('',(14.282654343617,-30.30873403571,
    5.262499993397));
#7197 = CARTESIAN_POINT('',(28.565749294328,-22.83093509944,
    5.337500024827));
#7198 = CARTESIAN_POINT('',(38.44028263966,-7.869926758861,
    5.412499958119));
#7199 = CARTESIAN_POINT('',(39.517561391222,11.583669955176,
    5.487500036097));
#7200 = CARTESIAN_POINT('',(29.677255474242,29.67725589141,
    5.562500000312));
#7201 = CARTESIAN_POINT('',(11.583670412529,39.517561132191,
    5.637499964461));
#7202 = CARTESIAN_POINT('',(-7.869927090714,38.440282739618,
    5.712500042486));
#7203 = CARTESIAN_POINT('',(-22.83093494013,28.565749276898,
    5.787499975753));
#7204 = CARTESIAN_POINT('',(-30.30873407468,14.28265434516,
    5.862500007191));
#7205 = CARTESIAN_POINT('',(-30.30873403571,-14.28265434361,
    6.012499993396));
#7206 = CARTESIAN_POINT('',(-22.83093509944,-28.56574929434,
    6.087500024831));
#7207 = CARTESIAN_POINT('',(-7.869926758866,-38.44028263962,
    6.162499958109));
#7208 = CARTESIAN_POINT('',(11.58366995519,-39.51756139127,
    6.237500036112));
#7209 = CARTESIAN_POINT('',(29.677255891387,-29.67725547418,
    6.312500000294));
#7210 = CARTESIAN_POINT('',(39.517561132217,-11.58367041257,
    6.387499964474));
#7211 = CARTESIAN_POINT('',(38.440282739596,7.869927090736,
    6.462500042479));
#7212 = CARTESIAN_POINT('',(28.56574927691,22.830934940123,
    6.537499975755));
#7213 = CARTESIAN_POINT('',(14.282654345156,30.308734074681,
    6.612500007191));
#7214 = CARTESIAN_POINT('',(-14.2826543436,30.308734035716,
    6.762499993395));
#7215 = CARTESIAN_POINT('',(-28.56574929437,22.830935099442,
    6.837500024837));
#7216 = CARTESIAN_POINT('',(-38.44028263954,7.869926758865,
    6.912499958094));
#7217 = CARTESIAN_POINT('',(-39.51756139139,-11.58366995518,
    6.987500036137));
#7218 = CARTESIAN_POINT('',(-29.67725547406,-29.67725589139,
    7.062500000267));
#7219 = CARTESIAN_POINT('',(-11.58367041266,-39.5175611322,
    7.137499964496));
#7220 = CARTESIAN_POINT('',(7.869927090781,-38.44028273961,
    7.212500042467));
#7221 = CARTESIAN_POINT('',(22.830934940109,-28.5657492769,7.28749997576
    ));
#7222 = CARTESIAN_POINT('',(30.308734074684,-14.28265434515,
    7.36250000719));
#7223 = CARTESIAN_POINT('',(30.308734035715,14.282654343613,
    7.512499993397));
#7224 = CARTESIAN_POINT('',(22.830935099445,28.565749294348,
    7.58750002483));
#7225 = CARTESIAN_POINT('',(7.86992675886,38.440282639613,7.662499958111
    ));
#7226 = CARTESIAN_POINT('',(-11.58366995518,39.517561391297,
    7.737500036109));
#7227 = CARTESIAN_POINT('',(-29.67725589139,29.677255474162,
    7.812500000297));
#7228 = CARTESIAN_POINT('',(-39.51756113221,11.583670412588,
    7.887499964472));
#7229 = CARTESIAN_POINT('',(-38.44028273959,-7.869927090744,
    7.96250004248));
#7230 = CARTESIAN_POINT('',(-28.5657492769,-22.83093494012,
    8.037499975755));
#7231 = CARTESIAN_POINT('',(-14.28265434515,-30.30873407468,
    8.112500007192));
#7232 = CARTESIAN_POINT('',(14.282654343609,-30.30873403571,
    8.262499993395));
#7233 = CARTESIAN_POINT('',(28.565749294367,-22.83093509944,
    8.337500024837));
#7234 = CARTESIAN_POINT('',(38.440282639567,-7.869926758869,
    8.412499958094));
#7235 = CARTESIAN_POINT('',(39.517561391365,11.583669955197,
    8.487500036135));
#7236 = CARTESIAN_POINT('',(29.677255474092,29.677255891378,
    8.562500000271));
#7237 = CARTESIAN_POINT('',(11.583670412639,39.517561132227,
    8.637499964491));
#7238 = CARTESIAN_POINT('',(-7.869927090771,38.440282739592,
    8.712500042471));
#7239 = CARTESIAN_POINT('',(-22.83093494011,28.565749276909,
    8.787499975758));
#7240 = CARTESIAN_POINT('',(-30.30873407468,14.282654345158,
    8.862500007191));
#7241 = CARTESIAN_POINT('',(-30.30873403571,-14.28265434361,
    9.012499993396));
#7242 = CARTESIAN_POINT('',(-22.83093509943,-28.56574929435,
    9.087500024838));
#7243 = CARTESIAN_POINT('',(-7.869926758896,-38.44028263961,
    9.16249995809));
#7244 = CARTESIAN_POINT('',(11.583669955254,-39.51756139129,
    9.237500036151));
#7245 = CARTESIAN_POINT('',(29.677255891283,-29.67725547416,
    9.312500000237));
#7246 = CARTESIAN_POINT('',(39.51756113235,-11.58367041257,
    9.387499964541));
#7247 = CARTESIAN_POINT('',(38.440282739462,7.869927090737,
    9.462500042418));
#7248 = CARTESIAN_POINT('',(28.56574927702,22.830934940124,
    9.537499975802));
#7249 = CARTESIAN_POINT('',(14.282654345082,30.30873407468,
    9.612500007163));
#7250 = CARTESIAN_POINT('',(-14.28265434345,30.30873403572,
    9.762499993453));
#7251 = CARTESIAN_POINT('',(-28.56574929523,22.830935099418,
    9.837500024516));
#7252 = CARTESIAN_POINT('',(-38.44028263716,7.869926758928,
    9.912499958977));
#7253 = CARTESIAN_POINT('',(-39.51756139607,-11.5836699553,
    9.987500034428));
#7254 = CARTESIAN_POINT('',(-29.67725546694,-29.67725589121,
    10.062500002821));
#7255 = CARTESIAN_POINT('',(-11.58367042135,-39.51756113243,
    10.137499961428));
#7256 = CARTESIAN_POINT('',(7.869927099427,-38.44028273936,
    10.212500045477));
#7257 = CARTESIAN_POINT('',(22.830934933097,-28.56574927711,
    10.28749997334));
#7258 = CARTESIAN_POINT('',(30.308734079286,-14.28265434501,
    10.362500008771));
#7259 = CARTESIAN_POINT('',(30.308734052808,-8.505737282926E-10,
    10.437499999474));
#7260 = DEFINITIONAL_REPRESENTATION('',(#7261),#7289);
#7261 = B_SPLINE_CURVE_WITH_KNOTS('',6,(#7262,#7263,#7264,#7265,#7266,
    #7267,#7268,#7269,#7270,#7271,#7272,#7273,#7274,#7275,#7276,#7277,
    #7278,#7279,#7280,#7281,#7282,#7283,#7284,#7285,#7286,#7287,#7288),
  .UNSPECIFIED.,.F.,.F.,(7,5,5,5,5,7),(0.,0.242765801903,0.4919790638,
    0.617156170935,0.743716256205,1.),.UNSPECIFIED.);
#7262 = CARTESIAN_POINT('',(0.804444746981,60.839160317634));
#7263 = CARTESIAN_POINT('',(0.771499429009,60.92058559949));
#7264 = CARTESIAN_POINT('',(0.738589530071,61.00192334231));
#7265 = CARTESIAN_POINT('',(0.705723967525,61.083151506377));
#7266 = CARTESIAN_POINT('',(0.672897428101,61.164283223232));
#7267 = CARTESIAN_POINT('',(0.640105018151,61.245330587678));
#7268 = CARTESIAN_POINT('',(0.573736784043,61.409361546908));
#7269 = CARTESIAN_POINT('',(0.540154158266,61.492361952074));
#7270 = CARTESIAN_POINT('',(0.506617746873,61.575248137687));
#7271 = CARTESIAN_POINT('',(0.473121692573,61.658034580874));
#7272 = CARTESIAN_POINT('',(0.439660633899,61.740734534272));
#7273 = CARTESIAN_POINT('',(0.389460085971,61.864806606751));
#7274 = CARTESIAN_POINT('',(0.372685585395,61.906265258563));
#7275 = CARTESIAN_POINT('',(0.355921376595,61.947698471877));
#7276 = CARTESIAN_POINT('',(0.339167318985,61.989106598663));
#7277 = CARTESIAN_POINT('',(0.322423021652,62.030490589634));
#7278 = CARTESIAN_POINT('',(0.288770105665,62.113664708875));
#7279 = CARTESIAN_POINT('',(0.271861347349,62.155455178691));
#7280 = CARTESIAN_POINT('',(0.25496301139,62.197219891426));
#7281 = CARTESIAN_POINT('',(0.238074881072,62.238959382055));
#7282 = CARTESIAN_POINT('',(0.221196757373,62.280674141934));
#7283 = CARTESIAN_POINT('',(0.170171744873,62.406783904275));
#7284 = CARTESIAN_POINT('',(0.136051329751,62.491113477765));
#7285 = CARTESIAN_POINT('',(0.101978401813,62.575325683769));
#7286 = CARTESIAN_POINT('',(6.7946651629E-02,62.659436114946));
#7287 = CARTESIAN_POINT('',(3.395024421089E-02,62.743459193268));
#7288 = CARTESIAN_POINT('',(0.,62.82736817654));
#7289 = ( GEOMETRIC_REPRESENTATION_CONTEXT(2) 
PARAMETRIC_REPRESENTATION_CONTEXT() REPRESENTATION_CONTEXT('2D SPACE',''
  ) );
#7290 = ADVANCED_FACE('',(#7291),#1061,.F.);
#7291 = FACE_BOUND('',#7292,.F.);
#7292 = EDGE_LOOP('',(#7293,#7294,#7348,#7349));
#7293 = ORIENTED_EDGE('',*,*,#3962,.F.);
#7294 = ORIENTED_EDGE('',*,*,#7295,.F.);
#7295 = EDGE_CURVE('',#902,#3868,#7296,.T.);
#7296 = SURFACE_CURVE('',#7297,(#7312,#7330),.PCURVE_S1.);
#7297 = B_SPLINE_CURVE_WITH_KNOTS('',4,(#7298,#7299,#7300,#7301,#7302,
    #7303,#7304,#7305,#7306,#7307,#7308,#7309,#7310,#7311),
  .UNSPECIFIED.,.F.,.F.,(5,3,3,3,5),(0.,0.26000001199,0.519000161081,
    0.760000205643,1.),.UNSPECIFIED.);
#7298 = CARTESIAN_POINT('',(30.026076041511,-12.43722103934,0.));
#7299 = CARTESIAN_POINT('',(30.661007005397,-10.90436352578,0.));
#7300 = CARTESIAN_POINT('',(31.191604083774,-9.3282764529,0.));
#7301 = CARTESIAN_POINT('',(31.6134370019,-7.719661923223,0.));
#7302 = CARTESIAN_POINT('',(32.234033364515,-4.466399864872,0.));
#7303 = CARTESIAN_POINT('',(32.433652869899,-2.821891393372,0.));
#7304 = CARTESIAN_POINT('',(32.521048095857,-1.167618666161,0.));
#7305 = CARTESIAN_POINT('',(32.473440186732,2.022706545213,0.));
#7306 = CARTESIAN_POINT('',(32.353471136579,3.559003401927,0.));
#7307 = CARTESIAN_POINT('',(32.136618649669,5.084642843622,0.));
#7308 = CARTESIAN_POINT('',(31.514176817704,8.090301014648,0.));
#7309 = CARTESIAN_POINT('',(31.109371270897,9.570498702811,0.));
#7310 = CARTESIAN_POINT('',(30.612181295708,11.022275149209,0.));
#7311 = CARTESIAN_POINT('',(30.026089910048,12.437218528676,0.));
#7312 = PCURVE('',#1061,#7313);
#7313 = DEFINITIONAL_REPRESENTATION('',(#7314),#7329);
#7314 = B_SPLINE_CURVE_WITH_KNOTS('',4,(#7315,#7316,#7317,#7318,#7319,
    #7320,#7321,#7322,#7323,#7324,#7325,#7326,#7327,#7328),
  .UNSPECIFIED.,.F.,.F.,(5,3,3,3,5),(0.,0.26000001199,0.519000161081,
    0.760000205643,1.),.UNSPECIFIED.);
#7315 = CARTESIAN_POINT('',(0.125,12.326888685174));
#7316 = CARTESIAN_POINT('',(0.116875004494,12.378582060867));
#7317 = CARTESIAN_POINT('',(0.108749993621,12.430275534566));
#7318 = CARTESIAN_POINT('',(0.100624986269,12.481968986111));
#7319 = CARTESIAN_POINT('',(8.440625939363E-02,12.585156828054));
#7320 = CARTESIAN_POINT('',(7.631250098749E-02,12.636651465833));
#7321 = CARTESIAN_POINT('',(6.821874198188E-02,12.688146107494));
#7322 = CARTESIAN_POINT('',(5.25937604055E-02,12.787556384677));
#7323 = CARTESIAN_POINT('',(4.50625054547E-02,12.835472226221));
#7324 = CARTESIAN_POINT('',(3.753124745752E-02,12.883388086982));
#7325 = CARTESIAN_POINT('',(2.250001034578E-02,12.979020803462));
#7326 = CARTESIAN_POINT('',(1.500000463089E-02,13.026737828425));
#7327 = CARTESIAN_POINT('',(7.499996364794E-03,13.074454869294));
#7328 = CARTESIAN_POINT('',(0.,13.122171834133));
#7329 = ( GEOMETRIC_REPRESENTATION_CONTEXT(2) 
PARAMETRIC_REPRESENTATION_CONTEXT() REPRESENTATION_CONTEXT('2D SPACE',''
  ) );
#7330 = PCURVE('',#1415,#7331);
#7331 = DEFINITIONAL_REPRESENTATION('',(#7332),#7347);
#7332 = B_SPLINE_CURVE_WITH_KNOTS('',4,(#7333,#7334,#7335,#7336,#7337,
    #7338,#7339,#7340,#7341,#7342,#7343,#7344,#7345,#7346),
  .UNSPECIFIED.,.F.,.F.,(5,3,3,3,5),(0.,0.26000001199,0.519000161081,
    0.760000205643,1.),.UNSPECIFIED.);
#7333 = CARTESIAN_POINT('',(30.026076041511,-12.43722103934));
#7334 = CARTESIAN_POINT('',(30.661007005397,-10.90436352578));
#7335 = CARTESIAN_POINT('',(31.191604083774,-9.3282764529));
#7336 = CARTESIAN_POINT('',(31.6134370019,-7.719661923223));
#7337 = CARTESIAN_POINT('',(32.234033364515,-4.466399864872));
#7338 = CARTESIAN_POINT('',(32.433652869899,-2.821891393372));
#7339 = CARTESIAN_POINT('',(32.521048095857,-1.167618666161));
#7340 = CARTESIAN_POINT('',(32.473440186732,2.022706545213));
#7341 = CARTESIAN_POINT('',(32.353471136579,3.559003401927));
#7342 = CARTESIAN_POINT('',(32.136618649669,5.084642843622));
#7343 = CARTESIAN_POINT('',(31.514176817704,8.090301014648));
#7344 = CARTESIAN_POINT('',(31.109371270897,9.570498702811));
#7345 = CARTESIAN_POINT('',(30.612181295708,11.022275149209));
#7346 = CARTESIAN_POINT('',(30.026089910048,12.437218528676));
#7347 = ( GEOMETRIC_REPRESENTATION_CONTEXT(2) 
PARAMETRIC_REPRESENTATION_CONTEXT() REPRESENTATION_CONTEXT('2D SPACE',''
  ) );
#7348 = ORIENTED_EDGE('',*,*,#901,.T.);
#7349 = ORIENTED_EDGE('',*,*,#7350,.T.);
#7350 = EDGE_CURVE('',#904,#3963,#7351,.T.);
#7351 = SURFACE_CURVE('',#7352,(#7367,#7385),.PCURVE_S1.);
#7352 = B_SPLINE_CURVE_WITH_KNOTS('',4,(#7353,#7354,#7355,#7356,#7357,
    #7358,#7359,#7360,#7361,#7362,#7363,#7364,#7365,#7366),
  .UNSPECIFIED.,.F.,.F.,(5,3,3,3,5),(0.,0.240999790438,0.480999838895,
    0.740999983721,1.),.UNSPECIFIED.);
#7353 = CARTESIAN_POINT('',(30.026089825398,-12.43721873291,8.));
#7354 = CARTESIAN_POINT('',(30.614623260691,-11.01637977809,8.));
#7355 = CARTESIAN_POINT('',(31.113512932551,-9.558400078141,8.));
#7356 = CARTESIAN_POINT('',(31.519232007346,-8.071797324412,8.));
#7357 = CARTESIAN_POINT('',(32.139313010422,-5.065651216242,8.));
#7358 = CARTESIAN_POINT('',(32.354465039513,-3.546254197133,8.));
#7359 = CARTESIAN_POINT('',(32.473535388384,-2.01632614361,8.));
#7360 = CARTESIAN_POINT('',(32.521143319245,1.173999065118,8.));
#7361 = CARTESIAN_POINT('',(32.432976347961,2.834665580563,8.));
#7362 = CARTESIAN_POINT('',(32.231716190282,4.485447490908,8.));
#7363 = CARTESIAN_POINT('',(31.608564942352,7.738221136369,8.));
#7364 = CARTESIAN_POINT('',(31.187521061901,9.340399425786,8.));
#7365 = CARTESIAN_POINT('',(30.658565048065,10.910258897515,8.));
#7366 = CARTESIAN_POINT('',(30.026076126165,12.437220835098,8.));
#7367 = PCURVE('',#1061,#7368);
#7368 = DEFINITIONAL_REPRESENTATION('',(#7369),#7384);
#7369 = B_SPLINE_CURVE_WITH_KNOTS('',4,(#7370,#7371,#7372,#7373,#7374,
    #7375,#7376,#7377,#7378,#7379,#7380,#7381,#7382,#7383),
  .UNSPECIFIED.,.F.,.F.,(5,3,3,3,5),(0.,0.240999790438,0.480999838895,
    0.740999983721,1.),.UNSPECIFIED.);
#7370 = CARTESIAN_POINT('',(0.125,63.225009737597));
#7371 = CARTESIAN_POINT('',(0.117468753746,63.272925522514));
#7372 = CARTESIAN_POINT('',(0.109937495324,63.320841385159));
#7373 = CARTESIAN_POINT('',(0.102406239481,63.368757231728));
#7374 = CARTESIAN_POINT('',(8.737500244178E-02,63.464389947753));
#7375 = CARTESIAN_POINT('',(7.98749945966E-02,63.51210698676));
#7376 = CARTESIAN_POINT('',(7.237498976803E-02,63.559824006738));
#7377 = CARTESIAN_POINT('',(5.6750008203E-02,63.659234283849));
#7378 = CARTESIAN_POINT('',(4.862499902233E-02,63.710927747413));
#7379 = CARTESIAN_POINT('',(4.049999043807E-02,63.762621207113));
#7380 = CARTESIAN_POINT('',(2.428126352794E-02,63.865809049272));
#7381 = CARTESIAN_POINT('',(1.618750634208E-02,63.91730367897));
#7382 = CARTESIAN_POINT('',(8.093745658992E-03,63.968798330678));
#7383 = CARTESIAN_POINT('',(0.,64.020292886556));
#7384 = ( GEOMETRIC_REPRESENTATION_CONTEXT(2) 
PARAMETRIC_REPRESENTATION_CONTEXT() REPRESENTATION_CONTEXT('2D SPACE',''
  ) );
#7385 = PCURVE('',#3340,#7386);
#7386 = DEFINITIONAL_REPRESENTATION('',(#7387),#7402);
#7387 = B_SPLINE_CURVE_WITH_KNOTS('',4,(#7388,#7389,#7390,#7391,#7392,
    #7393,#7394,#7395,#7396,#7397,#7398,#7399,#7400,#7401),
  .UNSPECIFIED.,.F.,.F.,(5,3,3,3,5),(0.,0.240999790438,0.480999838895,
    0.740999983721,1.),.UNSPECIFIED.);
#7388 = CARTESIAN_POINT('',(30.026089825398,-12.43721873291));
#7389 = CARTESIAN_POINT('',(30.614623260691,-11.01637977809));
#7390 = CARTESIAN_POINT('',(31.113512932551,-9.558400078141));
#7391 = CARTESIAN_POINT('',(31.519232007346,-8.071797324412));
#7392 = CARTESIAN_POINT('',(32.139313010422,-5.065651216242));
#7393 = CARTESIAN_POINT('',(32.354465039513,-3.546254197133));
#7394 = CARTESIAN_POINT('',(32.473535388384,-2.01632614361));
#7395 = CARTESIAN_POINT('',(32.521143319245,1.173999065118));
#7396 = CARTESIAN_POINT('',(32.432976347961,2.834665580563));
#7397 = CARTESIAN_POINT('',(32.231716190282,4.485447490908));
#7398 = CARTESIAN_POINT('',(31.608564942352,7.738221136369));
#7399 = CARTESIAN_POINT('',(31.187521061901,9.340399425786));
#7400 = CARTESIAN_POINT('',(30.658565048065,10.910258897515));
#7401 = CARTESIAN_POINT('',(30.026076126165,12.437220835098));
#7402 = ( GEOMETRIC_REPRESENTATION_CONTEXT(2) 
PARAMETRIC_REPRESENTATION_CONTEXT() REPRESENTATION_CONTEXT('2D SPACE',''
  ) );
#7403 = ADVANCED_FACE('',(#7404),#3340,.T.);
#7404 = FACE_BOUND('',#7405,.T.);
#7405 = EDGE_LOOP('',(#7406,#7407,#7408,#7409,#7433));
#7406 = ORIENTED_EDGE('',*,*,#3278,.T.);
#7407 = ORIENTED_EDGE('',*,*,#7350,.T.);
#7408 = ORIENTED_EDGE('',*,*,#4127,.T.);
#7409 = ORIENTED_EDGE('',*,*,#7410,.F.);
#7410 = EDGE_CURVE('',#7411,#447,#7413,.T.);
#7411 = VERTEX_POINT('',#7412);
#7412 = CARTESIAN_POINT('',(31.958734122635,-7.827632289617E-15,8.));
#7413 = SURFACE_CURVE('',#7414,(#7419,#7426),.PCURVE_S1.);
#7414 = CIRCLE('',#7415,31.958734122635);
#7415 = AXIS2_PLACEMENT_3D('',#7416,#7417,#7418);
#7416 = CARTESIAN_POINT('',(0.,0.,8.));
#7417 = DIRECTION('',(0.,0.,1.));
#7418 = DIRECTION('',(1.,0.,-0.));
#7419 = PCURVE('',#3340,#7420);
#7420 = DEFINITIONAL_REPRESENTATION('',(#7421),#7425);
#7421 = CIRCLE('',#7422,31.958734122635);
#7422 = AXIS2_PLACEMENT_2D('',#7423,#7424);
#7423 = CARTESIAN_POINT('',(0.,0.));
#7424 = DIRECTION('',(1.,0.));
#7425 = ( GEOMETRIC_REPRESENTATION_CONTEXT(2) 
PARAMETRIC_REPRESENTATION_CONTEXT() REPRESENTATION_CONTEXT('2D SPACE',''
  ) );
#7426 = PCURVE('',#5737,#7427);
#7427 = DEFINITIONAL_REPRESENTATION('',(#7428),#7432);
#7428 = CIRCLE('',#7429,31.958734122635);
#7429 = AXIS2_PLACEMENT_2D('',#7430,#7431);
#7430 = CARTESIAN_POINT('',(0.,0.));
#7431 = DIRECTION('',(1.,0.));
#7432 = ( GEOMETRIC_REPRESENTATION_CONTEXT(2) 
PARAMETRIC_REPRESENTATION_CONTEXT() REPRESENTATION_CONTEXT('2D SPACE',''
  ) );
#7433 = ORIENTED_EDGE('',*,*,#7434,.F.);
#7434 = EDGE_CURVE('',#24,#7411,#7435,.T.);
#7435 = SURFACE_CURVE('',#7436,(#7441,#7448),.PCURVE_S1.);
#7436 = CIRCLE('',#7437,31.958734122635);
#7437 = AXIS2_PLACEMENT_3D('',#7438,#7439,#7440);
#7438 = CARTESIAN_POINT('',(0.,0.,8.));
#7439 = DIRECTION('',(0.,0.,1.));
#7440 = DIRECTION('',(1.,0.,-0.));
#7441 = PCURVE('',#3340,#7442);
#7442 = DEFINITIONAL_REPRESENTATION('',(#7443),#7447);
#7443 = CIRCLE('',#7444,31.958734122635);
#7444 = AXIS2_PLACEMENT_2D('',#7445,#7446);
#7445 = CARTESIAN_POINT('',(0.,0.));
#7446 = DIRECTION('',(1.,0.));
#7447 = ( GEOMETRIC_REPRESENTATION_CONTEXT(2) 
PARAMETRIC_REPRESENTATION_CONTEXT() REPRESENTATION_CONTEXT('2D SPACE',''
  ) );
#7448 = PCURVE('',#5737,#7449);
#7449 = DEFINITIONAL_REPRESENTATION('',(#7450),#7454);
#7450 = CIRCLE('',#7451,31.958734122635);
#7451 = AXIS2_PLACEMENT_2D('',#7452,#7453);
#7452 = CARTESIAN_POINT('',(0.,0.));
#7453 = DIRECTION('',(1.,0.));
#7454 = ( GEOMETRIC_REPRESENTATION_CONTEXT(2) 
PARAMETRIC_REPRESENTATION_CONTEXT() REPRESENTATION_CONTEXT('2D SPACE',''
  ) );
#7455 = ADVANCED_FACE('',(#7456),#2919,.T.);
#7456 = FACE_BOUND('',#7457,.T.);
#7457 = EDGE_LOOP('',(#7458,#7459,#7460,#7481));
#7458 = ORIENTED_EDGE('',*,*,#3653,.T.);
#7459 = ORIENTED_EDGE('',*,*,#4207,.F.);
#7460 = ORIENTED_EDGE('',*,*,#7461,.F.);
#7461 = EDGE_CURVE('',#2517,#4208,#7462,.T.);
#7462 = SURFACE_CURVE('',#7463,(#7467,#7474),.PCURVE_S1.);
#7463 = LINE('',#7464,#7465);
#7464 = CARTESIAN_POINT('',(31.958734122635,-7.827632289617E-15,0.));
#7465 = VECTOR('',#7466,1.);
#7466 = DIRECTION('',(0.,0.,1.));
#7467 = PCURVE('',#2919,#7468);
#7468 = DEFINITIONAL_REPRESENTATION('',(#7469),#7473);
#7469 = LINE('',#7470,#7471);
#7470 = CARTESIAN_POINT('',(0.,-0.));
#7471 = VECTOR('',#7472,1.);
#7472 = DIRECTION('',(0.,1.));
#7473 = ( GEOMETRIC_REPRESENTATION_CONTEXT(2) 
PARAMETRIC_REPRESENTATION_CONTEXT() REPRESENTATION_CONTEXT('2D SPACE',''
  ) );
#7474 = PCURVE('',#2670,#7475);
#7475 = DEFINITIONAL_REPRESENTATION('',(#7476),#7480);
#7476 = LINE('',#7477,#7478);
#7477 = CARTESIAN_POINT('',(6.28318530718,-0.));
#7478 = VECTOR('',#7479,1.);
#7479 = DIRECTION('',(0.,1.));
#7480 = ( GEOMETRIC_REPRESENTATION_CONTEXT(2) 
PARAMETRIC_REPRESENTATION_CONTEXT() REPRESENTATION_CONTEXT('2D SPACE',''
  ) );
#7481 = ORIENTED_EDGE('',*,*,#2751,.T.);
#7482 = ADVANCED_FACE('',(#7483),#2670,.T.);
#7483 = FACE_BOUND('',#7484,.T.);
#7484 = EDGE_LOOP('',(#7485,#7486,#7487,#7508));
#7485 = ORIENTED_EDGE('',*,*,#7461,.T.);
#7486 = ORIENTED_EDGE('',*,*,#4437,.F.);
#7487 = ORIENTED_EDGE('',*,*,#7488,.F.);
#7488 = EDGE_CURVE('',#2282,#4438,#7489,.T.);
#7489 = SURFACE_CURVE('',#7490,(#7494,#7501),.PCURVE_S1.);
#7490 = LINE('',#7491,#7492);
#7491 = CARTESIAN_POINT('',(31.958734122635,-7.827632289617E-15,0.));
#7492 = VECTOR('',#7493,1.);
#7493 = DIRECTION('',(0.,0.,1.));
#7494 = PCURVE('',#2670,#7495);
#7495 = DEFINITIONAL_REPRESENTATION('',(#7496),#7500);
#7496 = LINE('',#7497,#7498);
#7497 = CARTESIAN_POINT('',(0.,-0.));
#7498 = VECTOR('',#7499,1.);
#7499 = DIRECTION('',(0.,1.));
#7500 = ( GEOMETRIC_REPRESENTATION_CONTEXT(2) 
PARAMETRIC_REPRESENTATION_CONTEXT() REPRESENTATION_CONTEXT('2D SPACE',''
  ) );
#7501 = PCURVE('',#2435,#7502);
#7502 = DEFINITIONAL_REPRESENTATION('',(#7503),#7507);
#7503 = LINE('',#7504,#7505);
#7504 = CARTESIAN_POINT('',(6.28318530718,-0.));
#7505 = VECTOR('',#7506,1.);
#7506 = DIRECTION('',(0.,1.));
#7507 = ( GEOMETRIC_REPRESENTATION_CONTEXT(2) 
PARAMETRIC_REPRESENTATION_CONTEXT() REPRESENTATION_CONTEXT('2D SPACE',''
  ) );
#7508 = ORIENTED_EDGE('',*,*,#2516,.T.);
#7509 = ADVANCED_FACE('',(#7510),#2435,.T.);
#7510 = FACE_BOUND('',#7511,.T.);
#7511 = EDGE_LOOP('',(#7512,#7513,#7514,#7535));
#7512 = ORIENTED_EDGE('',*,*,#7488,.T.);
#7513 = ORIENTED_EDGE('',*,*,#4667,.F.);
#7514 = ORIENTED_EDGE('',*,*,#7515,.F.);
#7515 = EDGE_CURVE('',#2026,#4668,#7516,.T.);
#7516 = SURFACE_CURVE('',#7517,(#7521,#7528),.PCURVE_S1.);
#7517 = LINE('',#7518,#7519);
#7518 = CARTESIAN_POINT('',(31.958734122635,-7.827632289617E-15,0.));
#7519 = VECTOR('',#7520,1.);
#7520 = DIRECTION('',(0.,0.,1.));
#7521 = PCURVE('',#2435,#7522);
#7522 = DEFINITIONAL_REPRESENTATION('',(#7523),#7527);
#7523 = LINE('',#7524,#7525);
#7524 = CARTESIAN_POINT('',(0.,-0.));
#7525 = VECTOR('',#7526,1.);
#7526 = DIRECTION('',(0.,1.));
#7527 = ( GEOMETRIC_REPRESENTATION_CONTEXT(2) 
PARAMETRIC_REPRESENTATION_CONTEXT() REPRESENTATION_CONTEXT('2D SPACE',''
  ) );
#7528 = PCURVE('',#2193,#7529);
#7529 = DEFINITIONAL_REPRESENTATION('',(#7530),#7534);
#7530 = LINE('',#7531,#7532);
#7531 = CARTESIAN_POINT('',(6.28318530718,-0.));
#7532 = VECTOR('',#7533,1.);
#7533 = DIRECTION('',(0.,1.));
#7534 = ( GEOMETRIC_REPRESENTATION_CONTEXT(2) 
PARAMETRIC_REPRESENTATION_CONTEXT() REPRESENTATION_CONTEXT('2D SPACE',''
  ) );
#7535 = ORIENTED_EDGE('',*,*,#2281,.T.);
#7536 = ADVANCED_FACE('',(#7537),#2193,.T.);
#7537 = FACE_BOUND('',#7538,.T.);
#7538 = EDGE_LOOP('',(#7539,#7540,#7541,#7562));
#7539 = ORIENTED_EDGE('',*,*,#7515,.T.);
#7540 = ORIENTED_EDGE('',*,*,#4918,.F.);
#7541 = ORIENTED_EDGE('',*,*,#7542,.F.);
#7542 = EDGE_CURVE('',#1791,#4919,#7543,.T.);
#7543 = SURFACE_CURVE('',#7544,(#7548,#7555),.PCURVE_S1.);
#7544 = LINE('',#7545,#7546);
#7545 = CARTESIAN_POINT('',(31.958734122635,-7.827632289617E-15,0.));
#7546 = VECTOR('',#7547,1.);
#7547 = DIRECTION('',(0.,0.,1.));
#7548 = PCURVE('',#2193,#7549);
#7549 = DEFINITIONAL_REPRESENTATION('',(#7550),#7554);
#7550 = LINE('',#7551,#7552);
#7551 = CARTESIAN_POINT('',(0.,-0.));
#7552 = VECTOR('',#7553,1.);
#7553 = DIRECTION('',(0.,1.));
#7554 = ( GEOMETRIC_REPRESENTATION_CONTEXT(2) 
PARAMETRIC_REPRESENTATION_CONTEXT() REPRESENTATION_CONTEXT('2D SPACE',''
  ) );
#7555 = PCURVE('',#1944,#7556);
#7556 = DEFINITIONAL_REPRESENTATION('',(#7557),#7561);
#7557 = LINE('',#7558,#7559);
#7558 = CARTESIAN_POINT('',(6.28318530718,-0.));
#7559 = VECTOR('',#7560,1.);
#7560 = DIRECTION('',(0.,1.));
#7561 = ( GEOMETRIC_REPRESENTATION_CONTEXT(2) 
PARAMETRIC_REPRESENTATION_CONTEXT() REPRESENTATION_CONTEXT('2D SPACE',''
  ) );
#7562 = ORIENTED_EDGE('',*,*,#2025,.T.);
#7563 = ADVANCED_FACE('',(#7564),#1944,.T.);
#7564 = FACE_BOUND('',#7565,.T.);
#7565 = EDGE_LOOP('',(#7566,#7567,#7568,#7589));
#7566 = ORIENTED_EDGE('',*,*,#7542,.T.);
#7567 = ORIENTED_EDGE('',*,*,#5169,.F.);
#7568 = ORIENTED_EDGE('',*,*,#7569,.F.);
#7569 = EDGE_CURVE('',#1535,#5170,#7570,.T.);
#7570 = SURFACE_CURVE('',#7571,(#7575,#7582),.PCURVE_S1.);
#7571 = LINE('',#7572,#7573);
#7572 = CARTESIAN_POINT('',(31.958734122635,-7.827632289617E-15,0.));
#7573 = VECTOR('',#7574,1.);
#7574 = DIRECTION('',(0.,0.,1.));
#7575 = PCURVE('',#1944,#7576);
#7576 = DEFINITIONAL_REPRESENTATION('',(#7577),#7581);
#7577 = LINE('',#7578,#7579);
#7578 = CARTESIAN_POINT('',(0.,-0.));
#7579 = VECTOR('',#7580,1.);
#7580 = DIRECTION('',(0.,1.));
#7581 = ( GEOMETRIC_REPRESENTATION_CONTEXT(2) 
PARAMETRIC_REPRESENTATION_CONTEXT() REPRESENTATION_CONTEXT('2D SPACE',''
  ) );
#7582 = PCURVE('',#1702,#7583);
#7583 = DEFINITIONAL_REPRESENTATION('',(#7584),#7588);
#7584 = LINE('',#7585,#7586);
#7585 = CARTESIAN_POINT('',(6.28318530718,-0.));
#7586 = VECTOR('',#7587,1.);
#7587 = DIRECTION('',(0.,1.));
#7588 = ( GEOMETRIC_REPRESENTATION_CONTEXT(2) 
PARAMETRIC_REPRESENTATION_CONTEXT() REPRESENTATION_CONTEXT('2D SPACE',''
  ) );
#7589 = ORIENTED_EDGE('',*,*,#1790,.T.);
#7590 = ADVANCED_FACE('',(#7591),#1702,.T.);
#7591 = FACE_BOUND('',#7592,.T.);
#7592 = EDGE_LOOP('',(#7593,#7594,#7595,#7616));
#7593 = ORIENTED_EDGE('',*,*,#7569,.T.);
#7594 = ORIENTED_EDGE('',*,*,#5399,.F.);
#7595 = ORIENTED_EDGE('',*,*,#7596,.F.);
#7596 = EDGE_CURVE('',#1447,#3680,#7597,.T.);
#7597 = SURFACE_CURVE('',#7598,(#7602,#7609),.PCURVE_S1.);
#7598 = LINE('',#7599,#7600);
#7599 = CARTESIAN_POINT('',(31.958734122635,-7.827632289617E-15,0.));
#7600 = VECTOR('',#7601,1.);
#7601 = DIRECTION('',(0.,0.,1.));
#7602 = PCURVE('',#1702,#7603);
#7603 = DEFINITIONAL_REPRESENTATION('',(#7604),#7608);
#7604 = LINE('',#7605,#7606);
#7605 = CARTESIAN_POINT('',(0.,-0.));
#7606 = VECTOR('',#7607,1.);
#7607 = DIRECTION('',(0.,1.));
#7608 = ( GEOMETRIC_REPRESENTATION_CONTEXT(2) 
PARAMETRIC_REPRESENTATION_CONTEXT() REPRESENTATION_CONTEXT('2D SPACE',''
  ) );
#7609 = PCURVE('',#1502,#7610);
#7610 = DEFINITIONAL_REPRESENTATION('',(#7611),#7615);
#7611 = LINE('',#7612,#7613);
#7612 = CARTESIAN_POINT('',(6.28318530718,-0.));
#7613 = VECTOR('',#7614,1.);
#7614 = DIRECTION('',(0.,1.));
#7615 = ( GEOMETRIC_REPRESENTATION_CONTEXT(2) 
PARAMETRIC_REPRESENTATION_CONTEXT() REPRESENTATION_CONTEXT('2D SPACE',''
  ) );
#7616 = ORIENTED_EDGE('',*,*,#1534,.T.);
#7617 = ADVANCED_FACE('',(#7618),#1502,.T.);
#7618 = FACE_BOUND('',#7619,.T.);
#7619 = EDGE_LOOP('',(#7620,#7621,#7622,#7649));
#7620 = ORIENTED_EDGE('',*,*,#7596,.T.);
#7621 = ORIENTED_EDGE('',*,*,#3677,.F.);
#7622 = ORIENTED_EDGE('',*,*,#7623,.T.);
#7623 = EDGE_CURVE('',#3678,#1362,#7624,.T.);
#7624 = SURFACE_CURVE('',#7625,(#7630,#7637),.PCURVE_S1.);
#7625 = CIRCLE('',#7626,31.958734122635);
#7626 = AXIS2_PLACEMENT_3D('',#7627,#7628,#7629);
#7627 = CARTESIAN_POINT('',(0.,0.,0.));
#7628 = DIRECTION('',(0.,0.,1.));
#7629 = DIRECTION('',(1.,0.,-0.));
#7630 = PCURVE('',#1502,#7631);
#7631 = DEFINITIONAL_REPRESENTATION('',(#7632),#7636);
#7632 = LINE('',#7633,#7634);
#7633 = CARTESIAN_POINT('',(0.,0.));
#7634 = VECTOR('',#7635,1.);
#7635 = DIRECTION('',(1.,0.));
#7636 = ( GEOMETRIC_REPRESENTATION_CONTEXT(2) 
PARAMETRIC_REPRESENTATION_CONTEXT() REPRESENTATION_CONTEXT('2D SPACE',''
  ) );
#7637 = PCURVE('',#7638,#7643);
#7638 = PLANE('',#7639);
#7639 = AXIS2_PLACEMENT_3D('',#7640,#7641,#7642);
#7640 = CARTESIAN_POINT('',(0.,0.,0.));
#7641 = DIRECTION('',(0.,0.,1.));
#7642 = DIRECTION('',(1.,0.,-0.));
#7643 = DEFINITIONAL_REPRESENTATION('',(#7644),#7648);
#7644 = CIRCLE('',#7645,31.958734122635);
#7645 = AXIS2_PLACEMENT_2D('',#7646,#7647);
#7646 = CARTESIAN_POINT('',(0.,0.));
#7647 = DIRECTION('',(1.,0.));
#7648 = ( GEOMETRIC_REPRESENTATION_CONTEXT(2) 
PARAMETRIC_REPRESENTATION_CONTEXT() REPRESENTATION_CONTEXT('2D SPACE',''
  ) );
#7649 = ORIENTED_EDGE('',*,*,#1446,.T.);
#7650 = ADVANCED_FACE('',(#7651),#1415,.F.);
#7651 = FACE_BOUND('',#7652,.F.);
#7652 = EDGE_LOOP('',(#7653,#7654,#7655,#7656,#7685));
#7653 = ORIENTED_EDGE('',*,*,#1361,.T.);
#7654 = ORIENTED_EDGE('',*,*,#7295,.T.);
#7655 = ORIENTED_EDGE('',*,*,#3867,.T.);
#7656 = ORIENTED_EDGE('',*,*,#7657,.F.);
#7657 = EDGE_CURVE('',#7658,#3678,#7660,.T.);
#7658 = VERTEX_POINT('',#7659);
#7659 = CARTESIAN_POINT('',(31.958734122635,-7.827632289617E-15,0.));
#7660 = SURFACE_CURVE('',#7661,(#7666,#7673),.PCURVE_S1.);
#7661 = CIRCLE('',#7662,31.958734122635);
#7662 = AXIS2_PLACEMENT_3D('',#7663,#7664,#7665);
#7663 = CARTESIAN_POINT('',(0.,0.,0.));
#7664 = DIRECTION('',(0.,0.,1.));
#7665 = DIRECTION('',(1.,0.,-0.));
#7666 = PCURVE('',#1415,#7667);
#7667 = DEFINITIONAL_REPRESENTATION('',(#7668),#7672);
#7668 = CIRCLE('',#7669,31.958734122635);
#7669 = AXIS2_PLACEMENT_2D('',#7670,#7671);
#7670 = CARTESIAN_POINT('',(0.,0.));
#7671 = DIRECTION('',(1.,0.));
#7672 = ( GEOMETRIC_REPRESENTATION_CONTEXT(2) 
PARAMETRIC_REPRESENTATION_CONTEXT() REPRESENTATION_CONTEXT('2D SPACE',''
  ) );
#7673 = PCURVE('',#7674,#7679);
#7674 = PLANE('',#7675);
#7675 = AXIS2_PLACEMENT_3D('',#7676,#7677,#7678);
#7676 = CARTESIAN_POINT('',(0.,0.,0.));
#7677 = DIRECTION('',(0.,0.,1.));
#7678 = DIRECTION('',(1.,0.,-0.));
#7679 = DEFINITIONAL_REPRESENTATION('',(#7680),#7684);
#7680 = CIRCLE('',#7681,31.958734122635);
#7681 = AXIS2_PLACEMENT_2D('',#7682,#7683);
#7682 = CARTESIAN_POINT('',(0.,0.));
#7683 = DIRECTION('',(1.,0.));
#7684 = ( GEOMETRIC_REPRESENTATION_CONTEXT(2) 
PARAMETRIC_REPRESENTATION_CONTEXT() REPRESENTATION_CONTEXT('2D SPACE',''
  ) );
#7685 = ORIENTED_EDGE('',*,*,#7686,.F.);
#7686 = EDGE_CURVE('',#1362,#7658,#7687,.T.);
#7687 = SURFACE_CURVE('',#7688,(#7693,#7700),.PCURVE_S1.);
#7688 = CIRCLE('',#7689,31.958734122635);
#7689 = AXIS2_PLACEMENT_3D('',#7690,#7691,#7692);
#7690 = CARTESIAN_POINT('',(0.,0.,0.));
#7691 = DIRECTION('',(0.,0.,1.));
#7692 = DIRECTION('',(1.,0.,-0.));
#7693 = PCURVE('',#1415,#7694);
#7694 = DEFINITIONAL_REPRESENTATION('',(#7695),#7699);
#7695 = CIRCLE('',#7696,31.958734122635);
#7696 = AXIS2_PLACEMENT_2D('',#7697,#7698);
#7697 = CARTESIAN_POINT('',(0.,0.));
#7698 = DIRECTION('',(1.,0.));
#7699 = ( GEOMETRIC_REPRESENTATION_CONTEXT(2) 
PARAMETRIC_REPRESENTATION_CONTEXT() REPRESENTATION_CONTEXT('2D SPACE',''
  ) );
#7700 = PCURVE('',#7674,#7701);
#7701 = DEFINITIONAL_REPRESENTATION('',(#7702),#7706);
#7702 = CIRCLE('',#7703,31.958734122635);
#7703 = AXIS2_PLACEMENT_2D('',#7704,#7705);
#7704 = CARTESIAN_POINT('',(0.,0.));
#7705 = DIRECTION('',(1.,0.));
#7706 = ( GEOMETRIC_REPRESENTATION_CONTEXT(2) 
PARAMETRIC_REPRESENTATION_CONTEXT() REPRESENTATION_CONTEXT('2D SPACE',''
  ) );
#7707 = ADVANCED_FACE('',(#7708),#5737,.T.);
#7708 = FACE_BOUND('',#7709,.T.);
#7709 = EDGE_LOOP('',(#7710,#7711,#7712,#7713,#7714));
#7710 = ORIENTED_EDGE('',*,*,#5673,.T.);
#7711 = ORIENTED_EDGE('',*,*,#7434,.T.);
#7712 = ORIENTED_EDGE('',*,*,#7410,.T.);
#7713 = ORIENTED_EDGE('',*,*,#5982,.T.);
#7714 = ORIENTED_EDGE('',*,*,#5773,.T.);
#7715 = ADVANCED_FACE('',(#7716),#6081,.F.);
#7716 = FACE_BOUND('',#7717,.F.);
#7717 = EDGE_LOOP('',(#7718,#7719,#7823,#7851));
#7718 = ORIENTED_EDGE('',*,*,#6062,.F.);
#7719 = ORIENTED_EDGE('',*,*,#7720,.F.);
#7720 = EDGE_CURVE('',#7721,#6063,#7723,.T.);
#7721 = VERTEX_POINT('',#7722);
#7722 = CARTESIAN_POINT('',(30.458734122635,-7.460238249873E-15,
    7.625734386124));
#7723 = SURFACE_CURVE('',#7724,(#7755,#7789),.PCURVE_S1.);
#7724 = B_SPLINE_CURVE_WITH_KNOTS('',8,(#7725,#7726,#7727,#7728,#7729,
    #7730,#7731,#7732,#7733,#7734,#7735,#7736,#7737,#7738,#7739,#7740,
    #7741,#7742,#7743,#7744,#7745,#7746,#7747,#7748,#7749,#7750,#7751,
    #7752,#7753,#7754),.UNSPECIFIED.,.F.,.F.,(9,7,7,7,9),(0.,
    0.206858773032,0.443768047451,0.692856888755,1.),.UNSPECIFIED.);
#7725 = CARTESIAN_POINT('',(30.458734122635,-3.122586252343E-15,
    7.625734386124));
#7726 = CARTESIAN_POINT('',(30.458734122635,2.164544802356,
    7.637045828173));
#7727 = CARTESIAN_POINT('',(30.282935498052,4.329557439799,
    7.648359783795));
#7728 = CARTESIAN_POINT('',(29.931210808622,6.477731780175,
    7.659672600854));
#7729 = CARTESIAN_POINT('',(29.405600868958,8.592350882703,
    7.670983899269));
#7730 = CARTESIAN_POINT('',(28.709942502382,10.657232476061,
    7.682294511771));
#7731 = CARTESIAN_POINT('',(27.849738940521,12.656706776363,
    7.693605530023));
#7732 = CARTESIAN_POINT('',(26.832254956386,14.575658067006,
    7.704917306525));
#7733 = CARTESIAN_POINT('',(24.33207905537,18.488638954654,
    7.729180223185));
#7734 = CARTESIAN_POINT('',(22.802673766757,20.454027134321,
    7.742136673569));
#7735 = CARTESIAN_POINT('',(21.092480528523,22.273704762362,
    7.755091156719));
#7736 = CARTESIAN_POINT('',(19.217984528524,23.92856782815,
    7.768044307755));
#7737 = CARTESIAN_POINT('',(17.197614085882,25.40183583236,
    7.780997902718));
#7738 = CARTESIAN_POINT('',(15.051728714844,26.679114446013,
    7.793953384721));
#7739 = CARTESIAN_POINT('',(12.802577979698,27.748396209435,
    7.806910719645));
#7740 = CARTESIAN_POINT('',(8.027485958422,29.497237817105,
    7.833482303361));
#7741 = CARTESIAN_POINT('',(5.491370455247,30.154627622739,
    7.847106582634));
#7742 = CARTESIAN_POINT('',(2.895177654418,30.562158837509,
    7.860728013943));
#7743 = CARTESIAN_POINT('',(0.267783323118,30.713994978459,
    7.874346898928));
#7744 = CARTESIAN_POINT('',(-2.361870379116,30.607995987074,
    7.887965764687));
#7745 = CARTESIAN_POINT('',(-4.964818282631,30.245796248195,
    7.901587526662));
#7746 = CARTESIAN_POINT('',(-7.512120308947,29.632694564468,
    7.915213015033));
#7747 = CARTESIAN_POINT('',(-13.01172170974,27.726514803008,
    7.945629379583));
#7748 = CARTESIAN_POINT('',(-15.9243473608,26.306768055932,7.96244164314
    ));
#7749 = CARTESIAN_POINT('',(-18.65657260664,24.538031523979,
    7.979246901968));
#7750 = CARTESIAN_POINT('',(-21.1606916414,22.448480002751,
    7.996046411221));
#7751 = CARTESIAN_POINT('',(-23.39430224461,20.072053689582,
    8.012842637191));
#7752 = CARTESIAN_POINT('',(-25.32109601445,17.449096459023,
    8.029638150621));
#7753 = CARTESIAN_POINT('',(-26.91022454206,14.625482583193,
    8.046440693378));
#7754 = CARTESIAN_POINT('',(-28.14020619903,11.656040469607,
    8.063231386625));
#7755 = PCURVE('',#6081,#7756);
#7756 = DEFINITIONAL_REPRESENTATION('',(#7757),#7788);
#7757 = B_SPLINE_CURVE_WITH_KNOTS('',8,(#7758,#7759,#7760,#7761,#7762,
    #7763,#7764,#7765,#7766,#7767,#7768,#7769,#7770,#7771,#7772,#7773,
    #7774,#7775,#7776,#7777,#7778,#7779,#7780,#7781,#7782,#7783,#7784,
    #7785,#7786,#7787),.UNSPECIFIED.,.F.,.F.,(9,7,7,7,9),(0.,
    0.206858773032,0.443768047451,0.692856888755,1.),.UNSPECIFIED.);
#7758 = CARTESIAN_POINT('',(0.,7.625734386124));
#7759 = CARTESIAN_POINT('',(7.106483131048E-02,7.637045828173));
#7760 = CARTESIAN_POINT('',(0.142145025218,7.648359783795));
#7761 = CARTESIAN_POINT('',(0.213219271695,7.659672600854));
#7762 = CARTESIAN_POINT('',(0.284286597236,7.670983899269));
#7763 = CARTESIAN_POINT('',(0.355352472783,7.682294511771));
#7764 = CARTESIAN_POINT('',(0.42642295529,7.693605530023));
#7765 = CARTESIAN_POINT('',(0.497499080797,7.704917306525));
#7766 = CARTESIAN_POINT('',(0.649951977873,7.729180223185));
#7767 = CARTESIAN_POINT('',(0.731362099476,7.742136673569));
#7768 = CARTESIAN_POINT('',(0.81275840456,7.755091156719));
#7769 = CARTESIAN_POINT('',(0.894143837489,7.768044307755));
#7770 = CARTESIAN_POINT('',(0.975529948134,7.780997902718));
#7771 = CARTESIAN_POINT('',(1.056927971658,7.793953384721));
#7772 = CARTESIAN_POINT('',(1.138339531151,7.806910719645));
#7773 = CARTESIAN_POINT('',(1.305295518033,7.833482303361));
#7774 = CARTESIAN_POINT('',(1.390903249238,7.847106582634));
#7775 = CARTESIAN_POINT('',(1.476496907668,7.860728013943));
#7776 = CARTESIAN_POINT('',(1.562077943538,7.874346898928));
#7777 = CARTESIAN_POINT('',(1.64765935873,7.887965764687));
#7778 = CARTESIAN_POINT('',(1.73325438885,7.901587526662));
#7779 = CARTESIAN_POINT('',(1.818865763007,7.915213015033));
#7780 = CARTESIAN_POINT('',(2.009962960777,7.945629379583));
#7781 = CARTESIAN_POINT('',(2.115579823854,7.96244164314));
#7782 = CARTESIAN_POINT('',(2.221144292554,7.979246901968));
#7783 = CARTESIAN_POINT('',(2.326672765204,7.996046411221));
#7784 = CARTESIAN_POINT('',(2.432199292079,8.012842637191));
#7785 = CARTESIAN_POINT('',(2.537758919045,8.029638150621));
#7786 = CARTESIAN_POINT('',(2.643370902915,8.046440693378));
#7787 = CARTESIAN_POINT('',(2.748894014316,8.063231386625));
#7788 = ( GEOMETRIC_REPRESENTATION_CONTEXT(2) 
PARAMETRIC_REPRESENTATION_CONTEXT() REPRESENTATION_CONTEXT('2D SPACE',''
  ) );
#7789 = PCURVE('',#6147,#7790);
#7790 = DEFINITIONAL_REPRESENTATION('',(#7791),#7822);
#7791 = B_SPLINE_CURVE_WITH_KNOTS('',8,(#7792,#7793,#7794,#7795,#7796,
    #7797,#7798,#7799,#7800,#7801,#7802,#7803,#7804,#7805,#7806,#7807,
    #7808,#7809,#7810,#7811,#7812,#7813,#7814,#7815,#7816,#7817,#7818,
    #7819,#7820,#7821),.UNSPECIFIED.,.F.,.F.,(9,7,7,7,9),(0.,
    0.206858773032,0.443768047451,0.692856888755,1.),.UNSPECIFIED.);
#7792 = CARTESIAN_POINT('',(0.162779369887,63.622651445163));
#7793 = CARTESIAN_POINT('',(0.162782294563,63.694610610079));
#7794 = CARTESIAN_POINT('',(0.162785407095,63.766585302724));
#7795 = CARTESIAN_POINT('',(0.162788031104,63.838553958921));
#7796 = CARTESIAN_POINT('',(0.162789577211,63.910515617176));
#7797 = CARTESIAN_POINT('',(0.162789936968,63.982475843568));
#7798 = CARTESIAN_POINT('',(0.162789432371,64.054440787716));
#7799 = CARTESIAN_POINT('',(0.162788546514,64.126411498355));
#7800 = CARTESIAN_POINT('',(0.162786646656,64.280783302563));
#7801 = CARTESIAN_POINT('',(0.162785633557,64.363218178968));
#7802 = CARTESIAN_POINT('',(0.162785201314,64.445639103714));
#7803 = CARTESIAN_POINT('',(0.162785792606,64.528049023504));
#7804 = CARTESIAN_POINT('',(0.162787266227,64.610459586969));
#7805 = CARTESIAN_POINT('',(0.162788745595,64.692882142078));
#7806 = CARTESIAN_POINT('',(0.162789477727,64.775318332777));
#7807 = CARTESIAN_POINT('',(0.162788791557,64.944375489232));
#7808 = CARTESIAN_POINT('',(0.162787260636,65.031060549908));
#7809 = CARTESIAN_POINT('',(0.162784179205,65.117731323212));
#7810 = CARTESIAN_POINT('',(0.162779712642,65.204389319519));
#7811 = CARTESIAN_POINT('',(0.162775017574,65.291047758258));
#7812 = CARTESIAN_POINT('',(0.162772168295,65.377720061579));
#7813 = CARTESIAN_POINT('',(0.16277219216,65.464408972154));
#7814 = CARTESIAN_POINT('',(0.162778058139,65.657911449831));
#7815 = CARTESIAN_POINT('',(0.162785263214,65.764857720497));
#7816 = CARTESIAN_POINT('',(0.162795911741,65.871750914628));
#7817 = CARTESIAN_POINT('',(0.162806540321,65.978607577747));
#7818 = CARTESIAN_POINT('',(0.16280958716,66.085462090221));
#7819 = CARTESIAN_POINT('',(0.162797192435,66.192350233597));
#7820 = CARTESIAN_POINT('',(0.162781374396,66.299291560233));
#7821 = CARTESIAN_POINT('',(0.162771459363,66.406142907697));
#7822 = ( GEOMETRIC_REPRESENTATION_CONTEXT(2) 
PARAMETRIC_REPRESENTATION_CONTEXT() REPRESENTATION_CONTEXT('2D SPACE',''
  ) );
#7823 = ORIENTED_EDGE('',*,*,#7824,.F.);
#7824 = EDGE_CURVE('',#7825,#7721,#7827,.T.);
#7825 = VERTEX_POINT('',#7826);
#7826 = CARTESIAN_POINT('',(30.458734122635,-7.460238249873E-15,
    7.374263552409));
#7827 = SURFACE_CURVE('',#7828,(#7832,#7839),.PCURVE_S1.);
#7828 = LINE('',#7829,#7830);
#7829 = CARTESIAN_POINT('',(30.458734122635,-7.460238249873E-15,0.));
#7830 = VECTOR('',#7831,1.);
#7831 = DIRECTION('',(0.,0.,1.));
#7832 = PCURVE('',#6081,#7833);
#7833 = DEFINITIONAL_REPRESENTATION('',(#7834),#7838);
#7834 = LINE('',#7835,#7836);
#7835 = CARTESIAN_POINT('',(0.,-0.));
#7836 = VECTOR('',#7837,1.);
#7837 = DIRECTION('',(0.,1.));
#7838 = ( GEOMETRIC_REPRESENTATION_CONTEXT(2) 
PARAMETRIC_REPRESENTATION_CONTEXT() REPRESENTATION_CONTEXT('2D SPACE',''
  ) );
#7839 = PCURVE('',#7840,#7845);
#7840 = CYLINDRICAL_SURFACE('',#7841,30.458734122635);
#7841 = AXIS2_PLACEMENT_3D('',#7842,#7843,#7844);
#7842 = CARTESIAN_POINT('',(0.,0.,0.));
#7843 = DIRECTION('',(0.,0.,1.));
#7844 = DIRECTION('',(1.,0.,-0.));
#7845 = DEFINITIONAL_REPRESENTATION('',(#7846),#7850);
#7846 = LINE('',#7847,#7848);
#7847 = CARTESIAN_POINT('',(6.28318530718,-0.));
#7848 = VECTOR('',#7849,1.);
#7849 = DIRECTION('',(0.,1.));
#7850 = ( GEOMETRIC_REPRESENTATION_CONTEXT(2) 
PARAMETRIC_REPRESENTATION_CONTEXT() REPRESENTATION_CONTEXT('2D SPACE',''
  ) );
#7851 = ORIENTED_EDGE('',*,*,#7852,.T.);
#7852 = EDGE_CURVE('',#7825,#6065,#7853,.T.);
#7853 = SURFACE_CURVE('',#7854,(#7892,#7933),.PCURVE_S1.);
#7854 = B_SPLINE_CURVE_WITH_KNOTS('',8,(#7855,#7856,#7857,#7858,#7859,
    #7860,#7861,#7862,#7863,#7864,#7865,#7866,#7867,#7868,#7869,#7870,
    #7871,#7872,#7873,#7874,#7875,#7876,#7877,#7878,#7879,#7880,#7881,
    #7882,#7883,#7884,#7885,#7886,#7887,#7888,#7889,#7890,#7891),
  .UNSPECIFIED.,.F.,.F.,(9,7,7,7,7,9),(0.,0.262058956691,0.496897946093,
    0.650398991853,0.813186436426,1.),.UNSPECIFIED.);
#7855 = CARTESIAN_POINT('',(30.458734122635,1.7763568394E-14,
    7.374263552409));
#7856 = CARTESIAN_POINT('',(30.458769510779,5.478403831985,7.40288977495
    ));
#7857 = CARTESIAN_POINT('',(29.332343542384,10.998201168757,
    7.431768169749));
#7858 = CARTESIAN_POINT('',(27.051684632973,16.215932242082,
    7.460399926186));
#7859 = CARTESIAN_POINT('',(23.741010224718,20.879849663111,
    7.489047131398));
#7860 = CARTESIAN_POINT('',(19.538146084643,24.759056996699,
    7.517726307891));
#7861 = CARTESIAN_POINT('',(14.654414152287,27.687437146895,
    7.546419156526));
#7862 = CARTESIAN_POINT('',(9.32373499632,29.50963372457,7.575259938172)
  );
#7863 = CARTESIAN_POINT('',(-0.979152709431,30.836331290868,
    7.629536739546));
#7864 = CARTESIAN_POINT('',(-5.987629525917,30.569323523529,
    7.655309373024));
#7865 = CARTESIAN_POINT('',(-10.90368001804,29.363703841365,
    7.680999968198));
#7866 = CARTESIAN_POINT('',(-15.5335514038,27.269020943475,
    7.706671893459));
#7867 = CARTESIAN_POINT('',(-19.69650622803,24.354955351123,
    7.732342729966));
#7868 = CARTESIAN_POINT('',(-23.24080974716,20.741218584246,
    7.758035395765));
#7869 = CARTESIAN_POINT('',(-26.02476371737,16.569431934381,
    7.783809627375));
#7870 = CARTESIAN_POINT('',(-29.23943955518,9.115175839702,
    7.826227795388));
#7871 = CARTESIAN_POINT('',(-30.15630612634,6.013440113545,
    7.843007002737));
#7872 = CARTESIAN_POINT('',(-30.69545694576,2.809714325757,
    7.859780800381));
#7873 = CARTESIAN_POINT('',(-30.84517297631,-0.442413524204,
    7.876548588867));
#7874 = CARTESIAN_POINT('',(-30.60234140566,-3.689141587327,
    7.893317533008));
#7875 = CARTESIAN_POINT('',(-29.97136508369,-6.876618973711,
    7.910093663586));
#7876 = CARTESIAN_POINT('',(-28.96554985495,-9.951170492632,
    7.926873475366));
#7877 = CARTESIAN_POINT('',(-26.17446473428,-15.94395408218,
    7.961412509507));
#7878 = CARTESIAN_POINT('',(-24.34247523297,-18.84839857599,
    7.979207110739));
#7879 = CARTESIAN_POINT('',(-22.14367971256,-21.50808811546,
    7.996991270165));
#7880 = CARTESIAN_POINT('',(-19.61749152359,-23.87039989486,
    8.014768564077));
#7881 = CARTESIAN_POINT('',(-16.81052480359,-25.89104398657,
    8.03255248396));
#7882 = CARTESIAN_POINT('',(-13.77526786445,-27.53288644776,
    8.050350287737));
#7883 = CARTESIAN_POINT('',(-10.57096410017,-28.76746653966,
    8.068152918333));
#7884 = CARTESIAN_POINT('',(-3.474764664833,-30.51079962424,
    8.106336169802));
#7885 = CARTESIAN_POINT('',(0.460953329484,-30.88840807254,
    8.126747927317));
#7886 = CARTESIAN_POINT('',(4.434338310872,-30.68295462044,
    8.147192751489));
#7887 = CARTESIAN_POINT('',(8.345800423268,-29.8949075945,8.167618430983
    ));
#7888 = CARTESIAN_POINT('',(12.099983319115,-28.54300743127,
    8.188008067586));
#7889 = CARTESIAN_POINT('',(15.605505293348,-26.66044399497,
    8.208406301109));
#7890 = CARTESIAN_POINT('',(18.776733443658,-24.29848621338,
    8.228857745315));
#7891 = CARTESIAN_POINT('',(21.537590857022,-21.53756403191,
    8.249257634886));
#7892 = PCURVE('',#6081,#7893);
#7893 = DEFINITIONAL_REPRESENTATION('',(#7894),#7932);
#7894 = B_SPLINE_CURVE_WITH_KNOTS('',8,(#7895,#7896,#7897,#7898,#7899,
    #7900,#7901,#7902,#7903,#7904,#7905,#7906,#7907,#7908,#7909,#7910,
    #7911,#7912,#7913,#7914,#7915,#7916,#7917,#7918,#7919,#7920,#7921,
    #7922,#7923,#7924,#7925,#7926,#7927,#7928,#7929,#7930,#7931),
  .UNSPECIFIED.,.F.,.F.,(9,7,7,7,7,9),(0.,0.262058956691,0.496897946093,
    0.650398991853,0.813186436426,1.),.UNSPECIFIED.);
#7895 = CARTESIAN_POINT('',(0.,7.374263552409));
#7896 = CARTESIAN_POINT('',(0.179866594228,7.40288977495));
#7897 = CARTESIAN_POINT('',(0.361064137208,7.431768169749));
#7898 = CARTESIAN_POINT('',(0.541327781858,7.460399926186));
#7899 = CARTESIAN_POINT('',(0.721363734791,7.489047131398));
#7900 = CARTESIAN_POINT('',(0.901400418232,7.517726307891));
#7901 = CARTESIAN_POINT('',(1.081663326003,7.546419156526));
#7902 = CARTESIAN_POINT('',(1.262860019755,7.575259938172));
#7903 = CARTESIAN_POINT('',(1.603914928286,7.629536739546));
#7904 = CARTESIAN_POINT('',(1.76587303037,7.655309373024));
#7905 = CARTESIAN_POINT('',(1.927316569448,7.680999968198));
#7906 = CARTESIAN_POINT('',(2.088593010595,7.706671893459));
#7907 = CARTESIAN_POINT('',(2.249867575087,7.732342729966));
#7908 = CARTESIAN_POINT('',(2.411310209047,7.758035395765));
#7909 = CARTESIAN_POINT('',(2.573262955183,7.783809627375));
#7910 = CARTESIAN_POINT('',(2.839786292388,7.826227795388));
#7911 = CARTESIAN_POINT('',(2.94521090484,7.843007002737));
#7912 = CARTESIAN_POINT('',(3.05059478709,7.859780800381));
#7913 = CARTESIAN_POINT('',(3.155934715587,7.876548588867));
#7914 = CARTESIAN_POINT('',(3.261281897954,7.893317533008));
#7915 = CARTESIAN_POINT('',(3.366683434204,7.910093663586));
#7916 = CARTESIAN_POINT('',(3.472122896938,7.926873475366));
#7917 = CARTESIAN_POINT('',(3.689170190047,7.961412509507));
#7918 = CARTESIAN_POINT('',(3.8009965556,7.979207110739));
#7919 = CARTESIAN_POINT('',(3.91276936544,7.996991270165));
#7920 = CARTESIAN_POINT('',(4.024476040211,8.014768564077));
#7921 = CARTESIAN_POINT('',(4.136182388649,8.03255248396));
#7922 = CARTESIAN_POINT('',(4.247954234501,8.050350287737));
#7923 = CARTESIAN_POINT('',(4.359779464636,8.068152918333));
#7924 = CARTESIAN_POINT('',(4.599690403442,8.106336169802));
#7925 = CARTESIAN_POINT('',(4.728113509319,8.126747927317));
#7926 = CARTESIAN_POINT('',(4.856432386301,8.147192751489));
#7927 = CARTESIAN_POINT('',(4.984627943245,8.167618430983));
#7928 = CARTESIAN_POINT('',(5.112829872161,8.188008067586));
#7929 = CARTESIAN_POINT('',(5.241161945381,8.208406301109));
#7930 = CARTESIAN_POINT('',(5.369592165276,8.228857745315));
#7931 = CARTESIAN_POINT('',(5.497787766533,8.249257634886));
#7932 = ( GEOMETRIC_REPRESENTATION_CONTEXT(2) 
PARAMETRIC_REPRESENTATION_CONTEXT() REPRESENTATION_CONTEXT('2D SPACE',''
  ) );
#7933 = PCURVE('',#6967,#7934);
#7934 = DEFINITIONAL_REPRESENTATION('',(#7935),#7973);
#7935 = B_SPLINE_CURVE_WITH_KNOTS('',8,(#7936,#7937,#7938,#7939,#7940,
    #7941,#7942,#7943,#7944,#7945,#7946,#7947,#7948,#7949,#7950,#7951,
    #7952,#7953,#7954,#7955,#7956,#7957,#7958,#7959,#7960,#7961,#7962,
    #7963,#7964,#7965,#7966,#7967,#7968,#7969,#7970,#7971,#7972),
  .UNSPECIFIED.,.F.,.F.,(9,7,7,7,7,9),(0.,0.262058956691,0.496897946093,
    0.650398991853,0.813186436426,1.),.UNSPECIFIED.);
#7936 = CARTESIAN_POINT('',(0.641660016212,57.260386184104));
#7937 = CARTESIAN_POINT('',(0.641658906794,57.442516543578));
#7938 = CARTESIAN_POINT('',(0.641762465347,57.625992599992));
#7939 = CARTESIAN_POINT('',(0.641610910941,57.80852999659));
#7940 = CARTESIAN_POINT('',(0.641596304512,57.990827211656));
#7941 = CARTESIAN_POINT('',(0.641661013148,58.173131807017));
#7942 = CARTESIAN_POINT('',(0.641669140422,58.355663230641));
#7943 = CARTESIAN_POINT('',(0.641675251894,58.539140825391));
#7944 = CARTESIAN_POINT('',(0.641665606369,58.884488065415));
#7945 = CARTESIAN_POINT('',(0.641655933962,59.04848429837));
#7946 = CARTESIAN_POINT('',(0.641645973199,59.211959294558));
#7947 = CARTESIAN_POINT('',(0.641656343737,59.375265258431));
#7948 = CARTESIAN_POINT('',(0.641664304752,59.538570250559));
#7949 = CARTESIAN_POINT('',(0.641659668661,59.702045260543));
#7950 = CARTESIAN_POINT('',(0.641656122858,59.866036519156));
#7951 = CARTESIAN_POINT('',(0.641655290331,60.135914208067));
#7952 = CARTESIAN_POINT('',(0.641656268236,60.242665556998));
#7953 = CARTESIAN_POINT('',(0.641660046668,60.349375566373));
#7954 = CARTESIAN_POINT('',(0.641666357234,60.456041085649));
#7955 = CARTESIAN_POINT('',(0.641672624263,60.562714065114));
#7956 = CARTESIAN_POINT('',(0.641675068645,60.669442214371));
#7957 = CARTESIAN_POINT('',(0.6416714234,60.776208835099));
#7958 = CARTESIAN_POINT('',(0.641658181157,60.995988056271));
#7959 = CARTESIAN_POINT('',(0.64165010559,61.109221986213));
#7960 = CARTESIAN_POINT('',(0.641637147849,61.222401549044));
#7961 = CARTESIAN_POINT('',(0.641633661509,61.335514022818));
#7962 = CARTESIAN_POINT('',(0.641647351024,61.44862620217));
#7963 = CARTESIAN_POINT('',(0.641669861463,61.561804913379));
#7964 = CARTESIAN_POINT('',(0.641682847133,61.675037874821));
#7965 = CARTESIAN_POINT('',(0.641683468554,61.917968308387));
#7966 = CARTESIAN_POINT('',(0.641612970415,62.048007559638));
#7967 = CARTESIAN_POINT('',(0.641670460383,62.177940863522));
#7968 = CARTESIAN_POINT('',(0.641729016123,62.30774972979));
#7969 = CARTESIAN_POINT('',(0.641691905295,62.437565724251));
#7970 = CARTESIAN_POINT('',(0.641623631117,62.567513435689));
#7971 = CARTESIAN_POINT('',(0.641652475468,62.697559656428));
#7972 = CARTESIAN_POINT('',(0.641644539484,62.82736877654));
#7973 = ( GEOMETRIC_REPRESENTATION_CONTEXT(2) 
PARAMETRIC_REPRESENTATION_CONTEXT() REPRESENTATION_CONTEXT('2D SPACE',''
  ) );
#7974 = ADVANCED_FACE('',(#7975),#6967,.T.);
#7975 = FACE_BOUND('',#7976,.T.);
#7976 = EDGE_LOOP('',(#7977,#8142,#8222,#8331,#8587,#8843,#9099,#9334,
    #9548,#9804,#10053,#10054));
#7977 = ORIENTED_EDGE('',*,*,#7978,.F.);
#7978 = EDGE_CURVE('',#7979,#6467,#7981,.T.);
#7979 = VERTEX_POINT('',#7980);
#7980 = CARTESIAN_POINT('',(21.955664624132,-21.95566478105,
    -2.649860879462E-18));
#7981 = SURFACE_CURVE('',#7982,(#8129,#8135),.PCURVE_S1.);
#7982 = B_SPLINE_CURVE_WITH_KNOTS('',10,(#7983,#7984,#7985,#7986,#7987,
    #7988,#7989,#7990,#7991,#7992,#7993,#7994,#7995,#7996,#7997,#7998,
    #7999,#8000,#8001,#8002,#8003,#8004,#8005,#8006,#8007,#8008,#8009,
    #8010,#8011,#8012,#8013,#8014,#8015,#8016,#8017,#8018,#8019,#8020,
    #8021,#8022,#8023,#8024,#8025,#8026,#8027,#8028,#8029,#8030,#8031,
    #8032,#8033,#8034,#8035,#8036,#8037,#8038,#8039,#8040,#8041,#8042,
    #8043,#8044,#8045,#8046,#8047,#8048,#8049,#8050,#8051,#8052,#8053,
    #8054,#8055,#8056,#8057,#8058,#8059,#8060,#8061,#8062,#8063,#8064,
    #8065,#8066,#8067,#8068,#8069,#8070,#8071,#8072,#8073,#8074,#8075,
    #8076,#8077,#8078,#8079,#8080,#8081,#8082,#8083,#8084,#8085,#8086,
    #8087,#8088,#8089,#8090,#8091,#8092,#8093,#8094,#8095,#8096,#8097,
    #8098,#8099,#8100,#8101,#8102,#8103,#8104,#8105,#8106,#8107,#8108,
    #8109,#8110,#8111,#8112,#8113,#8114,#8115,#8116,#8117,#8118,#8119,
    #8120,#8121,#8122,#8123,#8124,#8125,#8126,#8127,#8128),
  .UNSPECIFIED.,.F.,.F.,(11,9,9,9,9,9,9,9,9,9,9,9,9,9,9,9,11),(0.,
    4.771698848675,9.543397697351,14.315096546026,19.086795394702,
    23.858494243377,28.630193092053,33.401891940728,38.173590789404,
    42.945289638079,47.716988486755,52.48868733543,57.260386184106,
    62.032085032781,66.803783881457,71.575482730132,76.347181578808),
  .UNSPECIFIED.);
#7983 = CARTESIAN_POINT('',(31.049999933369,3.33099237082E-09,
    -1.875000002644));
#7984 = CARTESIAN_POINT('',(31.049999924117,14.631968121231,
    -1.799999966003));
#7985 = CARTESIAN_POINT('',(23.389315499705,29.264384483155,
    -1.725000105645));
#7986 = CARTESIAN_POINT('',(8.062400958149,39.380428634224,
    -1.649999821346));
#7987 = CARTESIAN_POINT('',(-11.86696865535,40.484040813243,
    -1.57500015255));
#7988 = CARTESIAN_POINT('',(-30.40308561337,30.403085485146,
    -1.499999989534));
#7989 = CARTESIAN_POINT('',(-40.48404074059,11.866968779272,
    -1.424999864787));
#7990 = CARTESIAN_POINT('',(-39.38042866162,-8.062401064487,
    -1.350000162325));
#7991 = CARTESIAN_POINT('',(-29.26438447257,-23.38931545887,
    -1.274999903914));
#7992 = CARTESIAN_POINT('',(-14.63196811458,-31.04999993992,
    -1.200000026385));
#7993 = CARTESIAN_POINT('',(14.631968121238,-31.04999992544,
    -1.049999972333));
#7994 = CARTESIAN_POINT('',(29.264384483154,-23.38931549768,
    -0.975000095973));
#7995 = CARTESIAN_POINT('',(39.38042863421,-8.062400960664,
    -0.899999833332));
#7996 = CARTESIAN_POINT('',(40.484040813275,11.866968657913,
    -0.8250001404));
#7997 = CARTESIAN_POINT('',(30.403085485106,30.403085611261,
    -0.749999999582));
#7998 = CARTESIAN_POINT('',(11.866968779305,40.484040741999,
    -0.674999858114));
#7999 = CARTESIAN_POINT('',(-8.062401064506,39.380428660899,
    -0.600000165754));
#8000 = CARTESIAN_POINT('',(-23.38931545886,29.264384472838,
    -0.524999902672));
#8001 = CARTESIAN_POINT('',(-31.04999993992,14.631968114542,
    -0.450000026605));
#8002 = CARTESIAN_POINT('',(-31.04999992543,-14.63196812121,
    -0.299999972225));
#8003 = CARTESIAN_POINT('',(-23.38931549768,-29.26438448317,
    -0.225000096138));
#8004 = CARTESIAN_POINT('',(-8.062400960646,-39.38042863419,
    -0.149999833128));
#8005 = CARTESIAN_POINT('',(11.866968657885,-40.48404081326,
    -7.500014060694E-02));
#8006 = CARTESIAN_POINT('',(30.403085611288,-30.40308548513,
    5.888846236172E-10));
#8007 = CARTESIAN_POINT('',(40.484040741981,-11.86696877927,
    7.500014177336E-02));
#8008 = CARTESIAN_POINT('',(39.380428660905,8.062401064486,
    0.149999834304));
#8009 = CARTESIAN_POINT('',(29.264384472838,23.389315458877,
    0.225000097307));
#8010 = CARTESIAN_POINT('',(14.631968114541,31.049999939926,
    0.299999973399));
#8011 = CARTESIAN_POINT('',(-14.63196812121,31.049999925441,
    0.450000027773));
#8012 = CARTESIAN_POINT('',(-29.26438448319,23.389315497679,
    0.524999903865));
#8013 = CARTESIAN_POINT('',(-39.38042863416,8.062400960667,
    0.600000166868));
#8014 = CARTESIAN_POINT('',(-40.48404081331,-11.86696865791,
    0.674999859397));
#8015 = CARTESIAN_POINT('',(-30.40308548507,-30.40308561125,
    0.750000000585));
#8016 = CARTESIAN_POINT('',(-11.86696877932,-40.48404074201,
    0.825000141776));
#8017 = CARTESIAN_POINT('',(8.06240106451,-39.38042866089,0.899999834303
    ));
#8018 = CARTESIAN_POINT('',(23.38931545887,-29.26438447284,
    0.975000097307));
#8019 = CARTESIAN_POINT('',(31.049999939926,-14.63196811454,
    1.049999973399));
#8020 = CARTESIAN_POINT('',(31.04999992544,14.631968121216,
    1.200000027773));
#8021 = CARTESIAN_POINT('',(23.389315497681,29.264384483179,
    1.274999903865));
#8022 = CARTESIAN_POINT('',(8.062400960666,39.380428634189,
    1.350000166869));
#8023 = CARTESIAN_POINT('',(-11.86696865792,40.484040813285,
    1.424999859396));
#8024 = CARTESIAN_POINT('',(-30.40308561124,30.403085485104,
    1.500000000587));
#8025 = CARTESIAN_POINT('',(-40.48404074201,11.866968779305,
    1.575000141774));
#8026 = CARTESIAN_POINT('',(-39.38042866088,-8.062401064505,
    1.649999834304));
#8027 = CARTESIAN_POINT('',(-29.26438447284,-23.38931545887,
    1.725000097307));
#8028 = CARTESIAN_POINT('',(-14.63196811454,-31.04999993992,
    1.799999973399));
#8029 = CARTESIAN_POINT('',(14.631968121213,-31.04999992544,
    1.950000027773));
#8030 = CARTESIAN_POINT('',(29.264384483202,-23.38931549768,
    2.024999903866));
#8031 = CARTESIAN_POINT('',(39.380428634132,-8.062400960652,
    2.100000166866));
#8032 = CARTESIAN_POINT('',(40.484040813373,11.866968657889,
    2.174999859401));
#8033 = CARTESIAN_POINT('',(30.40308548501,30.403085611293,
    2.250000000581));
#8034 = CARTESIAN_POINT('',(11.866968779377,40.484040741968,
    2.32500014178));
#8035 = CARTESIAN_POINT('',(-8.062401064544,39.38042866092,
    2.399999834301));
#8036 = CARTESIAN_POINT('',(-23.38931545885,29.264384472828,
    2.475000097308));
#8037 = CARTESIAN_POINT('',(-31.04999993992,14.631968114544,
    2.549999973399));
#8038 = CARTESIAN_POINT('',(-31.04999992543,-14.63196812122,
    2.700000027773));
#8039 = CARTESIAN_POINT('',(-23.38931549768,-29.26438448315,
    2.774999903863));
#8040 = CARTESIAN_POINT('',(-8.062400960659,-39.38042863423,
    2.850000166872));
#8041 = CARTESIAN_POINT('',(11.866968657906,-40.48404081321,
    2.924999859391));
#8042 = CARTESIAN_POINT('',(30.403085611266,-30.40308548518,
    3.000000000592));
#8043 = CARTESIAN_POINT('',(40.484040741997,-11.86696877924,
    3.075000141771));
#8044 = CARTESIAN_POINT('',(39.380428660899,8.06240106447,3.149999834306
    ));
#8045 = CARTESIAN_POINT('',(29.264384472839,23.389315458882,
    3.225000097306));
#8046 = CARTESIAN_POINT('',(14.631968114541,31.049999939925,
    3.299999973399));
#8047 = CARTESIAN_POINT('',(-14.63196812121,31.049999925441,
    3.450000027773));
#8048 = CARTESIAN_POINT('',(-29.26438448318,23.38931549768,
    3.524999903865));
#8049 = CARTESIAN_POINT('',(-39.38042863416,8.062400960659,
    3.600000166867));
#8050 = CARTESIAN_POINT('',(-40.48404081331,-11.8669686579,
    3.674999859399));
#8051 = CARTESIAN_POINT('',(-30.40308548507,-30.40308561127,
    3.750000000583));
#8052 = CARTESIAN_POINT('',(-11.86696877932,-40.48404074198,
    3.825000141778));
#8053 = CARTESIAN_POINT('',(8.062401064515,-39.3804286609,3.899999834302
    ));
#8054 = CARTESIAN_POINT('',(23.389315458866,-29.26438447283,
    3.975000097308));
#8055 = CARTESIAN_POINT('',(31.049999939928,-14.63196811454,
    4.049999973399));
#8056 = CARTESIAN_POINT('',(31.049999925437,14.63196812122,
    4.200000027773));
#8057 = CARTESIAN_POINT('',(23.389315497697,29.26438448316,
    4.274999903863));
#8058 = CARTESIAN_POINT('',(8.062400960627,39.380428634239,
    4.350000166872));
#8059 = CARTESIAN_POINT('',(-11.86696865785,40.484040813198,
    4.424999859391));
#8060 = CARTESIAN_POINT('',(-30.40308561131,30.40308548521,
    4.500000000592));
#8061 = CARTESIAN_POINT('',(-40.48404074196,11.866968779215,
    4.575000141771));
#8062 = CARTESIAN_POINT('',(-39.38042866091,-8.062401064453,
    4.649999834305));
#8063 = CARTESIAN_POINT('',(-29.26438447283,-23.38931545888,
    4.725000097307));
#8064 = CARTESIAN_POINT('',(-14.63196811454,-31.04999993992,
    4.799999973399));
#8065 = CARTESIAN_POINT('',(14.631968121219,-31.04999992544,
    4.950000027773));
#8066 = CARTESIAN_POINT('',(29.264384483166,-23.38931549768,
    5.024999903864));
#8067 = CARTESIAN_POINT('',(39.380428634219,-8.062400960654,
    5.100000166873));
#8068 = CARTESIAN_POINT('',(40.484040813235,11.866968657898,
    5.174999859388));
#8069 = CARTESIAN_POINT('',(30.403085485164,30.403085611274,
    5.250000000596));
#8070 = CARTESIAN_POINT('',(11.866968779253,40.484040741991,
    5.325000141767));
#8071 = CARTESIAN_POINT('',(-8.062401064474,39.380428660903,
    5.399999834307));
#8072 = CARTESIAN_POINT('',(-23.38931545888,29.264384472837,
    5.475000097306));
#8073 = CARTESIAN_POINT('',(-31.04999993992,14.631968114542,
    5.549999973399));
#8074 = CARTESIAN_POINT('',(-31.04999992544,-14.63196812121,
    5.700000027773));
#8075 = CARTESIAN_POINT('',(-23.38931549768,-29.26438448318,
    5.774999903866));
#8076 = CARTESIAN_POINT('',(-8.062400960662,-39.38042863418,
    5.850000166867));
#8077 = CARTESIAN_POINT('',(11.866968657914,-40.48404081328,
    5.924999859399));
#8078 = CARTESIAN_POINT('',(30.40308561125,-30.4030854851,6.000000000583
    ));
#8079 = CARTESIAN_POINT('',(40.484040742017,-11.8669687793,
    6.075000141777));
#8080 = CARTESIAN_POINT('',(39.380428660882,8.062401064499,
    6.149999834302));
#8081 = CARTESIAN_POINT('',(29.264384472848,23.389315458873,
    6.225000097307));
#8082 = CARTESIAN_POINT('',(14.631968114538,31.049999939926,
    6.299999973399));
#8083 = CARTESIAN_POINT('',(-14.63196812121,31.049999925441,
    6.450000027773));
#8084 = CARTESIAN_POINT('',(-29.26438448321,23.389315497679,
    6.524999903867));
#8085 = CARTESIAN_POINT('',(-39.38042863411,8.062400960666,
    6.600000166861));
#8086 = CARTESIAN_POINT('',(-40.4840408134,-11.86696865791,6.67499985941
    ));
#8087 = CARTESIAN_POINT('',(-30.40308548498,-30.40308561125,
    6.750000000571));
#8088 = CARTESIAN_POINT('',(-11.86696877939,-40.484040742,6.825000141787
    ));
#8089 = CARTESIAN_POINT('',(8.062401064546,-39.38042866089,
    6.899999834298));
#8090 = CARTESIAN_POINT('',(23.389315458857,-29.26438447283,
    6.975000097309));
#8091 = CARTESIAN_POINT('',(31.049999939929,-14.63196811454,
    7.049999973399));
#8092 = CARTESIAN_POINT('',(31.049999925439,14.631968121216,
    7.200000027773));
#8093 = CARTESIAN_POINT('',(23.389315497685,29.264384483184,
    7.274999903864));
#8094 = CARTESIAN_POINT('',(8.062400960655,39.380428634175,7.35000016687
    ));
#8095 = CARTESIAN_POINT('',(-11.8669686579,40.484040813307,
    7.424999859395));
#8096 = CARTESIAN_POINT('',(-30.40308561125,30.403085485085,
    7.500000000587));
#8097 = CARTESIAN_POINT('',(-40.48404074201,11.866968779312,
    7.575000141775));
#8098 = CARTESIAN_POINT('',(-39.38042866088,-8.062401064504,
    7.649999834304));
#8099 = CARTESIAN_POINT('',(-29.26438447284,-23.38931545887,
    7.725000097307));
#8100 = CARTESIAN_POINT('',(-14.63196811453,-31.04999993992,
    7.799999973399));
#8101 = CARTESIAN_POINT('',(14.631968121213,-31.04999992544,
    7.950000027773));
#8102 = CARTESIAN_POINT('',(29.264384483202,-23.38931549767,
    8.024999903867));
#8103 = CARTESIAN_POINT('',(39.380428634132,-8.062400960666,
    8.100000166861));
#8104 = CARTESIAN_POINT('',(40.484040813372,11.866968657919,
    8.17499985941));
#8105 = CARTESIAN_POINT('',(30.403085485016,30.403085611247,
    8.250000000571));
#8106 = CARTESIAN_POINT('',(11.866968779364,40.484040742017,
    8.325000141787));
#8107 = CARTESIAN_POINT('',(-8.062401064535,39.380428660885,
    8.399999834297));
#8108 = CARTESIAN_POINT('',(-23.38931545886,29.264384472843,
    8.47500009731));
#8109 = CARTESIAN_POINT('',(-31.04999993992,14.631968114541,
    8.549999973397));
#8110 = CARTESIAN_POINT('',(-31.04999992543,-14.63196812121,
    8.700000027777));
#8111 = CARTESIAN_POINT('',(-23.38931549768,-29.26438448318,
    8.774999903844));
#8112 = CARTESIAN_POINT('',(-8.062400960661,-39.38042863417,
    8.850000166924));
#8113 = CARTESIAN_POINT('',(11.866968657919,-40.48404081331,
    8.92499985929));
#8114 = CARTESIAN_POINT('',(30.403085611235,-30.40308548508,
    9.000000000746));
#8115 = CARTESIAN_POINT('',(40.484040742041,-11.86696877931,
    9.07500014158));
#8116 = CARTESIAN_POINT('',(39.380428660855,8.062401064504,
    9.149999834499));
#8117 = CARTESIAN_POINT('',(29.264384472872,23.389315458871,
    9.225000097147));
#8118 = CARTESIAN_POINT('',(14.63196811452,31.049999939926,
    9.299999973505));
#8119 = CARTESIAN_POINT('',(-14.63196812117,31.049999925441,
    9.450000027557));
#8120 = CARTESIAN_POINT('',(-29.26438448342,23.389315497673,
    9.524999905085));
#8121 = CARTESIAN_POINT('',(-39.38042863351,8.062400960683,
    9.600000163501));
#8122 = CARTESIAN_POINT('',(-40.4840408146,-11.86696865795,
    9.674999865952));
#8123 = CARTESIAN_POINT('',(-30.4030854831,-30.40308561118,
    9.749999990713));
#8124 = CARTESIAN_POINT('',(-11.86696878174,-40.4840407421,
    9.825000153718));
#8125 = CARTESIAN_POINT('',(8.062401066938,-39.38042866077,
    9.899999822519));
#8126 = CARTESIAN_POINT('',(23.38931545689,-29.26438447294,
    9.975000106818));
#8127 = CARTESIAN_POINT('',(31.049999941232,-14.63196811446,
    10.049999967174));
#8128 = CARTESIAN_POINT('',(31.049999932004,3.297020587973E-09,
    10.125000003816));
#8129 = PCURVE('',#6967,#8130);
#8130 = DEFINITIONAL_REPRESENTATION('',(#8131),#8134);
#8131 = B_SPLINE_CURVE_WITH_KNOTS('',1,(#8132,#8133),.UNSPECIFIED.,.F.,
  .F.,(2,2),(0.,76.347181578808),.PIECEWISE_BEZIER_KNOTS.);
#8132 = CARTESIAN_POINT('',(0.,0.));
#8133 = CARTESIAN_POINT('',(0.,76.347181578808));
#8134 = ( GEOMETRIC_REPRESENTATION_CONTEXT(2) 
PARAMETRIC_REPRESENTATION_CONTEXT() REPRESENTATION_CONTEXT('2D SPACE',''
  ) );
#8135 = PCURVE('',#6564,#8136);
#8136 = DEFINITIONAL_REPRESENTATION('',(#8137),#8141);
#8137 = LINE('',#8138,#8139);
#8138 = CARTESIAN_POINT('',(0.25,0.));
#8139 = VECTOR('',#8140,1.);
#8140 = DIRECTION('',(0.,1.));
#8141 = ( GEOMETRIC_REPRESENTATION_CONTEXT(2) 
PARAMETRIC_REPRESENTATION_CONTEXT() REPRESENTATION_CONTEXT('2D SPACE',''
  ) );
#8142 = ORIENTED_EDGE('',*,*,#8143,.F.);
#8143 = EDGE_CURVE('',#8144,#7979,#8146,.T.);
#8144 = VERTEX_POINT('',#8145);
#8145 = CARTESIAN_POINT('',(-21.43687350689,-21.63781270375,0.));
#8146 = SURFACE_CURVE('',#8147,(#8170,#8196),.PCURVE_S1.);
#8147 = B_SPLINE_CURVE_WITH_KNOTS('',6,(#8148,#8149,#8150,#8151,#8152,
    #8153,#8154,#8155,#8156,#8157,#8158,#8159,#8160,#8161,#8162,#8163,
    #8164,#8165,#8166,#8167,#8168,#8169),.UNSPECIFIED.,.F.,.F.,(7,5,5,5,
    7),(0.,0.242767799814,0.490983324613,0.74270763118,1.),
  .UNSPECIFIED.);
#8148 = CARTESIAN_POINT('',(-28.00162859226,-11.59865913675,0.));
#8149 = CARTESIAN_POINT('',(-27.09698471757,-13.8619726484,0.));
#8150 = CARTESIAN_POINT('',(-25.97378730812,-16.03826636226,0.));
#8151 = CARTESIAN_POINT('',(-24.64306240136,-18.10063214527,0.));
#8152 = CARTESIAN_POINT('',(-23.11996721197,-20.02523215852,0.));
#8153 = CARTESIAN_POINT('',(-21.42267938477,-21.79058869279,0.));
#8154 = CARTESIAN_POINT('',(-17.68245489747,-25.00167143165,0.));
#8155 = CARTESIAN_POINT('',(-15.63210159601,-26.43977768071,0.));
#8156 = CARTESIAN_POINT('',(-13.44574204743,-27.67280250075,0.));
#8157 = CARTESIAN_POINT('',(-11.14926062591,-28.68591237048,0.));
#8158 = CARTESIAN_POINT('',(-8.770224109646,-29.46801129679,0.));
#8159 = CARTESIAN_POINT('',(-3.872204720824,-30.56555204033,0.));
#8160 = CARTESIAN_POINT('',(-1.351016859314,-30.8743978115,0.));
#8161 = CARTESIAN_POINT('',(1.194183710504,-30.93278890567,0.));
#8162 = CARTESIAN_POINT('',(3.732667596649,-30.73981226383,0.));
#8163 = CARTESIAN_POINT('',(6.23399397688,-30.29878727928,0.));
#8164 = CARTESIAN_POINT('',(11.156084092959,-28.92343388424,0.));
#8165 = CARTESIAN_POINT('',(13.574587015906,-27.97820085882,0.));
#8166 = CARTESIAN_POINT('',(15.891473400506,-26.79218955508,0.));
#8167 = CARTESIAN_POINT('',(18.077773790164,-25.37998086375,0.));
#8168 = CARTESIAN_POINT('',(20.106938616037,-23.75997499667,0.));
#8169 = CARTESIAN_POINT('',(21.955664624132,-21.95566478105,0.));
#8170 = PCURVE('',#6967,#8171);
#8171 = DEFINITIONAL_REPRESENTATION('',(#8172),#8195);
#8172 = B_SPLINE_CURVE_WITH_KNOTS('',6,(#8173,#8174,#8175,#8176,#8177,
    #8178,#8179,#8180,#8181,#8182,#8183,#8184,#8185,#8186,#8187,#8188,
    #8189,#8190,#8191,#8192,#8193,#8194),.UNSPECIFIED.,.F.,.F.,(7,5,5,5,
    7),(0.,0.242767799814,0.490983324613,0.74270763118,1.),
  .UNSPECIFIED.);
#8173 = CARTESIAN_POINT('',(0.804444746981,9.941039267373));
#8174 = CARTESIAN_POINT('',(0.771499418254,10.022464573323));
#8175 = CARTESIAN_POINT('',(0.738589520032,10.10380231308));
#8176 = CARTESIAN_POINT('',(0.70572396291,10.185030463931));
#8177 = CARTESIAN_POINT('',(0.672897435541,10.266162151616));
#8178 = CARTESIAN_POINT('',(0.640105031083,10.34720950331));
#8179 = CARTESIAN_POINT('',(0.573871641673,10.510907190997));
#8180 = CARTESIAN_POINT('',(0.54042362929,10.593574895477));
#8181 = CARTESIAN_POINT('',(0.507021412001,10.676129415716));
#8182 = CARTESIAN_POINT('',(0.473659248953,10.758584940779));
#8183 = CARTESIAN_POINT('',(0.440331847978,10.840954550698));
#8184 = CARTESIAN_POINT('',(0.373295749285,11.006636156901));
#8185 = CARTESIAN_POINT('',(0.339578850881,11.08996842142));
#8186 = CARTESIAN_POINT('',(0.305908398201,11.173185894473));
#8187 = CARTESIAN_POINT('',(0.27227839899,11.256303385926));
#8188 = CARTESIAN_POINT('',(0.238683333708,11.33933453713));
#8189 = CARTESIAN_POINT('',(0.170841373558,11.507007854161));
#8190 = CARTESIAN_POINT('',(0.136586377501,11.591670042287));
#8191 = CARTESIAN_POINT('',(0.102379286782,11.676213830468));
#8192 = CARTESIAN_POINT('',(6.821364685865E-02,11.760655171123));
#8193 = CARTESIAN_POINT('',(3.408352538585E-02,11.845008726407));
#8194 = CARTESIAN_POINT('',(0.,11.929247117961));
#8195 = ( GEOMETRIC_REPRESENTATION_CONTEXT(2) 
PARAMETRIC_REPRESENTATION_CONTEXT() REPRESENTATION_CONTEXT('2D SPACE',''
  ) );
#8196 = PCURVE('',#7638,#8197);
#8197 = DEFINITIONAL_REPRESENTATION('',(#8198),#8221);
#8198 = B_SPLINE_CURVE_WITH_KNOTS('',6,(#8199,#8200,#8201,#8202,#8203,
    #8204,#8205,#8206,#8207,#8208,#8209,#8210,#8211,#8212,#8213,#8214,
    #8215,#8216,#8217,#8218,#8219,#8220),.UNSPECIFIED.,.F.,.F.,(7,5,5,5,
    7),(0.,0.242767799814,0.490983324613,0.74270763118,1.),
  .UNSPECIFIED.);
#8199 = CARTESIAN_POINT('',(-28.00162859226,-11.59865913675));
#8200 = CARTESIAN_POINT('',(-27.09698471757,-13.8619726484));
#8201 = CARTESIAN_POINT('',(-25.97378730812,-16.03826636226));
#8202 = CARTESIAN_POINT('',(-24.64306240136,-18.10063214527));
#8203 = CARTESIAN_POINT('',(-23.11996721197,-20.02523215852));
#8204 = CARTESIAN_POINT('',(-21.42267938477,-21.79058869279));
#8205 = CARTESIAN_POINT('',(-17.68245489747,-25.00167143165));
#8206 = CARTESIAN_POINT('',(-15.63210159601,-26.43977768071));
#8207 = CARTESIAN_POINT('',(-13.44574204743,-27.67280250075));
#8208 = CARTESIAN_POINT('',(-11.14926062591,-28.68591237048));
#8209 = CARTESIAN_POINT('',(-8.770224109646,-29.46801129679));
#8210 = CARTESIAN_POINT('',(-3.872204720824,-30.56555204033));
#8211 = CARTESIAN_POINT('',(-1.351016859314,-30.8743978115));
#8212 = CARTESIAN_POINT('',(1.194183710504,-30.93278890567));
#8213 = CARTESIAN_POINT('',(3.732667596649,-30.73981226383));
#8214 = CARTESIAN_POINT('',(6.23399397688,-30.29878727928));
#8215 = CARTESIAN_POINT('',(11.156084092959,-28.92343388424));
#8216 = CARTESIAN_POINT('',(13.574587015906,-27.97820085882));
#8217 = CARTESIAN_POINT('',(15.891473400506,-26.79218955508));
#8218 = CARTESIAN_POINT('',(18.077773790164,-25.37998086375));
#8219 = CARTESIAN_POINT('',(20.106938616037,-23.75997499667));
#8220 = CARTESIAN_POINT('',(21.955664624132,-21.95566478105));
#8221 = ( GEOMETRIC_REPRESENTATION_CONTEXT(2) 
PARAMETRIC_REPRESENTATION_CONTEXT() REPRESENTATION_CONTEXT('2D SPACE',''
  ) );
#8222 = ORIENTED_EDGE('',*,*,#8223,.T.);
#8223 = EDGE_CURVE('',#8144,#8224,#8226,.T.);
#8224 = VERTEX_POINT('',#8225);
#8225 = CARTESIAN_POINT('',(30.458734122635,-7.460238249873E-15,
    0.374265614457));
#8226 = SURFACE_CURVE('',#8227,(#8258,#8292),.PCURVE_S1.);
#8227 = B_SPLINE_CURVE_WITH_KNOTS('',8,(#8228,#8229,#8230,#8231,#8232,
    #8233,#8234,#8235,#8236,#8237,#8238,#8239,#8240,#8241,#8242,#8243,
    #8244,#8245,#8246,#8247,#8248,#8249,#8250,#8251,#8252,#8253,#8254,
    #8255,#8256,#8257),.UNSPECIFIED.,.F.,.F.,(9,7,7,7,9),(0.,
    0.256711252363,0.524147411291,0.779423212716,1.),.UNSPECIFIED.);
#8228 = CARTESIAN_POINT('',(-21.43695494467,-21.63773202194,
    -6.000000000667E-07));
#8229 = CARTESIAN_POINT('',(-19.80447793739,-23.25506123267,
    1.200744081522E-02));
#8230 = CARTESIAN_POINT('',(-18.03209687117,-24.73207952634,
    2.402006627916E-02));
#8231 = CARTESIAN_POINT('',(-16.13444437384,-26.05402053466,
    3.60324462556E-02));
#8232 = CARTESIAN_POINT('',(-14.12755339812,-27.20869530806,
    4.804378424637E-02));
#8233 = CARTESIAN_POINT('',(-12.02852927194,-28.18593320551,
    6.005443265567E-02));
#8234 = CARTESIAN_POINT('',(-9.855530068368,-28.97759282587,
    7.206529068443E-02));
#8235 = CARTESIAN_POINT('',(-7.627747719153,-29.57757435942,
    8.407644587378E-02));
#8236 = CARTESIAN_POINT('',(-3.00905211994,-30.40413655335,
    0.108592835294));
#8237 = CARTESIAN_POINT('',(-0.613783470999,-30.61432564334,
    0.121105325984));
#8238 = CARTESIAN_POINT('',(1.796967954097,-30.6085632454,0.1336160367)
  );
#8239 = CARTESIAN_POINT('',(4.200416022841,-30.38593575162,
    0.146125432434));
#8240 = CARTESIAN_POINT('',(6.574123597963,-29.94818966291,
    0.158635304188));
#8241 = CARTESIAN_POINT('',(8.896033803869,-29.29973438742,
    0.171147148236));
#8242 = CARTESIAN_POINT('',(11.144493017458,-28.44761490152,
    0.183660982164));
#8243 = CARTESIAN_POINT('',(15.354395475641,-26.40453817574,
    0.208112900009));
#8244 = CARTESIAN_POINT('',(17.325384519968,-25.23019460455,
    0.220057931611));
#8245 = CARTESIAN_POINT('',(19.192892724017,-23.88804412404,
    0.232001829119));
#8246 = CARTESIAN_POINT('',(20.940357128239,-22.38898630781,
    0.243944271974));
#8247 = CARTESIAN_POINT('',(22.552755698389,-20.74556189641,
    0.255886233701));
#8248 = CARTESIAN_POINT('',(24.01660664725,-18.9719227031,0.267829008163
    ));
#8249 = CARTESIAN_POINT('',(25.31997860795,-17.08380555715,
    0.279773044577));
#8250 = CARTESIAN_POINT('',(27.431850086223,-13.38386604837,
    0.302033253178));
#8251 = CARTESIAN_POINT('',(28.28371822652,-11.5962365799,0.312351951298
    ));
#8252 = CARTESIAN_POINT('',(29.002141721234,-9.747209753667,
    0.32266989082));
#8253 = CARTESIAN_POINT('',(29.582094428807,-7.848381744704,
    0.332987664308));
#8254 = CARTESIAN_POINT('',(30.019748001967,-5.911723498772,
    0.343306170125));
#8255 = CARTESIAN_POINT('',(30.312433245036,-3.94956565416,
    0.353625982678));
#8256 = CARTESIAN_POINT('',(30.458734123409,-1.974616347085,
    0.363946697682));
#8257 = CARTESIAN_POINT('',(30.458734122635,3.552713678801E-15,
    0.374265614457));
#8258 = PCURVE('',#6967,#8259);
#8259 = DEFINITIONAL_REPRESENTATION('',(#8260),#8291);
#8260 = B_SPLINE_CURVE_WITH_KNOTS('',8,(#8261,#8262,#8263,#8264,#8265,
    #8266,#8267,#8268,#8269,#8270,#8271,#8272,#8273,#8274,#8275,#8276,
    #8277,#8278,#8279,#8280,#8281,#8282,#8283,#8284,#8285,#8286,#8287,
    #8288,#8289,#8290),.UNSPECIFIED.,.F.,.F.,(9,7,7,7,9),(0.,
    0.256711252363,0.524147411291,0.779423212716,1.),.UNSPECIFIED.);
#8261 = CARTESIAN_POINT('',(0.641644607862,10.343400578433));
#8262 = CARTESIAN_POINT('',(0.641645802948,10.419795964122));
#8263 = CARTESIAN_POINT('',(0.641650245108,10.496212493326));
#8264 = CARTESIAN_POINT('',(0.641656974762,10.572621807067));
#8265 = CARTESIAN_POINT('',(0.641663910581,10.649023981877));
#8266 = CARTESIAN_POINT('',(0.641669039184,10.725426235972));
#8267 = CARTESIAN_POINT('',(0.641671720224,10.801835872942));
#8268 = CARTESIAN_POINT('',(0.641672152651,10.878252958038));
#8269 = CARTESIAN_POINT('',(0.641669748084,11.034238670553));
#8270 = CARTESIAN_POINT('',(0.641666772489,11.113853808046));
#8271 = CARTESIAN_POINT('',(0.641662760776,11.193460181668));
#8272 = CARTESIAN_POINT('',(0.641658923609,11.273057757632));
#8273 = CARTESIAN_POINT('',(0.641656355862,11.352655224746));
#8274 = CARTESIAN_POINT('',(0.641655239905,11.432261651986));
#8275 = CARTESIAN_POINT('',(0.64165523235,11.511877999921));
#8276 = CARTESIAN_POINT('',(0.641656385703,11.667444733683));
#8277 = CARTESIAN_POINT('',(0.641657494012,11.743439452523));
#8278 = CARTESIAN_POINT('',(0.641658705072,11.819426702006));
#8279 = CARTESIAN_POINT('',(0.64165944425,11.895405862863));
#8280 = CARTESIAN_POINT('',(0.641659305142,11.971384133376));
#8281 = CARTESIAN_POINT('',(0.641658448112,12.047369349082));
#8282 = CARTESIAN_POINT('',(0.641657346659,12.123363197758));
#8283 = CARTESIAN_POINT('',(0.641655728488,12.26499254612));
#8284 = CARTESIAN_POINT('',(0.641655149422,12.330644261596));
#8285 = CARTESIAN_POINT('',(0.641655065029,12.396289965002));
#8286 = CARTESIAN_POINT('',(0.641655757408,12.461932637313));
#8287 = CARTESIAN_POINT('',(0.641657410201,12.527577610592));
#8288 = CARTESIAN_POINT('',(0.641659894212,12.593228900483));
#8289 = CARTESIAN_POINT('',(0.641662706472,12.658885042132));
#8290 = CARTESIAN_POINT('',(0.641665373683,12.724530134438));
#8291 = ( GEOMETRIC_REPRESENTATION_CONTEXT(2) 
PARAMETRIC_REPRESENTATION_CONTEXT() REPRESENTATION_CONTEXT('2D SPACE',''
  ) );
#8292 = PCURVE('',#8293,#8298);
#8293 = CYLINDRICAL_SURFACE('',#8294,30.458734122635);
#8294 = AXIS2_PLACEMENT_3D('',#8295,#8296,#8297);
#8295 = CARTESIAN_POINT('',(0.,0.,0.));
#8296 = DIRECTION('',(0.,0.,1.));
#8297 = DIRECTION('',(1.,0.,-0.));
#8298 = DEFINITIONAL_REPRESENTATION('',(#8299),#8330);
#8299 = B_SPLINE_CURVE_WITH_KNOTS('',8,(#8300,#8301,#8302,#8303,#8304,
    #8305,#8306,#8307,#8308,#8309,#8310,#8311,#8312,#8313,#8314,#8315,
    #8316,#8317,#8318,#8319,#8320,#8321,#8322,#8323,#8324,#8325,#8326,
    #8327,#8328,#8329),.UNSPECIFIED.,.F.,.F.,(9,7,7,7,9),(0.,
    0.256711252363,0.524147411291,0.779423212716,1.),.UNSPECIFIED.);
#8300 = CARTESIAN_POINT('',(3.931651921626,-6.E-07));
#8301 = CARTESIAN_POINT('',(4.007097768059,1.200744081522E-02));
#8302 = CARTESIAN_POINT('',(4.082564482975,2.402006627917E-02));
#8303 = CARTESIAN_POINT('',(4.158024037679,3.60324462556E-02));
#8304 = CARTESIAN_POINT('',(4.233476498786,4.804378424638E-02));
#8305 = CARTESIAN_POINT('',(4.308929020202,6.005443265567E-02));
#8306 = CARTESIAN_POINT('',(4.384388849321,7.206529068443E-02));
#8307 = CARTESIAN_POINT('',(4.459856071146,8.407644587378E-02));
#8308 = CARTESIAN_POINT('',(4.613902970155,0.108592835294));
#8309 = CARTESIAN_POINT('',(4.692528582938,0.121105325984));
#8310 = CARTESIAN_POINT('',(4.771145592721,0.1336160367));
#8311 = CARTESIAN_POINT('',(4.849753953881,0.146125432434));
#8312 = CARTESIAN_POINT('',(4.928362211037,0.158635304187));
#8313 = CARTESIAN_POINT('',(5.006979281826,0.171147148236));
#8314 = CARTESIAN_POINT('',(5.085606094615,0.183660982164));
#8315 = CARTESIAN_POINT('',(5.239239209059,0.208112900009));
#8316 = CARTESIAN_POINT('',(5.314289297812,0.220057931611));
#8317 = CARTESIAN_POINT('',(5.389331955703,0.232001829119));
#8318 = CARTESIAN_POINT('',(5.464366584396,0.243944271974));
#8319 = CARTESIAN_POINT('',(5.539400322869,0.255886233701));
#8320 = CARTESIAN_POINT('',(5.614440943228,0.267829008163));
#8321 = CARTESIAN_POINT('',(5.689490133551,0.279773044577));
#8322 = CARTESIAN_POINT('',(5.829359021792,0.302033253178));
#8323 = CARTESIAN_POINT('',(5.894194720026,0.312351951298));
#8324 = CARTESIAN_POINT('',(5.959024527314,0.32266989082));
#8325 = CARTESIAN_POINT('',(6.02385137324,0.332987664308));
#8326 = CARTESIAN_POINT('',(6.088680517561,0.343306170125));
#8327 = CARTESIAN_POINT('',(6.153515911363,0.353625982678));
#8328 = CARTESIAN_POINT('',(6.218356074975,0.363946697682));
#8329 = CARTESIAN_POINT('',(6.28318530718,0.374265614457));
#8330 = ( GEOMETRIC_REPRESENTATION_CONTEXT(2) 
PARAMETRIC_REPRESENTATION_CONTEXT() REPRESENTATION_CONTEXT('2D SPACE',''
  ) );
#8331 = ORIENTED_EDGE('',*,*,#8332,.T.);
#8332 = EDGE_CURVE('',#8224,#8333,#8335,.T.);
#8333 = VERTEX_POINT('',#8334);
#8334 = CARTESIAN_POINT('',(30.458734122635,-7.460238249873E-15,
    1.374263552409));
#8335 = SURFACE_CURVE('',#8336,(#8416,#8499),.PCURVE_S1.);
#8336 = B_SPLINE_CURVE_WITH_KNOTS('',8,(#8337,#8338,#8339,#8340,#8341,
    #8342,#8343,#8344,#8345,#8346,#8347,#8348,#8349,#8350,#8351,#8352,
    #8353,#8354,#8355,#8356,#8357,#8358,#8359,#8360,#8361,#8362,#8363,
    #8364,#8365,#8366,#8367,#8368,#8369,#8370,#8371,#8372,#8373,#8374,
    #8375,#8376,#8377,#8378,#8379,#8380,#8381,#8382,#8383,#8384,#8385,
    #8386,#8387,#8388,#8389,#8390,#8391,#8392,#8393,#8394,#8395,#8396,
    #8397,#8398,#8399,#8400,#8401,#8402,#8403,#8404,#8405,#8406,#8407,
    #8408,#8409,#8410,#8411,#8412,#8413,#8414,#8415),.UNSPECIFIED.,.F.,
  .F.,(9,7,7,7,7,7,7,7,7,7,7,9),(0.,9.339742260037E-02,0.20547174899,
    0.246537776611,0.306382369717,0.395688296991,0.508673234375,
    0.624302185164,0.715466396823,0.820962898082,0.909345877143,1.),
  .UNSPECIFIED.);
#8337 = CARTESIAN_POINT('',(30.458734122635,7.105427357601E-15,
    0.374265614457));
#8338 = CARTESIAN_POINT('',(30.458734122635,2.234391741048,
    0.385942061471));
#8339 = CARTESIAN_POINT('',(30.271407812797,4.469255522194,
    0.397620901183));
#8340 = CARTESIAN_POINT('',(29.896616888976,6.685532414815,0.40929800248
    ));
#8341 = CARTESIAN_POINT('',(29.33671796491,8.864875550196,0.4209730389)
  );
#8342 = CARTESIAN_POINT('',(28.596031775419,10.989541965986,
    0.432646882489));
#8343 = CARTESIAN_POINT('',(27.680810120228,13.042401081474,
    0.444320877591));
#8344 = CARTESIAN_POINT('',(26.59922167063,15.006961197366,
    0.455995935123));
#8345 = CARTESIAN_POINT('',(23.876911014164,19.100188070179,
    0.481677897307));
#8346 = CARTESIAN_POINT('',(22.166871347815,21.184250108334,
    0.495691373083));
#8347 = CARTESIAN_POINT('',(20.249820110312,23.09182905207,
    0.509702717312));
#8348 = CARTESIAN_POINT('',(18.147417073707,24.799425972173,
    0.523713919515));
#8349 = CARTESIAN_POINT('',(15.8837884768,26.286765080298,0.53772844893)
  );
#8350 = CARTESIAN_POINT('',(13.485557296914,27.53694796333,0.5517473362)
  );
#8351 = CARTESIAN_POINT('',(10.981725079832,28.53638733422,
    0.565767227768));
#8352 = CARTESIAN_POINT('',(7.460228343635,29.547330069847,
    0.584911766892));
#8353 = CARTESIAN_POINT('',(6.506064011736,29.783582096215,
    0.590044327257));
#8354 = CARTESIAN_POINT('',(5.543449529014,29.984587655744,0.59517615771
    ));
#8355 = CARTESIAN_POINT('',(4.573829961624,30.150012251757,
    0.600307664382));
#8356 = CARTESIAN_POINT('',(3.598703762661,30.279591572331,
    0.605439161415));
#8357 = CARTESIAN_POINT('',(2.61962277216,30.373131490301,0.610570870963
    ));
#8358 = CARTESIAN_POINT('',(1.638192217098,30.430508063264,
    0.615702923192));
#8359 = CARTESIAN_POINT('',(-0.775152742536,30.482502751001,
    0.628314734913));
#8360 = CARTESIAN_POINT('',(-2.207895670692,30.436458301975,
    0.63579594874));
#8361 = CARTESIAN_POINT('',(-3.637440375794,30.313457540477,
    0.643278402903));
#8362 = CARTESIAN_POINT('',(-5.059054328732,30.11375754748,
    0.650760767797));
#8363 = CARTESIAN_POINT('',(-6.467990982562,29.837951075369,
    0.658242272708));
#8364 = CARTESIAN_POINT('',(-7.85949518479,29.486987725227,
    0.665722983459));
#8365 = CARTESIAN_POINT('',(-9.228813187946,29.062214356983,
    0.673203064031));
#8366 = CARTESIAN_POINT('',(-12.57445836285,27.824091818729,
    0.691840359286));
#8367 = CARTESIAN_POINT('',(-14.51868000846,26.922050411126,
    0.703000362698));
#8368 = CARTESIAN_POINT('',(-16.38827739023,25.864964739409,
    0.714159224723));
#8369 = CARTESIAN_POINT('',(-18.16887687564,24.660205308529,
    0.725317911283));
#8370 = CARTESIAN_POINT('',(-19.84714497703,23.316574121897,
    0.736478150276));
#8371 = CARTESIAN_POINT('',(-21.41073644745,21.844199081897,
    0.747640918042));
#8372 = CARTESIAN_POINT('',(-22.84837149997,20.254607567603,
    0.758805423933));
#8373 = CARTESIAN_POINT('',(-25.79684412032,16.418293904753,
    0.784091619301));
#8374 = CARTESIAN_POINT('',(-27.22713168643,14.107647431881,
    0.798221913666));
#8375 = CARTESIAN_POINT('',(-28.41966588808,11.65595900711,
    0.812348734156));
#8376 = CARTESIAN_POINT('',(-29.35883674544,9.092100037886,
    0.826471441374));
#8377 = CARTESIAN_POINT('',(-30.03304885998,6.446225272238,
    0.840592318689));
#8378 = CARTESIAN_POINT('',(-30.43486185767,3.749751795339,0.85471467565
    ));
#8379 = CARTESIAN_POINT('',(-30.56085743137,1.035256022053,
    0.868839972628));
#8380 = CARTESIAN_POINT('',(-30.26227399094,-4.424742838812,
    0.897409629905));
#8381 = CARTESIAN_POINT('',(-29.82460613591,-7.171962953597,
    0.911866675026));
#8382 = CARTESIAN_POINT('',(-29.10182237388,-9.86804379393,
    0.926320463475));
#8383 = CARTESIAN_POINT('',(-28.1015665554,-12.47865762443,
    0.940772084084));
#8384 = CARTESIAN_POINT('',(-26.83568839343,-14.97128324269,
    0.955224103209));
#8385 = CARTESIAN_POINT('',(-25.32038354912,-17.31534957302,
    0.969678907724));
#8386 = CARTESIAN_POINT('',(-23.57597833093,-19.48222697997,
    0.984137230422));
#8387 = CARTESIAN_POINT('',(-20.09322712283,-22.9946004318,
    1.009983258508));
#8388 = CARTESIAN_POINT('',(-18.43085983099,-24.41771689932,
    1.021379550069));
#8389 = CARTESIAN_POINT('',(-16.65382595075,-25.70291144995,
    1.03277474417));
#8390 = CARTESIAN_POINT('',(-14.77562556976,-26.83953642336,
    1.044168903351));
#8391 = CARTESIAN_POINT('',(-12.8107002748,-27.81861626596,
    1.055563138261));
#8392 = CARTESIAN_POINT('',(-10.77436231681,-28.63274906174,
    1.066958538127));
#8393 = CARTESIAN_POINT('',(-8.682841102562,-29.27622427471,
    1.078355093056));
#8394 = CARTESIAN_POINT('',(-4.089214936527,-30.28827888461,
    1.102935090848));
#8395 = CARTESIAN_POINT('',(-1.57270119329,-30.59807999596,
    1.116126091362));
#8396 = CARTESIAN_POINT('',(0.96908989937,-30.66850427124,1.129315223093
    ));
#8397 = CARTESIAN_POINT('',(3.509505226679,-30.49767972692,
    1.142502257145));
#8398 = CARTESIAN_POINT('',(6.022252503572,-30.08699371451,
    1.155688370008));
#8399 = CARTESIAN_POINT('',(8.481453735267,-29.44111302381,
    1.168874925676));
#8400 = CARTESIAN_POINT('',(10.861682338119,-28.56790859879,
    1.182062515556));
#8401 = CARTESIAN_POINT('',(15.04537937583,-26.56764834677,
    1.206289914305));
#8402 = CARTESIAN_POINT('',(16.880598354057,-25.50435494502,
    1.217335857299));
#8403 = CARTESIAN_POINT('',(18.629294245927,-24.29645855886,
    1.228380815936));
#8404 = CARTESIAN_POINT('',(20.278238342191,-22.95232954649,
    1.23942506807));
#8405 = CARTESIAN_POINT('',(21.815319123554,-21.48161781058,
    1.250470196336));
#8406 = CARTESIAN_POINT('',(23.229484973117,-19.89515720628,
    1.261517639438));
#8407 = CARTESIAN_POINT('',(24.510822347927,-18.20502452568,
    1.272567258303));
#8408 = CARTESIAN_POINT('',(26.820009257423,-14.59873463341,
    1.294948489083));
#8409 = CARTESIAN_POINT('',(27.84090964907,-12.67724389126,
    1.306284022272));
#8410 = CARTESIAN_POINT('',(28.704020591481,-10.67483265558,
    1.317618620448));
#8411 = CARTESIAN_POINT('',(29.402026183627,-8.606730426968,
    1.328951188595));
#8412 = CARTESIAN_POINT('',(29.929407195559,-6.488695327861,
    1.340280862341));
#8413 = CARTESIAN_POINT('',(30.282324876653,-4.336969241183,
    1.351607589844));
#8414 = CARTESIAN_POINT('',(30.458734121603,-2.168300814404,1.3629336077
    ));
#8415 = CARTESIAN_POINT('',(30.458734122635,3.552713678801E-15,
    1.374263552409));
#8416 = PCURVE('',#6967,#8417);
#8417 = DEFINITIONAL_REPRESENTATION('',(#8418),#8498);
#8418 = B_SPLINE_CURVE_WITH_KNOTS('',8,(#8419,#8420,#8421,#8422,#8423,
    #8424,#8425,#8426,#8427,#8428,#8429,#8430,#8431,#8432,#8433,#8434,
    #8435,#8436,#8437,#8438,#8439,#8440,#8441,#8442,#8443,#8444,#8445,
    #8446,#8447,#8448,#8449,#8450,#8451,#8452,#8453,#8454,#8455,#8456,
    #8457,#8458,#8459,#8460,#8461,#8462,#8463,#8464,#8465,#8466,#8467,
    #8468,#8469,#8470,#8471,#8472,#8473,#8474,#8475,#8476,#8477,#8478,
    #8479,#8480,#8481,#8482,#8483,#8484,#8485,#8486,#8487,#8488,#8489,
    #8490,#8491,#8492,#8493,#8494,#8495,#8496,#8497),.UNSPECIFIED.,.F.,
  .F.,(9,7,7,7,7,7,7,7,7,7,7,9),(0.,9.339742260037E-02,0.20547174899,
    0.246537776611,0.306382369717,0.395688296991,0.508673234375,
    0.624302185164,0.715466396823,0.820962898082,0.909345877143,1.),
  .UNSPECIFIED.);
#8419 = CARTESIAN_POINT('',(0.641665376774,12.724530133645));
#8420 = CARTESIAN_POINT('',(0.641668395826,12.798811323669));
#8421 = CARTESIAN_POINT('',(0.641671215174,12.873108230249));
#8422 = CARTESIAN_POINT('',(0.641673079503,12.94739643693));
#8423 = CARTESIAN_POINT('',(0.641673116127,13.021676023538));
#8424 = CARTESIAN_POINT('',(0.641670637613,13.095954237272));
#8425 = CARTESIAN_POINT('',(0.641665873446,13.170239064024));
#8426 = CARTESIAN_POINT('',(0.641660063944,13.244533233818));
#8427 = CARTESIAN_POINT('',(0.64164818579,13.407958043523));
#8428 = CARTESIAN_POINT('',(0.641642289154,13.497130065526));
#8429 = CARTESIAN_POINT('',(0.641639542249,13.586280741416));
#8430 = CARTESIAN_POINT('',(0.641642790687,13.675415696034));
#8431 = CARTESIAN_POINT('',(0.641654094408,13.764551910404));
#8432 = CARTESIAN_POINT('',(0.641669469206,13.853705788821));
#8433 = CARTESIAN_POINT('',(0.641678743579,13.942881134219));
#8434 = CARTESIAN_POINT('',(0.641680155272,14.064680278903));
#8435 = CARTESIAN_POINT('',(0.641679521733,14.097336554557));
#8436 = CARTESIAN_POINT('',(0.641677572747,14.129991437484));
#8437 = CARTESIAN_POINT('',(0.641674334653,14.162647446496));
#8438 = CARTESIAN_POINT('',(0.641670163481,14.195305700314));
#8439 = CARTESIAN_POINT('',(0.64166574495,14.227965917563));
#8440 = CARTESIAN_POINT('',(0.64166209447,14.260626416774));
#8441 = CARTESIAN_POINT('',(0.641658316827,14.340875443284));
#8442 = CARTESIAN_POINT('',(0.641662615628,14.388462284551));
#8443 = CARTESIAN_POINT('',(0.641670662512,14.436047753672));
#8444 = CARTESIAN_POINT('',(0.641677791461,14.483634923537));
#8445 = CARTESIAN_POINT('',(0.641681237872,14.531225723467));
#8446 = CARTESIAN_POINT('',(0.641681301835,14.578819830548));
#8447 = CARTESIAN_POINT('',(0.641679898281,14.626413555277));
#8448 = CARTESIAN_POINT('',(0.64167141379,14.745009938681));
#8449 = CARTESIAN_POINT('',(0.64166258186,14.816034667619));
#8450 = CARTESIAN_POINT('',(0.641652749073,14.887054608398));
#8451 = CARTESIAN_POINT('',(0.641645195661,14.958067799285));
#8452 = CARTESIAN_POINT('',(0.641641806257,15.029080575701));
#8453 = CARTESIAN_POINT('',(0.641642423823,15.100099537498));
#8454 = CARTESIAN_POINT('',(0.641645482454,15.171123524547));
#8455 = CARTESIAN_POINT('',(0.641655532062,15.331976165757));
#8456 = CARTESIAN_POINT('',(0.641663269229,15.42185772227));
#8457 = CARTESIAN_POINT('',(0.641670519977,15.511718379264));
#8458 = CARTESIAN_POINT('',(0.641674245963,15.601561578082));
#8459 = CARTESIAN_POINT('',(0.641673746941,15.691403576796));
#8460 = CARTESIAN_POINT('',(0.641670703801,15.781261277272));
#8461 = CARTESIAN_POINT('',(0.641666763131,15.871139901182));
#8462 = CARTESIAN_POINT('',(0.64165937758,16.052925889097));
#8463 = CARTESIAN_POINT('',(0.641655942248,16.14491393369));
#8464 = CARTESIAN_POINT('',(0.641654054137,16.236877434482));
#8465 = CARTESIAN_POINT('',(0.641654425517,16.3288215585));
#8466 = CARTESIAN_POINT('',(0.641656212486,16.420764719317));
#8467 = CARTESIAN_POINT('',(0.641657887903,16.512725877222));
#8468 = CARTESIAN_POINT('',(0.641658757314,16.604711410811));
#8469 = CARTESIAN_POINT('',(0.641658818411,16.769150543093));
#8470 = CARTESIAN_POINT('',(0.64165832648,16.841657987338));
#8471 = CARTESIAN_POINT('',(0.641657308176,16.914159750201));
#8472 = CARTESIAN_POINT('',(0.641656018367,16.986655599666));
#8473 = CARTESIAN_POINT('',(0.64165502107,17.059151207977));
#8474 = CARTESIAN_POINT('',(0.641654867576,17.131652142569));
#8475 = CARTESIAN_POINT('',(0.641655755537,17.204157852));
#8476 = CARTESIAN_POINT('',(0.6416595589,17.360532914767));
#8477 = CARTESIAN_POINT('',(0.641662773182,17.444449613195));
#8478 = CARTESIAN_POINT('',(0.641666902949,17.528352159289));
#8479 = CARTESIAN_POINT('',(0.641671060348,17.612241291097));
#8480 = CARTESIAN_POINT('',(0.641673634128,17.696128476016));
#8481 = CARTESIAN_POINT('',(0.641673147456,17.780026042169));
#8482 = CARTESIAN_POINT('',(0.64166974214,17.863937401771));
#8483 = CARTESIAN_POINT('',(0.64166038504,18.018101662399));
#8484 = CARTESIAN_POINT('',(0.641654962786,18.088392281605));
#8485 = CARTESIAN_POINT('',(0.641648987005,18.15867800613));
#8486 = CARTESIAN_POINT('',(0.641643916852,18.228956997416));
#8487 = CARTESIAN_POINT('',(0.641641387381,18.299235283517));
#8488 = CARTESIAN_POINT('',(0.641642544431,18.369519185874));
#8489 = CARTESIAN_POINT('',(0.641647394501,18.439807803612));
#8490 = CARTESIAN_POINT('',(0.641661118805,18.582169207801));
#8491 = CARTESIAN_POINT('',(0.641670217152,18.654266541027));
#8492 = CARTESIAN_POINT('',(0.641679273521,18.726357387419));
#8493 = CARTESIAN_POINT('',(0.641686132313,18.798441710298));
#8494 = CARTESIAN_POINT('',(0.641685604727,18.87052561116));
#8495 = CARTESIAN_POINT('',(0.641674752934,18.942615285134));
#8496 = CARTESIAN_POINT('',(0.641660065709,19.014711277455));
#8497 = CARTESIAN_POINT('',(0.641660064045,19.086795393736));
#8498 = ( GEOMETRIC_REPRESENTATION_CONTEXT(2) 
PARAMETRIC_REPRESENTATION_CONTEXT() REPRESENTATION_CONTEXT('2D SPACE',''
  ) );
#8499 = PCURVE('',#8500,#8505);
#8500 = CYLINDRICAL_SURFACE('',#8501,30.458734122635);
#8501 = AXIS2_PLACEMENT_3D('',#8502,#8503,#8504);
#8502 = CARTESIAN_POINT('',(0.,0.,0.));
#8503 = DIRECTION('',(0.,0.,1.));
#8504 = DIRECTION('',(1.,0.,-0.));
#8505 = DEFINITIONAL_REPRESENTATION('',(#8506),#8586);
#8506 = B_SPLINE_CURVE_WITH_KNOTS('',8,(#8507,#8508,#8509,#8510,#8511,
    #8512,#8513,#8514,#8515,#8516,#8517,#8518,#8519,#8520,#8521,#8522,
    #8523,#8524,#8525,#8526,#8527,#8528,#8529,#8530,#8531,#8532,#8533,
    #8534,#8535,#8536,#8537,#8538,#8539,#8540,#8541,#8542,#8543,#8544,
    #8545,#8546,#8547,#8548,#8549,#8550,#8551,#8552,#8553,#8554,#8555,
    #8556,#8557,#8558,#8559,#8560,#8561,#8562,#8563,#8564,#8565,#8566,
    #8567,#8568,#8569,#8570,#8571,#8572,#8573,#8574,#8575,#8576,#8577,
    #8578,#8579,#8580,#8581,#8582,#8583,#8584,#8585),.UNSPECIFIED.,.F.,
  .F.,(9,7,7,7,7,7,7,7,7,7,7,9),(0.,9.339742260037E-02,0.20547174899,
    0.246537776611,0.306382369717,0.395688296991,0.508673234375,
    0.624302185164,0.715466396823,0.820962898082,0.909345877143,1.),
  .UNSPECIFIED.);
#8507 = CARTESIAN_POINT('',(0.,0.374265614457));
#8508 = CARTESIAN_POINT('',(7.335799748119E-02,0.385942061471));
#8509 = CARTESIAN_POINT('',(0.146731486479,0.397620901183));
#8510 = CARTESIAN_POINT('',(0.22009633852,0.40929800248));
#8511 = CARTESIAN_POINT('',(0.293452627732,0.4209730389));
#8512 = CARTESIAN_POINT('',(0.366807524715,0.432646882489));
#8513 = CARTESIAN_POINT('',(0.440168947474,0.444320877591));
#8514 = CARTESIAN_POINT('',(0.513539615304,0.455995935123));
#8515 = CARTESIAN_POINT('',(0.674933054755,0.481677897307));
#8516 = CARTESIAN_POINT('',(0.762996705112,0.495691373083));
#8517 = CARTESIAN_POINT('',(0.851039325408,0.509702717312));
#8518 = CARTESIAN_POINT('',(0.939066444246,0.523713919515));
#8519 = CARTESIAN_POINT('',(1.027094773423,0.53772844893));
#8520 = CARTESIAN_POINT('',(1.115140378381,0.5517473362));
#8521 = CARTESIAN_POINT('',(1.20320716339,0.565767227768));
#8522 = CARTESIAN_POINT('',(1.323492322492,0.584911766892));
#8523 = CARTESIAN_POINT('',(1.355742682346,0.590044327257));
#8524 = CARTESIAN_POINT('',(1.387991689649,0.59517615771));
#8525 = CARTESIAN_POINT('',(1.420241838029,0.600307664382));
#8526 = CARTESIAN_POINT('',(1.452494229348,0.605439161415));
#8527 = CARTESIAN_POINT('',(1.484748573697,0.610570870963));
#8528 = CARTESIAN_POINT('',(1.517003189404,0.615702923192));
#8529 = CARTESIAN_POINT('',(1.596254841451,0.628314734913));
#8530 = CARTESIAN_POINT('',(1.64325017517,0.63579594874));
#8531 = CARTESIAN_POINT('',(1.690244360362,0.643278402903));
#8532 = CARTESIAN_POINT('',(1.737240217517,0.650760767797));
#8533 = CARTESIAN_POINT('',(1.784239481952,0.658242272708));
#8534 = CARTESIAN_POINT('',(1.831241913695,0.665722983459));
#8535 = CARTESIAN_POINT('',(1.878244066756,0.673203064031));
#8536 = CARTESIAN_POINT('',(1.995366218274,0.691840359286));
#8537 = CARTESIAN_POINT('',(2.065508046531,0.703000362698));
#8538 = CARTESIAN_POINT('',(2.135645192811,0.714159224723));
#8539 = CARTESIAN_POINT('',(2.205775729079,0.725317911283));
#8540 = CARTESIAN_POINT('',(2.275905889131,0.736478150276));
#8541 = CARTESIAN_POINT('',(2.346042156471,0.747640918042));
#8542 = CARTESIAN_POINT('',(2.416183359924,0.758805423933));
#8543 = CARTESIAN_POINT('',(2.575036650487,0.784091619301));
#8544 = CARTESIAN_POINT('',(2.663800966165,0.798221913666));
#8545 = CARTESIAN_POINT('',(2.752544597503,0.812348734156));
#8546 = CARTESIAN_POINT('',(2.841270976587,0.826471441374));
#8547 = CARTESIAN_POINT('',(2.929996231681,0.840592318689));
#8548 = CARTESIAN_POINT('',(3.018737076049,0.85471467565));
#8549 = CARTESIAN_POINT('',(3.107498647749,0.868839972628));
#8550 = CARTESIAN_POINT('',(3.287025375781,0.897409629905));
#8551 = CARTESIAN_POINT('',(3.377870211367,0.911866675026));
#8552 = CARTESIAN_POINT('',(3.468690801148,0.926320463475));
#8553 = CARTESIAN_POINT('',(3.559492192878,0.940772084084));
#8554 = CARTESIAN_POINT('',(3.65029252511,0.955224103209));
#8555 = CARTESIAN_POINT('',(3.741110537838,0.969678907724));
#8556 = CARTESIAN_POINT('',(3.83195257564,0.984137230422));
#8557 = CARTESIAN_POINT('',(3.994347519972,1.009983258508));
#8558 = CARTESIAN_POINT('',(4.06595360333,1.021379550069));
#8559 = CARTESIAN_POINT('',(4.137554097261,1.03277474417));
#8560 = CARTESIAN_POINT('',(4.209148796076,1.044168903351));
#8561 = CARTESIAN_POINT('',(4.280743314631,1.055563138261));
#8562 = CARTESIAN_POINT('',(4.35234314795,1.066958538127));
#8563 = CARTESIAN_POINT('',(4.423947733667,1.078355093056));
#8564 = CARTESIAN_POINT('',(4.578379353546,1.102935090848));
#8565 = CARTESIAN_POINT('',(4.661253149936,1.116126091362));
#8566 = CARTESIAN_POINT('',(4.74411295969,1.129315223093));
#8567 = CARTESIAN_POINT('',(4.826959473583,1.142502257145));
#8568 = CARTESIAN_POINT('',(4.909803988585,1.155688370008));
#8569 = CARTESIAN_POINT('',(4.992658695571,1.168874925676));
#8570 = CARTESIAN_POINT('',(5.075527000902,1.182062515556));
#8571 = CARTESIAN_POINT('',(5.227774942971,1.206289914305));
#8572 = CARTESIAN_POINT('',(5.297191827755,1.217335857299));
#8573 = CARTESIAN_POINT('',(5.36660389833,1.228380815936));
#8574 = CARTESIAN_POINT('',(5.436009355144,1.23942506807));
#8575 = CARTESIAN_POINT('',(5.505414148073,1.250470196336));
#8576 = CARTESIAN_POINT('',(5.574824494709,1.261517639438));
#8577 = CARTESIAN_POINT('',(5.644239472648,1.272567258303));
#8578 = CARTESIAN_POINT('',(5.784831352551,1.294948489083));
#8579 = CARTESIAN_POINT('',(5.856032496235,1.306284022272));
#8580 = CARTESIAN_POINT('',(5.927227180231,1.317618620448));
#8581 = CARTESIAN_POINT('',(5.998415406394,1.328951188595));
#8582 = CARTESIAN_POINT('',(6.069603240901,1.340280862341));
#8583 = CARTESIAN_POINT('',(6.140796941336,1.351607589844));
#8584 = CARTESIAN_POINT('',(6.211997161091,1.3629336077));
#8585 = CARTESIAN_POINT('',(6.28318530718,1.374263552409));
#8586 = ( GEOMETRIC_REPRESENTATION_CONTEXT(2) 
PARAMETRIC_REPRESENTATION_CONTEXT() REPRESENTATION_CONTEXT('2D SPACE',''
  ) );
#8587 = ORIENTED_EDGE('',*,*,#8588,.T.);
#8588 = EDGE_CURVE('',#8333,#8589,#8591,.T.);
#8589 = VERTEX_POINT('',#8590);
#8590 = CARTESIAN_POINT('',(30.458734122635,-7.460238249873E-15,
    2.374265655281));
#8591 = SURFACE_CURVE('',#8592,(#8672,#8755),.PCURVE_S1.);
#8592 = B_SPLINE_CURVE_WITH_KNOTS('',8,(#8593,#8594,#8595,#8596,#8597,
    #8598,#8599,#8600,#8601,#8602,#8603,#8604,#8605,#8606,#8607,#8608,
    #8609,#8610,#8611,#8612,#8613,#8614,#8615,#8616,#8617,#8618,#8619,
    #8620,#8621,#8622,#8623,#8624,#8625,#8626,#8627,#8628,#8629,#8630,
    #8631,#8632,#8633,#8634,#8635,#8636,#8637,#8638,#8639,#8640,#8641,
    #8642,#8643,#8644,#8645,#8646,#8647,#8648,#8649,#8650,#8651,#8652,
    #8653,#8654,#8655,#8656,#8657,#8658,#8659,#8660,#8661,#8662,#8663,
    #8664,#8665,#8666,#8667,#8668,#8669,#8670,#8671),.UNSPECIFIED.,.F.,
  .F.,(9,7,7,7,7,7,7,7,7,7,7,9),(0.,0.103911004511,0.217737235639,
    0.286481839275,0.400581832608,0.490797098978,0.571357762798,
    0.685179782046,0.740755615209,0.797067512253,0.881596441248,1.),
  .UNSPECIFIED.);
#8593 = CARTESIAN_POINT('',(30.458734122635,7.105427357601E-15,
    1.374263552409));
#8594 = CARTESIAN_POINT('',(30.458734122635,2.48512093922,1.387248965471
    ));
#8595 = CARTESIAN_POINT('',(30.227007834807,4.97100936373,1.400245915454
    ));
#8596 = CARTESIAN_POINT('',(29.763305565379,7.431260959858,
    1.413237118522));
#8597 = CARTESIAN_POINT('',(29.071287894353,9.840672569768,
    1.426220477959));
#8598 = CARTESIAN_POINT('',(28.157535051596,12.175002808638,
    1.439201202994));
#8599 = CARTESIAN_POINT('',(27.031555720084,14.411018324369,
    1.45218346581));
#8600 = CARTESIAN_POINT('',(25.70573452168,16.526521858657,1.46516923154
    ));
#8601 = CARTESIAN_POINT('',(22.542653752568,20.663358501404,
    1.492376072034));
#8602 = CARTESIAN_POINT('',(20.667492457522,22.657976393853,
    1.506606857512));
#8603 = CARTESIAN_POINT('',(18.591629786355,24.456594617476,
    1.520836658698));
#8604 = CARTESIAN_POINT('',(16.3393982073,26.036200461706,1.535065395821
    ));
#8605 = CARTESIAN_POINT('',(13.937495037269,27.377379146912,
    1.549293831374));
#8606 = CARTESIAN_POINT('',(11.415015733403,28.464495857142,
    1.56352381893));
#8607 = CARTESIAN_POINT('',(8.803321733939,29.285608360886,
    1.577755862895));
#8608 = CARTESIAN_POINT('',(4.526471826675,30.165354729798,
    1.600570933222));
#8609 = CARTESIAN_POINT('',(2.895441830811,30.397309459343,
    1.609162374708));
#8610 = CARTESIAN_POINT('',(1.251094725721,30.528410549374,
    1.617753678872));
#8611 = CARTESIAN_POINT('',(-0.399250442572,30.557813629124,
    1.626344766088));
#8612 = CARTESIAN_POINT('',(-2.048283387526,30.48530709861,
    1.634935945632));
#8613 = CARTESIAN_POINT('',(-3.688706613967,30.311285801061,
    1.643527526675));
#8614 = CARTESIAN_POINT('',(-5.313237987394,30.036772877802,
    1.652119441226));
#8615 = CARTESIAN_POINT('',(-9.572518589981,29.043927050137,
    1.674970660143));
#8616 = CARTESIAN_POINT('',(-12.16815686935,28.151914357957,
    1.689237294936));
#8617 = CARTESIAN_POINT('',(-14.66708218675,26.995038140018,
    1.703501112349));
#8618 = CARTESIAN_POINT('',(-17.03806971391,25.586144138306,
    1.717762672807));
#8619 = CARTESIAN_POINT('',(-19.25224487404,23.941738040208,
    1.732024134436));
#8620 = CARTESIAN_POINT('',(-21.28322856912,22.082093044615,
    1.746287879174));
#8621 = CARTESIAN_POINT('',(-23.10710295615,20.031084907815,
    1.760554668592));
#8622 = CARTESIAN_POINT('',(-25.96584946789,16.067525184611,
    1.786089575741));
#8623 = CARTESIAN_POINT('',(-27.08665407554,14.214905433652,
    1.797366418883));
#8624 = CARTESIAN_POINT('',(-28.05589027109,12.273592864159,
    1.80864211022));
#8625 = CARTESIAN_POINT('',(-28.86553075242,10.258177260144,
    1.819916828171));
#8626 = CARTESIAN_POINT('',(-29.50928367676,8.183850980008,
    1.831191756426));
#8627 = CARTESIAN_POINT('',(-29.98247640722,6.066355717112,
    1.842468040766));
#8628 = CARTESIAN_POINT('',(-30.28215428343,3.922005482755,
    1.853745863396));
#8629 = CARTESIAN_POINT('',(-30.51922908404,-0.155966749794,
    1.875092432269));
#8630 = CARTESIAN_POINT('',(-30.49199748076,-2.088148331522,
    1.885164375617));
#8631 = CARTESIAN_POINT('',(-30.32489374197,-4.016581493447,
    1.895235662635));
#8632 = CARTESIAN_POINT('',(-30.01851244911,-5.929360659691,
    1.90530565915));
#8633 = CARTESIAN_POINT('',(-29.57461643662,-7.814868273957,
    1.915374589123));
#8634 = CARTESIAN_POINT('',(-28.99604506526,-9.661763054194,
    1.925443037574));
#8635 = CARTESIAN_POINT('',(-28.2867396593,-11.45898938785,1.93551151901
    ));
#8636 = CARTESIAN_POINT('',(-26.2722908081,-15.64973923624,
    1.959804162513));
#8637 = CARTESIAN_POINT('',(-24.84147985843,-17.9842883341,
    1.974034688476));
#8638 = CARTESIAN_POINT('',(-23.17422611659,-20.16765375284,
    1.988261601445));
#8639 = CARTESIAN_POINT('',(-21.28973275594,-22.17231771783,
    2.002486732865));
#8640 = CARTESIAN_POINT('',(-19.21022929719,-23.97384858904,
    2.016714357935));
#8641 = CARTESIAN_POINT('',(-16.961033948,-25.55105367407,2.030947955302
    ));
#8642 = CARTESIAN_POINT('',(-14.57038721451,-26.88590053919,
    2.045185914308));
#8643 = CARTESIAN_POINT('',(-10.84998178827,-28.49174924357,
    2.066364835332));
#8644 = CARTESIAN_POINT('',(-9.603066591331,-28.95771955959,
    2.073313160584));
#8645 = CARTESIAN_POINT('',(-8.33344027318,-29.36126802848,
    2.080260737306));
#8646 = CARTESIAN_POINT('',(-7.044769422278,-29.70111107939,
    2.087207192556));
#8647 = CARTESIAN_POINT('',(-5.740769046425,-29.97622892186,
    2.094152500605));
#8648 = CARTESIAN_POINT('',(-4.425202572771,-30.18586554589,
    2.10109698294));
#8649 = CARTESIAN_POINT('',(-3.101881847815,-30.3295287219,
    2.108041308263));
#8650 = CARTESIAN_POINT('',(-0.429874376366,-30.48547720119,
    2.122023660933));
#8651 = CARTESIAN_POINT('',(0.918854080661,-30.49599581272,
    2.129062615155));
#8652 = CARTESIAN_POINT('',(2.267508306899,-30.43831099839,
    2.136102758404));
#8653 = CARTESIAN_POINT('',(3.612092581318,-30.31247193826,
    2.143143520867));
#8654 = CARTESIAN_POINT('',(4.948625388639,-30.1188118293,2.150184359674
    ));
#8655 = CARTESIAN_POINT('',(6.273139419325,-29.85794788543,
    2.157224758898));
#8656 = CARTESIAN_POINT('',(7.581681569592,-29.53078133752,
    2.164264229556));
#8657 = CARTESIAN_POINT('',(10.804657821384,-28.54964605347,
    2.181867064123));
#8658 = CARTESIAN_POINT('',(12.694719930095,-27.81391987027,
    2.192432192825));
#8659 = CARTESIAN_POINT('',(14.527037890968,-26.93530641847,
    2.202995936243));
#8660 = CARTESIAN_POINT('',(16.289015348173,-25.91922814559,
    2.213559195464));
#8661 = CARTESIAN_POINT('',(17.96880432856,-24.77232602353,
    2.224123620477));
#8662 = CARTESIAN_POINT('',(19.555273800353,-23.50238404562,
    2.234690192614));
#8663 = CARTESIAN_POINT('',(21.038063428576,-22.11839460893,
    2.245258301095));
#8664 = CARTESIAN_POINT('',(24.326267024164,-18.54697326023,
    2.270627014228));
#8665 = CARTESIAN_POINT('',(26.024473374718,-16.25805726115,
    2.285439072384));
#8666 = CARTESIAN_POINT('',(27.474971485297,-13.79283531571,
    2.300248045102));
#8667 = CARTESIAN_POINT('',(28.657140787104,-11.18309063054,
    2.315052812143));
#8668 = CARTESIAN_POINT('',(29.555043770439,-8.462493742039,
    2.329855300293));
#8669 = CARTESIAN_POINT('',(30.157681530663,-5.666582492221,
    2.344659148364));
#8670 = CARTESIAN_POINT('',(30.458734122635,-2.83257194658,
    2.359466221735));
#8671 = CARTESIAN_POINT('',(30.458734122635,-1.42108547152E-14,
    2.374265655281));
#8672 = PCURVE('',#6967,#8673);
#8673 = DEFINITIONAL_REPRESENTATION('',(#8674),#8754);
#8674 = B_SPLINE_CURVE_WITH_KNOTS('',8,(#8675,#8676,#8677,#8678,#8679,
    #8680,#8681,#8682,#8683,#8684,#8685,#8686,#8687,#8688,#8689,#8690,
    #8691,#8692,#8693,#8694,#8695,#8696,#8697,#8698,#8699,#8700,#8701,
    #8702,#8703,#8704,#8705,#8706,#8707,#8708,#8709,#8710,#8711,#8712,
    #8713,#8714,#8715,#8716,#8717,#8718,#8719,#8720,#8721,#8722,#8723,
    #8724,#8725,#8726,#8727,#8728,#8729,#8730,#8731,#8732,#8733,#8734,
    #8735,#8736,#8737,#8738,#8739,#8740,#8741,#8742,#8743,#8744,#8745,
    #8746,#8747,#8748,#8749,#8750,#8751,#8752,#8753),.UNSPECIFIED.,.F.,
  .F.,(9,7,7,7,7,7,7,7,7,7,7,9),(0.,0.103911004511,0.217737235639,
    0.286481839275,0.400581832608,0.490797098978,0.571357762798,
    0.685179782046,0.740755615209,0.797067512253,0.881596441248,1.),
  .UNSPECIFIED.);
#8675 = CARTESIAN_POINT('',(0.641660016211,19.0867953947));
#8676 = CARTESIAN_POINT('',(0.641660013021,19.169412043324));
#8677 = CARTESIAN_POINT('',(0.641679574576,19.252053738083));
#8678 = CARTESIAN_POINT('',(0.641689864397,19.334681784801));
#8679 = CARTESIAN_POINT('',(0.64168485895,19.417297730937));
#8680 = CARTESIAN_POINT('',(0.641673369923,19.499912940668));
#8681 = CARTESIAN_POINT('',(0.641661286732,19.582539402657));
#8682 = CARTESIAN_POINT('',(0.641652376389,19.665180309329));
#8683 = CARTESIAN_POINT('',(0.641642227417,19.838302525418));
#8684 = CARTESIAN_POINT('',(0.641641807461,19.928843593591));
#8685 = CARTESIAN_POINT('',(0.641647566618,20.019363127587));
#8686 = CARTESIAN_POINT('',(0.641657095659,20.109866574352));
#8687 = CARTESIAN_POINT('',(0.641665367788,20.200371208951));
#8688 = CARTESIAN_POINT('',(0.641670418072,20.290893680684));
#8689 = CARTESIAN_POINT('',(0.641672089607,20.381437586507));
#8690 = CARTESIAN_POINT('',(0.641670811042,20.526596272935));
#8691 = CARTESIAN_POINT('',(0.641669429445,20.581260716183));
#8692 = CARTESIAN_POINT('',(0.641667336991,20.635926042664));
#8693 = CARTESIAN_POINT('',(0.641664871988,20.690590909621));
#8694 = CARTESIAN_POINT('',(0.641662394632,20.745256394532));
#8695 = CARTESIAN_POINT('',(0.64166019849,20.799923738848));
#8696 = CARTESIAN_POINT('',(0.641658460598,20.854592072457));
#8697 = CARTESIAN_POINT('',(0.641655187902,20.999985674349));
#8698 = CARTESIAN_POINT('',(0.641654546446,21.090755372817));
#8699 = CARTESIAN_POINT('',(0.64165554956,21.181503081763));
#8700 = CARTESIAN_POINT('',(0.64165759047,21.272233866418));
#8701 = CARTESIAN_POINT('',(0.641659156033,21.362965197132));
#8702 = CARTESIAN_POINT('',(0.641659465586,21.453714157855));
#8703 = CARTESIAN_POINT('',(0.64165878651,21.544484933063));
#8704 = CARTESIAN_POINT('',(0.641656960189,21.706949296263));
#8705 = CARTESIAN_POINT('',(0.641655941242,21.778698080533));
#8706 = CARTESIAN_POINT('',(0.641655029018,21.850439272944));
#8707 = CARTESIAN_POINT('',(0.641654712765,21.922172799465));
#8708 = CARTESIAN_POINT('',(0.641655452804,21.993905053336));
#8709 = CARTESIAN_POINT('',(0.641657364282,22.065643039732));
#8710 = CARTESIAN_POINT('',(0.64166006535,22.137388861642));
#8711 = CARTESIAN_POINT('',(0.641665566752,22.273187795594));
#8712 = CARTESIAN_POINT('',(0.641668325828,22.337261350432));
#8713 = CARTESIAN_POINT('',(0.641670827619,22.401331365408));
#8714 = CARTESIAN_POINT('',(0.641672514116,22.465395184888));
#8715 = CARTESIAN_POINT('',(0.641672803387,22.529455672025));
#8716 = CARTESIAN_POINT('',(0.641671384643,22.593517316998));
#8717 = CARTESIAN_POINT('',(0.64166843796,22.657582948177));
#8718 = CARTESIAN_POINT('',(0.64165898722,22.812162544663));
#8719 = CARTESIAN_POINT('',(0.641651511879,22.902719399316));
#8720 = CARTESIAN_POINT('',(0.641643684154,22.99325413807));
#8721 = CARTESIAN_POINT('',(0.64163853954,23.083770910752));
#8722 = CARTESIAN_POINT('',(0.641640175632,23.174286789991));
#8723 = CARTESIAN_POINT('',(0.64165040584,23.26481942597));
#8724 = CARTESIAN_POINT('',(0.641662889368,23.355374242706));
#8725 = CARTESIAN_POINT('',(0.641676227068,23.490087188961));
#8726 = CARTESIAN_POINT('',(0.641680163588,23.534284547214));
#8727 = CARTESIAN_POINT('',(0.64168222401,23.578481779953));
#8728 = CARTESIAN_POINT('',(0.641681674935,23.622678327032));
#8729 = CARTESIAN_POINT('',(0.641678486368,23.666874098894));
#8730 = CARTESIAN_POINT('',(0.641673331715,23.71106947658));
#8731 = CARTESIAN_POINT('',(0.641667587787,23.755265311726));
#8732 = CARTESIAN_POINT('',(0.641659025479,23.844245908558));
#8733 = CARTESIAN_POINT('',(0.641660060759,23.889027042847));
#8734 = CARTESIAN_POINT('',(0.641664261372,23.933807918827));
#8735 = CARTESIAN_POINT('',(0.64166977663,23.97858948523));
#8736 = CARTESIAN_POINT('',(0.641675084422,24.023372050111));
#8737 = CARTESIAN_POINT('',(0.641678991216,24.068155280858));
#8738 = CARTESIAN_POINT('',(0.641680632056,24.112938204183));
#8739 = CARTESIAN_POINT('',(0.64167772707,24.22493928452));
#8740 = CARTESIAN_POINT('',(0.641671467666,24.292172904767));
#8741 = CARTESIAN_POINT('',(0.641662113141,24.359405361142));
#8742 = CARTESIAN_POINT('',(0.641652870025,24.426634461583));
#8743 = CARTESIAN_POINT('',(0.641646329171,24.493864300385));
#8744 = CARTESIAN_POINT('',(0.641643362383,24.56109896635));
#8745 = CARTESIAN_POINT('',(0.641643317083,24.628336186407));
#8746 = CARTESIAN_POINT('',(0.641648579335,24.789725659598));
#8747 = CARTESIAN_POINT('',(0.64165596296,24.883945651897));
#8748 = CARTESIAN_POINT('',(0.641665342794,24.978141080129));
#8749 = CARTESIAN_POINT('',(0.641672328852,25.072315667018));
#8750 = CARTESIAN_POINT('',(0.64167434579,25.166488036319));
#8751 = CARTESIAN_POINT('',(0.641672714633,25.260678074161));
#8752 = CARTESIAN_POINT('',(0.641669204462,25.354893276254));
#8753 = CARTESIAN_POINT('',(0.641665377078,25.449060655759));
#8754 = ( GEOMETRIC_REPRESENTATION_CONTEXT(2) 
PARAMETRIC_REPRESENTATION_CONTEXT() REPRESENTATION_CONTEXT('2D SPACE',''
  ) );
#8755 = PCURVE('',#8756,#8761);
#8756 = CYLINDRICAL_SURFACE('',#8757,30.458734122635);
#8757 = AXIS2_PLACEMENT_3D('',#8758,#8759,#8760);
#8758 = CARTESIAN_POINT('',(0.,0.,0.));
#8759 = DIRECTION('',(0.,0.,1.));
#8760 = DIRECTION('',(1.,0.,-0.));
#8761 = DEFINITIONAL_REPRESENTATION('',(#8762),#8842);
#8762 = B_SPLINE_CURVE_WITH_KNOTS('',8,(#8763,#8764,#8765,#8766,#8767,
    #8768,#8769,#8770,#8771,#8772,#8773,#8774,#8775,#8776,#8777,#8778,
    #8779,#8780,#8781,#8782,#8783,#8784,#8785,#8786,#8787,#8788,#8789,
    #8790,#8791,#8792,#8793,#8794,#8795,#8796,#8797,#8798,#8799,#8800,
    #8801,#8802,#8803,#8804,#8805,#8806,#8807,#8808,#8809,#8810,#8811,
    #8812,#8813,#8814,#8815,#8816,#8817,#8818,#8819,#8820,#8821,#8822,
    #8823,#8824,#8825,#8826,#8827,#8828,#8829,#8830,#8831,#8832,#8833,
    #8834,#8835,#8836,#8837,#8838,#8839,#8840,#8841),.UNSPECIFIED.,.F.,
  .F.,(9,7,7,7,7,7,7,7,7,7,7,9),(0.,0.103911004511,0.217737235639,
    0.286481839275,0.400581832608,0.490797098978,0.571357762798,
    0.685179782046,0.740755615209,0.797067512253,0.881596441248,1.),
  .UNSPECIFIED.);
#8763 = CARTESIAN_POINT('',(0.,1.374263552409));
#8764 = CARTESIAN_POINT('',(8.158976434195E-02,1.387248965471));
#8765 = CARTESIAN_POINT('',(0.163204711224,1.400245915454));
#8766 = CARTESIAN_POINT('',(0.244805706807,1.413237118522));
#8767 = CARTESIAN_POINT('',(0.326394592949,1.426220477959));
#8768 = CARTESIAN_POINT('',(0.407982780192,1.439201202994));
#8769 = CARTESIAN_POINT('',(0.489582157431,1.45218346581));
#8770 = CARTESIAN_POINT('',(0.571195860445,1.46516923154));
#8771 = CARTESIAN_POINT('',(0.742166273472,1.492376072034));
#8772 = CARTESIAN_POINT('',(0.831582004957,1.506606857512));
#8773 = CARTESIAN_POINT('',(0.920976461591,1.520836658698));
#8774 = CARTESIAN_POINT('',(1.010354953791,1.535065395821));
#8775 = CARTESIAN_POINT('',(1.099734551616,1.549293831374));
#8776 = CARTESIAN_POINT('',(1.189131766356,1.56352381893));
#8777 = CARTESIAN_POINT('',(1.278550191091,1.577755862895));
#8778 = CARTESIAN_POINT('',(1.421904614124,1.600570933222));
#8779 = CARTESIAN_POINT('',(1.475889621376,1.609162374708));
#8780 = CARTESIAN_POINT('',(1.52987552496,1.617753678872));
#8781 = CARTESIAN_POINT('',(1.583860997723,1.626344766088));
#8782 = CARTESIAN_POINT('',(1.637847098119,1.634935945632));
#8783 = CARTESIAN_POINT('',(1.691835043005,1.643527526675));
#8784 = CARTESIAN_POINT('',(1.745823962584,1.652119441226));
#8785 = CARTESIAN_POINT('',(1.889410594855,1.674970660143));
#8786 = CARTESIAN_POINT('',(1.979052166506,1.689237294936));
#8787 = CARTESIAN_POINT('',(2.06867195248,1.703501112349));
#8788 = CARTESIAN_POINT('',(2.158274925512,1.717762672807));
#8789 = CARTESIAN_POINT('',(2.247878349217,1.732024134436));
#8790 = CARTESIAN_POINT('',(2.337499153243,1.746287879174));
#8791 = CARTESIAN_POINT('',(2.427141522818,1.760554668592));
#8792 = CARTESIAN_POINT('',(2.587586325953,1.786089575741));
#8793 = CARTESIAN_POINT('',(2.658443249677,1.797366418883));
#8794 = CARTESIAN_POINT('',(2.729292724438,1.80864211022));
#8795 = CARTESIAN_POINT('',(2.800134684413,1.819916828171));
#8796 = CARTESIAN_POINT('',(2.870975434286,1.831191756426));
#8797 = CARTESIAN_POINT('',(2.941821870283,1.842468040766));
#8798 = CARTESIAN_POINT('',(3.012676044368,1.853745863396));
#8799 = CARTESIAN_POINT('',(3.146787252991,1.875092432269));
#8800 = CARTESIAN_POINT('',(3.210064479812,1.885164375617));
#8801 = CARTESIAN_POINT('',(3.273338183871,1.895235662635));
#8802 = CARTESIAN_POINT('',(3.336605733379,1.90530565915));
#8803 = CARTESIAN_POINT('',(3.399869956375,1.915374589123));
#8804 = CARTESIAN_POINT('',(3.463135297647,1.925443037574));
#8805 = CARTESIAN_POINT('',(3.526404566208,1.93551151901));
#8806 = CARTESIAN_POINT('',(3.67906268158,1.959804162513));
#8807 = CARTESIAN_POINT('',(3.768493887752,1.974034688476));
#8808 = CARTESIAN_POINT('',(3.857903297196,1.988261601445));
#8809 = CARTESIAN_POINT('',(3.947295028201,2.002486732865));
#8810 = CARTESIAN_POINT('',(4.036685935096,2.016714357935));
#8811 = CARTESIAN_POINT('',(4.126093309857,2.030947955302));
#8812 = CARTESIAN_POINT('',(4.215522489126,2.045185914308));
#8813 = CARTESIAN_POINT('',(4.34856086354,2.066364835332));
#8814 = CARTESIAN_POINT('',(4.392208801109,2.073313160584));
#8815 = CARTESIAN_POINT('',(4.435856629328,2.080260737306));
#8816 = CARTESIAN_POINT('',(4.479503815474,2.087207192556));
#8817 = CARTESIAN_POINT('',(4.523150279412,2.094152500605));
#8818 = CARTESIAN_POINT('',(4.566796393596,2.10109698294));
#8819 = CARTESIAN_POINT('',(4.610442983066,2.108041308263));
#8820 = CARTESIAN_POINT('',(4.698317760259,2.122023660933));
#8821 = CARTESIAN_POINT('',(4.742542345268,2.129062615155));
#8822 = CARTESIAN_POINT('',(4.786766667829,2.136102758404));
#8823 = CARTESIAN_POINT('',(4.830991673536,2.143143520867));
#8824 = CARTESIAN_POINT('',(4.875217666222,2.150184359674));
#8825 = CARTESIAN_POINT('',(4.919444307961,2.157224758898));
#8826 = CARTESIAN_POINT('',(4.963670619065,2.164264229556));
#8827 = CARTESIAN_POINT('',(5.074279488282,2.181867064123));
#8828 = CARTESIAN_POINT('',(5.140677325383,2.192432192825));
#8829 = CARTESIAN_POINT('',(5.207074025539,2.202995936243));
#8830 = CARTESIAN_POINT('',(5.273467459215,2.213559195464));
#8831 = CARTESIAN_POINT('',(5.339861671867,2.224123620477));
#8832 = CARTESIAN_POINT('',(5.40626067583,2.234690192614));
#8833 = CARTESIAN_POINT('',(5.472662193416,2.245258301095));
#8834 = CARTESIAN_POINT('',(5.632045698115,2.270627014228));
#8835 = CARTESIAN_POINT('',(5.725094566158,2.285439072384));
#8836 = CARTESIAN_POINT('',(5.818119113468,2.300248045102));
#8837 = CARTESIAN_POINT('',(5.911123021865,2.315052812143));
#8838 = CARTESIAN_POINT('',(6.004124773509,2.329855300293));
#8839 = CARTESIAN_POINT('',(6.097144057822,2.344659148364));
#8840 = CARTESIAN_POINT('',(6.190188272727,2.359466221735));
#8841 = CARTESIAN_POINT('',(6.28318530718,2.374265655281));
#8842 = ( GEOMETRIC_REPRESENTATION_CONTEXT(2) 
PARAMETRIC_REPRESENTATION_CONTEXT() REPRESENTATION_CONTEXT('2D SPACE',''
  ) );
#8843 = ORIENTED_EDGE('',*,*,#8844,.T.);
#8844 = EDGE_CURVE('',#8589,#8845,#8847,.T.);
#8845 = VERTEX_POINT('',#8846);
#8846 = CARTESIAN_POINT('',(30.458734122635,-7.460238249873E-15,
    3.374265614457));
#8847 = SURFACE_CURVE('',#8848,(#8928,#9011),.PCURVE_S1.);
#8848 = B_SPLINE_CURVE_WITH_KNOTS('',8,(#8849,#8850,#8851,#8852,#8853,
    #8854,#8855,#8856,#8857,#8858,#8859,#8860,#8861,#8862,#8863,#8864,
    #8865,#8866,#8867,#8868,#8869,#8870,#8871,#8872,#8873,#8874,#8875,
    #8876,#8877,#8878,#8879,#8880,#8881,#8882,#8883,#8884,#8885,#8886,
    #8887,#8888,#8889,#8890,#8891,#8892,#8893,#8894,#8895,#8896,#8897,
    #8898,#8899,#8900,#8901,#8902,#8903,#8904,#8905,#8906,#8907,#8908,
    #8909,#8910,#8911,#8912,#8913,#8914,#8915,#8916,#8917,#8918,#8919,
    #8920,#8921,#8922,#8923,#8924,#8925,#8926,#8927),.UNSPECIFIED.,.F.,
  .F.,(9,7,7,7,7,7,7,7,7,7,7,9),(0.,8.32275634423E-02,0.200603158199,
    0.309870107962,0.411383273263,0.476904980586,0.523823480198,
    0.573123158317,0.688892220151,0.812428691882,0.903267163222,1.),
  .UNSPECIFIED.);
#8849 = CARTESIAN_POINT('',(30.458734122635,-1.42108547152E-14,
    2.374265655281));
#8850 = CARTESIAN_POINT('',(30.458734122635,1.990830621666,
    2.384667214726));
#8851 = CARTESIAN_POINT('',(30.310020614444,3.982018568049,
    2.395070550186));
#8852 = CARTESIAN_POINT('',(30.012503778143,5.960161782015,
    2.405473673985));
#8853 = CARTESIAN_POINT('',(29.567620492139,7.912242726901,
    2.415876380797));
#8854 = CARTESIAN_POINT('',(28.978113785895,9.825587943206,
    2.426279296552));
#8855 = CARTESIAN_POINT('',(28.247952796842,11.687863414682,
    2.436682976742));
#8856 = CARTESIAN_POINT('',(27.382393231474,13.487105743838,
    2.44708705409));
#8857 = CARTESIAN_POINT('',(24.986039898664,17.644105194757,
    2.472159884501));
#8858 = CARTESIAN_POINT('',(23.32700326883,19.929882988343,
    2.486837497385));
#8859 = CARTESIAN_POINT('',(21.429860340539,22.035535751991,
    2.501510827399));
#8860 = CARTESIAN_POINT('',(19.318002280261,23.932719306686,
    2.516180634033));
#8861 = CARTESIAN_POINT('',(17.017931986854,25.596765540506,
    2.530849999937));
#8862 = CARTESIAN_POINT('',(14.559347866075,27.006946566126,
    2.545522562773));
#8863 = CARTESIAN_POINT('',(11.974953396851,28.146341368294,
    2.560199524854));
#8864 = CARTESIAN_POINT('',(6.81303714021,29.801798923627,2.588525717373
    ));
#8865 = CARTESIAN_POINT('',(4.245095729798,30.356216430238,2.60218839544
    ));
#8866 = CARTESIAN_POINT('',(1.627157046011,30.657131875455,
    2.615849128183));
#8867 = CARTESIAN_POINT('',(-1.011459228017,30.69988506828,
    2.629508055493));
#8868 = CARTESIAN_POINT('',(-3.641525507811,30.483541355376,
    2.643166779092));
#8869 = CARTESIAN_POINT('',(-6.233949487316,30.010971144439,
    2.656826675847));
#8870 = CARTESIAN_POINT('',(-8.759823836428,29.288743652879,
    2.670487988629));
#8871 = CARTESIAN_POINT('',(-13.44882503945,27.436455758373,
    2.696828889414));
#8872 = CARTESIAN_POINT('',(-15.62653279381,26.338357018933,
    2.709518101803));
#8873 = CARTESIAN_POINT('',(-17.70068980019,25.043054658317,
    2.722204924998));
#8874 = CARTESIAN_POINT('',(-19.65060260395,23.562292904327,
    2.73488997744));
#8875 = CARTESIAN_POINT('',(-21.45738549265,21.910002888598,2.7475757511
    ));
#8876 = CARTESIAN_POINT('',(-23.10399475205,20.102275416306,
    2.760264929418));
#8877 = CARTESIAN_POINT('',(-24.57523369549,18.157306153551,
    2.772957724538));
#8878 = CARTESIAN_POINT('',(-26.68651914279,14.765508375589,
    2.793839029333));
#8879 = CARTESIAN_POINT('',(-27.43652166239,13.386236388291,
    2.802030949102));
#8880 = CARTESIAN_POINT('',(-28.10491757682,11.963637615021,
    2.810222875614));
#8881 = CARTESIAN_POINT('',(-28.688812,10.503383033958,2.818414255316));
#8882 = CARTESIAN_POINT('',(-29.18579620475,9.011328369394,
    2.826604673031));
#8883 = CARTESIAN_POINT('',(-29.59393363303,7.493505712745,
    2.834793758694));
#8884 = CARTESIAN_POINT('',(-29.91177947918,5.956126741495,
    2.842981245283));
#8885 = CARTESIAN_POINT('',(-30.30073552099,3.295301316748,
    2.857028925057));
#8886 = CARTESIAN_POINT('',(-30.41629631763,2.178065594481,
    2.862890480551));
#8887 = CARTESIAN_POINT('',(-30.48477328698,1.056272437692,2.86875263728
    ));
#8888 = CARTESIAN_POINT('',(-30.50596184905,-6.771947150337E-02,
    2.8746158506));
#8889 = CARTESIAN_POINT('',(-30.479795793,-1.191574837305,2.880480238366
    ));
#8890 = CARTESIAN_POINT('',(-30.40634727718,-2.312981750223,
    2.886345580936));
#8891 = CARTESIAN_POINT('',(-30.28582682907,-3.429651687083,
    2.892211321168));
#8892 = CARTESIAN_POINT('',(-29.94285202434,-5.7053045061,2.904239476854
    ));
#8893 = CARTESIAN_POINT('',(-29.7155006173,-6.863608518086,
    2.910402382723));
#8894 = CARTESIAN_POINT('',(-29.43696989594,-8.011456768047,
    2.916564646399));
#8895 = CARTESIAN_POINT('',(-29.10784423039,-9.146163056735,
    2.922725939241));
#8896 = CARTESIAN_POINT('',(-28.72885158921,-10.26512976458,2.9288862396
    ));
#8897 = CARTESIAN_POINT('',(-28.30086353939,-11.36584785171,
    2.935045832817));
#8898 = CARTESIAN_POINT('',(-27.82489524634,-12.44589685793,
    2.941205311224));
#8899 = CARTESIAN_POINT('',(-26.07445280348,-15.98518140254,
    2.96183154808));
#8900 = CARTESIAN_POINT('',(-24.58829500325,-18.3410440098,
    2.976304010106));
#8901 = CARTESIAN_POINT('',(-22.85957395268,-20.53721842152,
    2.990774570707));
#8902 = CARTESIAN_POINT('',(-20.90890144997,-22.54505191249,
    3.005245749843));
#8903 = CARTESIAN_POINT('',(-18.76006678604,-24.3392130874,
    3.019718962951));
#8904 = CARTESIAN_POINT('',(-16.44011876414,-25.89788724578,
    3.03419541086));
#8905 = CARTESIAN_POINT('',(-13.97917662005,-27.20267929504,
    3.048674914995));
#8906 = CARTESIAN_POINT('',(-8.671851010678,-29.34732871508,
    3.078589090296));
#8907 = CARTESIAN_POINT('',(-5.807623780823,-30.15135491626,
    3.094039900943));
#8908 = CARTESIAN_POINT('',(-2.860624925837,-30.63469019676,
    3.109483815459));
#8909 = CARTESIAN_POINT('',(0.127123588683,-30.78856661272,3.12492273603
    ));
#8910 = CARTESIAN_POINT('',(3.11351471406,-30.61002873606,3.140361902232
    ));
#8911 = CARTESIAN_POINT('',(6.056457062697,-30.10236605613,
    3.155805780837));
#8912 = CARTESIAN_POINT('',(8.913974723342,-29.27469316637,
    3.171255735724));
#8913 = CARTESIAN_POINT('',(13.652331334422,-27.314276741,3.198050391525
    ));
#8914 = CARTESIAN_POINT('',(15.592875628202,-26.3196909872,
    3.209407128704));
#8915 = CARTESIAN_POINT('',(17.449905690789,-25.16779363973,
    3.220763099789));
#8916 = CARTESIAN_POINT('',(19.208579898263,-23.86696946913,
    3.232117906629));
#8917 = CARTESIAN_POINT('',(20.855260987184,-22.42708097072,
    3.243472222177));
#8918 = CARTESIAN_POINT('',(22.377443295522,-20.85935346688,
    3.254826940821));
#8919 = CARTESIAN_POINT('',(23.763828603239,-19.17644816477,
    3.266182301494));
#8920 = CARTESIAN_POINT('',(26.325828725575,-15.49319338039,
    3.289625686095));
#8921 = CARTESIAN_POINT('',(27.482427143552,-13.47861766003,
    3.301717985413));
#8922 = CARTESIAN_POINT('',(28.462198227404,-11.36622664175,
    3.313808678974));
#8923 = CARTESIAN_POINT('',(29.255769435137,-9.174241297786,
    3.325898322959));
#8924 = CARTESIAN_POINT('',(29.855973371982,-6.921615908502,
    3.337988509414));
#8925 = CARTESIAN_POINT('',(30.257864696938,-4.628006926864,
    3.350080576197));
#8926 = CARTESIAN_POINT('',(30.458734122635,-2.313752250463,
    3.36217444662));
#8927 = CARTESIAN_POINT('',(30.458734122635,2.48689957516E-14,
    3.374265614457));
#8928 = PCURVE('',#6967,#8929);
#8929 = DEFINITIONAL_REPRESENTATION('',(#8930),#9010);
#8930 = B_SPLINE_CURVE_WITH_KNOTS('',8,(#8931,#8932,#8933,#8934,#8935,
    #8936,#8937,#8938,#8939,#8940,#8941,#8942,#8943,#8944,#8945,#8946,
    #8947,#8948,#8949,#8950,#8951,#8952,#8953,#8954,#8955,#8956,#8957,
    #8958,#8959,#8960,#8961,#8962,#8963,#8964,#8965,#8966,#8967,#8968,
    #8969,#8970,#8971,#8972,#8973,#8974,#8975,#8976,#8977,#8978,#8979,
    #8980,#8981,#8982,#8983,#8984,#8985,#8986,#8987,#8988,#8989,#8990,
    #8991,#8992,#8993,#8994,#8995,#8996,#8997,#8998,#8999,#9000,#9001,
    #9002,#9003,#9004,#9005,#9006,#9007,#9008,#9009),.UNSPECIFIED.,.F.,
  .F.,(9,7,7,7,7,7,7,7,7,7,7,9),(0.,8.32275634423E-02,0.200603158199,
    0.309870107962,0.411383273263,0.476904980586,0.523823480198,
    0.573123158317,0.688892220151,0.812428691882,0.903267163222,1.),
  .UNSPECIFIED.);
#8931 = CARTESIAN_POINT('',(0.641665377078,25.449060655759));
#8932 = CARTESIAN_POINT('',(0.641662687058,25.515244783194));
#8933 = CARTESIAN_POINT('',(0.64165983447,25.581440611892));
#8934 = CARTESIAN_POINT('',(0.641657362025,25.647634154418));
#8935 = CARTESIAN_POINT('',(0.641655706234,25.713823025572));
#8936 = CARTESIAN_POINT('',(0.641655023808,25.780010820383));
#8937 = CARTESIAN_POINT('',(0.641655160444,25.846201454398));
#8938 = CARTESIAN_POINT('',(0.641655761963,25.912393466262));
#8939 = CARTESIAN_POINT('',(0.641657607896,26.071908898663));
#8940 = CARTESIAN_POINT('',(0.641659009317,26.165288299678));
#8941 = CARTESIAN_POINT('',(0.641659850188,26.258641837351));
#8942 = CARTESIAN_POINT('',(0.641659261253,26.351976492156));
#8943 = CARTESIAN_POINT('',(0.641657305143,26.445311721927));
#8944 = CARTESIAN_POINT('',(0.64165551278,26.53866688673));
#8945 = CARTESIAN_POINT('',(0.64165495916,26.632046979103));
#8946 = CARTESIAN_POINT('',(0.641656760119,26.812261274951));
#8947 = CARTESIAN_POINT('',(0.641658916946,26.899181524568));
#8948 = CARTESIAN_POINT('',(0.641662558858,26.986085727075));
#8949 = CARTESIAN_POINT('',(0.641667252287,27.072975844094));
#8950 = CARTESIAN_POINT('',(0.641671549377,27.159865644614));
#8951 = CARTESIAN_POINT('',(0.641673379409,27.24676900646));
#8952 = CARTESIAN_POINT('',(0.641672081329,27.333689108669));
#8953 = CARTESIAN_POINT('',(0.641664872411,27.501294720311));
#8954 = CARTESIAN_POINT('',(0.641659293634,27.582040641945));
#8955 = CARTESIAN_POINT('',(0.641652157877,27.662775211011));
#8956 = CARTESIAN_POINT('',(0.64164504644,27.743498453972));
#8957 = CARTESIAN_POINT('',(0.641640564296,27.824219787141));
#8958 = CARTESIAN_POINT('',(0.641641477023,27.904949448072));
#8959 = CARTESIAN_POINT('',(0.641647320587,27.985689933352));
#8960 = CARTESIAN_POINT('',(0.641660686624,28.118509296212));
#8961 = CARTESIAN_POINT('',(0.641666879661,28.170613155458));
#8962 = CARTESIAN_POINT('',(0.641673312035,28.222716466069));
#8963 = CARTESIAN_POINT('',(0.641678894859,28.27481839742));
#8964 = CARTESIAN_POINT('',(0.641682239422,28.326919740279));
#8965 = CARTESIAN_POINT('',(0.641682123975,28.379021159783));
#8966 = CARTESIAN_POINT('',(0.641678348922,28.431121450374));
#8967 = CARTESIAN_POINT('',(0.6416691362,28.520519283085));
#8968 = CARTESIAN_POINT('',(0.641663507556,28.55782596457));
#8969 = CARTESIAN_POINT('',(0.641659022416,28.595133645074));
#8970 = CARTESIAN_POINT('',(0.641657425943,28.632440908466));
#8971 = CARTESIAN_POINT('',(0.641659280554,28.669747114547));
#8972 = CARTESIAN_POINT('',(0.641663965918,28.707052399055));
#8973 = CARTESIAN_POINT('',(0.641669678958,28.744357673664));
#8974 = CARTESIAN_POINT('',(0.641677379312,28.82086495754));
#8975 = CARTESIAN_POINT('',(0.64168013221,28.860068194797));
#8976 = CARTESIAN_POINT('',(0.641681307418,28.899271245551));
#8977 = CARTESIAN_POINT('',(0.641680751573,28.938472397954));
#8978 = CARTESIAN_POINT('',(0.641678543068,28.977671320511));
#8979 = CARTESIAN_POINT('',(0.641674992059,29.016869062079));
#8980 = CARTESIAN_POINT('',(0.641670640462,29.056068051869));
#8981 = CARTESIAN_POINT('',(0.641655980028,29.187333873089));
#8982 = CARTESIAN_POINT('',(0.641644636123,29.279439550387));
#8983 = CARTESIAN_POINT('',(0.641638073626,29.371521312929));
#8984 = CARTESIAN_POINT('',(0.641640600842,29.463584545271));
#8985 = CARTESIAN_POINT('',(0.641648360059,29.555647787245));
#8986 = CARTESIAN_POINT('',(0.641656980849,29.647729480482));
#8987 = CARTESIAN_POINT('',(0.641663830981,29.739834994469));
#8988 = CARTESIAN_POINT('',(0.641672438127,29.930135636121));
#8989 = CARTESIAN_POINT('',(0.641673827255,30.028434356686));
#8990 = CARTESIAN_POINT('',(0.641671054637,30.126699488109));
#8991 = CARTESIAN_POINT('',(0.641665205725,30.224940449879));
#8992 = CARTESIAN_POINT('',(0.641659840963,30.323181777829));
#8993 = CARTESIAN_POINT('',(0.641656601092,30.4214478356));
#8994 = CARTESIAN_POINT('',(0.641655420435,30.519747462894));
#8995 = CARTESIAN_POINT('',(0.641655643005,30.69022161712));
#8996 = CARTESIAN_POINT('',(0.641656443757,30.762474211));
#8997 = CARTESIAN_POINT('',(0.64165765947,30.834720905199));
#8998 = CARTESIAN_POINT('',(0.641658770659,30.906960450501));
#8999 = CARTESIAN_POINT('',(0.641659307885,30.979198288635));
#9000 = CARTESIAN_POINT('',(0.64165911332,31.051440500018));
#9001 = CARTESIAN_POINT('',(0.641658418015,31.123688033749));
#9002 = CARTESIAN_POINT('',(0.641656660902,31.272845404918));
#9003 = CARTESIAN_POINT('',(0.641655578939,31.349782493329));
#9004 = CARTESIAN_POINT('',(0.641654748219,31.426708744537));
#9005 = CARTESIAN_POINT('',(0.641654768566,31.503626214625));
#9006 = CARTESIAN_POINT('',(0.641656184077,31.580543687871));
#9007 = CARTESIAN_POINT('',(0.641658908542,31.657469889137));
#9008 = CARTESIAN_POINT('',(0.641662250492,31.734406039508));
#9009 = CARTESIAN_POINT('',(0.641665376774,31.811325528346));
#9010 = ( GEOMETRIC_REPRESENTATION_CONTEXT(2) 
PARAMETRIC_REPRESENTATION_CONTEXT() REPRESENTATION_CONTEXT('2D SPACE',''
  ) );
#9011 = PCURVE('',#9012,#9017);
#9012 = CYLINDRICAL_SURFACE('',#9013,30.458734122635);
#9013 = AXIS2_PLACEMENT_3D('',#9014,#9015,#9016);
#9014 = CARTESIAN_POINT('',(0.,0.,0.));
#9015 = DIRECTION('',(0.,0.,1.));
#9016 = DIRECTION('',(1.,0.,-0.));
#9017 = DEFINITIONAL_REPRESENTATION('',(#9018),#9098);
#9018 = B_SPLINE_CURVE_WITH_KNOTS('',8,(#9019,#9020,#9021,#9022,#9023,
    #9024,#9025,#9026,#9027,#9028,#9029,#9030,#9031,#9032,#9033,#9034,
    #9035,#9036,#9037,#9038,#9039,#9040,#9041,#9042,#9043,#9044,#9045,
    #9046,#9047,#9048,#9049,#9050,#9051,#9052,#9053,#9054,#9055,#9056,
    #9057,#9058,#9059,#9060,#9061,#9062,#9063,#9064,#9065,#9066,#9067,
    #9068,#9069,#9070,#9071,#9072,#9073,#9074,#9075,#9076,#9077,#9078,
    #9079,#9080,#9081,#9082,#9083,#9084,#9085,#9086,#9087,#9088,#9089,
    #9090,#9091,#9092,#9093,#9094,#9095,#9096,#9097),.UNSPECIFIED.,.F.,
  .F.,(9,7,7,7,7,7,7,7,7,7,7,9),(0.,8.32275634423E-02,0.200603158199,
    0.309870107962,0.411383273263,0.476904980586,0.523823480198,
    0.573123158317,0.688892220151,0.812428691882,0.903267163222,1.),
  .UNSPECIFIED.);
#9019 = CARTESIAN_POINT('',(0.,2.374265655281));
#9020 = CARTESIAN_POINT('',(6.53615680038E-02,2.384667214726));
#9021 = CARTESIAN_POINT('',(0.130734715257,2.395070550186));
#9022 = CARTESIAN_POINT('',(0.196105618045,2.405473673985));
#9023 = CARTESIAN_POINT('',(0.261471901732,2.415876380797));
#9024 = CARTESIAN_POINT('',(0.326837097273,2.426279296552));
#9025 = CARTESIAN_POINT('',(0.392205057853,2.436682976742));
#9026 = CARTESIAN_POINT('',(0.45757433567,2.44708705409));
#9027 = CARTESIAN_POINT('',(0.615106977705,2.472159884501));
#9028 = CARTESIAN_POINT('',(0.707325588461,2.486837497385));
#9029 = CARTESIAN_POINT('',(0.799518594301,2.501510827399));
#9030 = CARTESIAN_POINT('',(0.891692934769,2.516180634033));
#9031 = CARTESIAN_POINT('',(0.983867900954,2.530849999937));
#9032 = CARTESIAN_POINT('',(1.076062654298,2.545522562773));
#9033 = CARTESIAN_POINT('',(1.168282115495,2.560199524854));
#9034 = CARTESIAN_POINT('',(1.346256618906,2.588525717373));
#9035 = CARTESIAN_POINT('',(1.432096630208,2.60218839544));
#9036 = CARTESIAN_POINT('',(1.517920816563,2.615849128183));
#9037 = CARTESIAN_POINT('',(1.603731071018,2.629508055493));
#9038 = CARTESIAN_POINT('',(1.689540942312,2.643166779092));
#9039 = CARTESIAN_POINT('',(1.77536412889,2.656826675847));
#9040 = CARTESIAN_POINT('',(1.861203800115,2.670487988629));
#9041 = CARTESIAN_POINT('',(2.026726018448,2.696828889414));
#9042 = CARTESIAN_POINT('',(2.106468228784,2.709518101803));
#9043 = CARTESIAN_POINT('',(2.186199241972,2.722204924998));
#9044 = CARTESIAN_POINT('',(2.265919112078,2.73488997744));
#9045 = CARTESIAN_POINT('',(2.345637155592,2.7475757511));
#9046 = CARTESIAN_POINT('',(2.42536343972,2.760264929418));
#9047 = CARTESIAN_POINT('',(2.505100376304,2.772957724538));
#9048 = CARTESIAN_POINT('',(2.636268810094,2.793839029333));
#9049 = CARTESIAN_POINT('',(2.687725004553,2.802030949102));
#9050 = CARTESIAN_POINT('',(2.739180637971,2.810222875614));
#9051 = CARTESIAN_POINT('',(2.790634889913,2.818414255316));
#9052 = CARTESIAN_POINT('',(2.842088560177,2.826604673031));
#9053 = CARTESIAN_POINT('',(2.893542341959,2.834793758694));
#9054 = CARTESIAN_POINT('',(2.944995075555,2.842981245283));
#9055 = CARTESIAN_POINT('',(3.033281860407,2.857028925057));
#9056 = CARTESIAN_POINT('',(3.070124893567,2.862890480551));
#9057 = CARTESIAN_POINT('',(3.106968917197,2.86875263728));
#9058 = CARTESIAN_POINT('',(3.143812531865,2.8746158506));
#9059 = CARTESIAN_POINT('',(3.180655103618,2.880480238366));
#9060 = CARTESIAN_POINT('',(3.217496763985,2.886345580936));
#9061 = CARTESIAN_POINT('',(3.254338409972,2.892211321168));
#9062 = CARTESIAN_POINT('',(3.329894846108,2.904239476854));
#9063 = CARTESIAN_POINT('',(3.368610824106,2.910402382723));
#9064 = CARTESIAN_POINT('',(3.407326589914,2.916564646399));
#9065 = CARTESIAN_POINT('',(3.446040459383,2.922725939241));
#9066 = CARTESIAN_POINT('',(3.484752112365,2.9288862396));
#9067 = CARTESIAN_POINT('',(3.52346259271,2.935045832817));
#9068 = CARTESIAN_POINT('',(3.56217430827,2.941205311224));
#9069 = CARTESIAN_POINT('',(3.691808432935,2.96183154808));
#9070 = CARTESIAN_POINT('',(3.782769240801,2.976304010106));
#9071 = CARTESIAN_POINT('',(3.873706527953,2.990774570707));
#9072 = CARTESIAN_POINT('',(3.964625547725,3.005245749843));
#9073 = CARTESIAN_POINT('',(4.055544489096,3.019718962951));
#9074 = CARTESIAN_POINT('',(4.146481588268,3.03419541086));
#9075 = CARTESIAN_POINT('',(4.237442184913,3.048674914995));
#9076 = CARTESIAN_POINT('',(4.425377324156,3.078589090296));
#9077 = CARTESIAN_POINT('',(4.522454173758,3.094039900943));
#9078 = CARTESIAN_POINT('',(4.619497915189,3.109483815459));
#9079 = CARTESIAN_POINT('',(4.716517897221,3.12492273603));
#9080 = CARTESIAN_POINT('',(4.813538327259,3.140361902232));
#9081 = CARTESIAN_POINT('',(4.910583175318,3.155805780837));
#9082 = CARTESIAN_POINT('',(5.007661113912,3.171255735724));
#9083 = CARTESIAN_POINT('',(5.176016436474,3.198050391525));
#9084 = CARTESIAN_POINT('',(5.247370954876,3.209407128704));
#9085 = CARTESIAN_POINT('',(5.318719594666,3.220763099789));
#9086 = CARTESIAN_POINT('',(5.390061125417,3.232117906629));
#9087 = CARTESIAN_POINT('',(5.461400940689,3.243472222177));
#9088 = CARTESIAN_POINT('',(5.53274507302,3.254826940821));
#9089 = CARTESIAN_POINT('',(5.604094483858,3.266182301494));
#9090 = CARTESIAN_POINT('',(5.751397726593,3.289625686095));
#9091 = CARTESIAN_POINT('',(5.827378475624,3.301717985413));
#9092 = CARTESIAN_POINT('',(5.903348580809,3.313808678974));
#9093 = CARTESIAN_POINT('',(5.979310077601,3.325898322959));
#9094 = CARTESIAN_POINT('',(6.055271625517,3.337988509414));
#9095 = CARTESIAN_POINT('',(6.131241807666,3.350080576197));
#9096 = CARTESIAN_POINT('',(6.207221800583,3.36217444662));
#9097 = CARTESIAN_POINT('',(6.28318530718,3.374265614457));
#9098 = ( GEOMETRIC_REPRESENTATION_CONTEXT(2) 
PARAMETRIC_REPRESENTATION_CONTEXT() REPRESENTATION_CONTEXT('2D SPACE',''
  ) );
#9099 = ORIENTED_EDGE('',*,*,#9100,.T.);
#9100 = EDGE_CURVE('',#8845,#9101,#9103,.T.);
#9101 = VERTEX_POINT('',#9102);
#9102 = CARTESIAN_POINT('',(30.458734122635,-7.460238249873E-15,
    4.374263552409));
#9103 = SURFACE_CURVE('',#9104,(#9177,#9253),.PCURVE_S1.);
#9104 = B_SPLINE_CURVE_WITH_KNOTS('',8,(#9105,#9106,#9107,#9108,#9109,
    #9110,#9111,#9112,#9113,#9114,#9115,#9116,#9117,#9118,#9119,#9120,
    #9121,#9122,#9123,#9124,#9125,#9126,#9127,#9128,#9129,#9130,#9131,
    #9132,#9133,#9134,#9135,#9136,#9137,#9138,#9139,#9140,#9141,#9142,
    #9143,#9144,#9145,#9146,#9147,#9148,#9149,#9150,#9151,#9152,#9153,
    #9154,#9155,#9156,#9157,#9158,#9159,#9160,#9161,#9162,#9163,#9164,
    #9165,#9166,#9167,#9168,#9169,#9170,#9171,#9172,#9173,#9174,#9175,
    #9176),.UNSPECIFIED.,.F.,.F.,(9,7,7,7,7,7,7,7,7,7,9),(0.,
    0.109137226458,0.201926927298,0.254575270242,0.385345156422,
    0.473037350092,0.569749164415,0.68208028445,0.803322930889,
    0.904696400578,1.),.UNSPECIFIED.);
#9105 = CARTESIAN_POINT('',(30.458734122635,2.48689957516E-14,
    3.374265614457));
#9106 = CARTESIAN_POINT('',(30.458734122635,2.610595186673,
    3.387908019149));
#9107 = CARTESIAN_POINT('',(30.20301732314,5.222208001945,3.401555638374
    ));
#9108 = CARTESIAN_POINT('',(29.691235532664,7.804085226847,
    3.415200041119));
#9109 = CARTESIAN_POINT('',(28.927882279117,10.327006787425,
    3.428841075245));
#9110 = CARTESIAN_POINT('',(27.920953676823,12.762965648206,
    3.442480560843));
#9111 = CARTESIAN_POINT('',(26.68200703691,15.085232637172,
    3.456121218904));
#9112 = CARTESIAN_POINT('',(25.226038338393,17.268385162073,
    3.469764827932));
#9113 = CARTESIAN_POINT('',(22.167107901619,21.006679140425,
    3.49500109457));
#9114 = CARTESIAN_POINT('',(20.618277298367,22.607583949214,
    3.506599410831));
#9115 = CARTESIAN_POINT('',(18.93788725584,24.077270862968,
    3.518197558336));
#9116 = CARTESIAN_POINT('',(17.138988581714,25.403352929332,
    3.529796553914));
#9117 = CARTESIAN_POINT('',(15.235787433247,26.575015200218,
    3.541397675475));
#9118 = CARTESIAN_POINT('',(13.24364280624,27.583041625471,
    3.553000882551));
#9119 = CARTESIAN_POINT('',(11.179079479811,28.41986520119,
    3.564604102335));
#9120 = CARTESIAN_POINT('',(7.857749599102,29.454645416067,
    3.582783154451));
#9121 = CARTESIAN_POINT('',(6.637823040468,29.772407127749,
    3.589362712367));
#9122 = CARTESIAN_POINT('',(5.403364417104,30.03237656231,3.59594130247)
  );
#9123 = CARTESIAN_POINT('',(4.157515578068,30.233797297574,
    3.602519276742));
#9124 = CARTESIAN_POINT('',(2.903481916919,30.376121668861,
    3.609097076622));
#9125 = CARTESIAN_POINT('',(1.644532371714,30.459010768979,
    3.615675233003));
#9126 = CARTESIAN_POINT('',(0.383999425014,30.482334448235,
    3.622254366234));
#9127 = CARTESIAN_POINT('',(-4.001176619609,30.356347995626,
    3.645180868046));
#9128 = CARTESIAN_POINT('',(-7.119551806174,29.899539937907,
    3.661547113115));
#9129 = CARTESIAN_POINT('',(-10.17577763354,29.076293703016,
    3.677895675402));
#9130 = CARTESIAN_POINT('',(-13.12010300791,27.897759613903,
    3.694231309392));
#9131 = CARTESIAN_POINT('',(-15.90569489941,26.381576336933,
    3.710569528754));
#9132 = CARTESIAN_POINT('',(-18.48908677851,24.552543990167,
    3.726916110499));
#9133 = CARTESIAN_POINT('',(-20.82988008225,22.441783865243,
    3.743273559026));
#9134 = CARTESIAN_POINT('',(-24.27650482909,18.514456048902,
    3.770579670781));
#9135 = CARTESIAN_POINT('',(-25.53614969577,16.828876004128,
    3.781543006754));
#9136 = CARTESIAN_POINT('',(-26.66156560492,15.045868580153,
    3.792506051485));
#9137 = CARTESIAN_POINT('',(-27.64409335456,13.177993335999,
    3.803468082886));
#9138 = CARTESIAN_POINT('',(-28.47653106545,11.238544017199,
    3.81442958512));
#9139 = CARTESIAN_POINT('',(-29.15306058626,9.241499808964,
    3.825391235023));
#9140 = CARTESIAN_POINT('',(-29.66935853141,7.201557167067,
    3.836352711202));
#9141 = CARTESIAN_POINT('',(-30.41278821244,2.854292662882,
    3.859397093789));
#9142 = CARTESIAN_POINT('',(-30.60492528317,0.539829740407,
    3.871485815269));
#9143 = CARTESIAN_POINT('',(-30.59552036126,-1.788257828954,
    3.883573051982));
#9144 = CARTESIAN_POINT('',(-30.38379704157,-4.109424508563,
    3.895659152694));
#9145 = CARTESIAN_POINT('',(-29.97131352327,-6.403430363378,
    3.907745653083));
#9146 = CARTESIAN_POINT('',(-29.36195072478,-8.650362009301,
    3.91983385005));
#9147 = CARTESIAN_POINT('',(-28.5618998892,-10.83065555571,
    3.931923756607));
#9148 = CARTESIAN_POINT('',(-26.44017497921,-15.35806841382,
    3.958050051542));
#9149 = CARTESIAN_POINT('',(-25.05426393831,-17.67709824297,
    3.972096051987));
#9150 = CARTESIAN_POINT('',(-23.43647232153,-19.85162016953,
    3.986139038495));
#9151 = CARTESIAN_POINT('',(-21.60492664033,-21.85494353008,
    4.000179078561));
#9152 = CARTESIAN_POINT('',(-19.58067697426,-23.66329168056,
    4.014218401067));
#9153 = CARTESIAN_POINT('',(-17.38774572896,-25.25592365029,
    4.028259835927));
#9154 = CARTESIAN_POINT('',(-15.05296745718,-26.61506965653,
    4.042304578668));
#9155 = CARTESIAN_POINT('',(-9.967103550637,-28.92752138794,
    4.071497231591));
#9156 = CARTESIAN_POINT('',(-7.195043214098,-29.84127791213,
    4.086659416237));
#9157 = CARTESIAN_POINT('',(-4.329414684868,-30.4502453027,
    4.101817600802));
#9158 = CARTESIAN_POINT('',(-1.409475998996,-30.74428237943,
    4.116973270587));
#9159 = CARTESIAN_POINT('',(1.525143507527,-30.71865833402,
    4.132129525622));
#9160 = CARTESIAN_POINT('',(4.434532982468,-30.37443009777,
    4.147288594541));
#9161 = CARTESIAN_POINT('',(7.278604784474,-29.71811234818,
    4.162450895533));
#9162 = CARTESIAN_POINT('',(12.30709042255,-27.96693197304,
    4.190271702928));
#9163 = CARTESIAN_POINT('',(14.525056213046,-26.96092730194,
    4.202943435812));
#9164 = CARTESIAN_POINT('',(16.647960052546,-25.7541933086,
    4.215612601837));
#9165 = CARTESIAN_POINT('',(18.654760662413,-24.35754269702,
    4.228279847444));
#9166 = CARTESIAN_POINT('',(20.526094461447,-22.78403381251,
    4.24094762877));
#9167 = CARTESIAN_POINT('',(22.244314738484,-21.04896351248,
    4.253618675769));
#9168 = CARTESIAN_POINT('',(23.793505596941,-19.16983168498,
    4.266293352237));
#9169 = CARTESIAN_POINT('',(26.44480426895,-15.28406847168,
    4.290878671073));
#9170 = CARTESIAN_POINT('',(27.568849378994,-13.29075050272,
    4.302796308231));
#9171 = CARTESIAN_POINT('',(28.520579054135,-11.20373969499,
    4.314713033202));
#9172 = CARTESIAN_POINT('',(29.291117642534,-9.040602273312,
    4.326627361012));
#9173 = CARTESIAN_POINT('',(29.873722738508,-6.819543845645,
    4.338538575697));
#9174 = CARTESIAN_POINT('',(30.263768646386,-4.559375906743,
    4.350446061776));
#9175 = CARTESIAN_POINT('',(30.458734122635,-2.279495885745,
    4.362352584544));
#9176 = CARTESIAN_POINT('',(30.458734122635,2.13162820728E-14,
    4.374263552409));
#9177 = PCURVE('',#6967,#9178);
#9178 = DEFINITIONAL_REPRESENTATION('',(#9179),#9252);
#9179 = B_SPLINE_CURVE_WITH_KNOTS('',8,(#9180,#9181,#9182,#9183,#9184,
    #9185,#9186,#9187,#9188,#9189,#9190,#9191,#9192,#9193,#9194,#9195,
    #9196,#9197,#9198,#9199,#9200,#9201,#9202,#9203,#9204,#9205,#9206,
    #9207,#9208,#9209,#9210,#9211,#9212,#9213,#9214,#9215,#9216,#9217,
    #9218,#9219,#9220,#9221,#9222,#9223,#9224,#9225,#9226,#9227,#9228,
    #9229,#9230,#9231,#9232,#9233,#9234,#9235,#9236,#9237,#9238,#9239,
    #9240,#9241,#9242,#9243,#9244,#9245,#9246,#9247,#9248,#9249,#9250,
    #9251),.UNSPECIFIED.,.F.,.F.,(9,7,7,7,7,7,7,7,7,7,9),(0.,
    0.109137226458,0.201926927298,0.254575270242,0.385345156422,
    0.473037350092,0.569749164415,0.68208028445,0.803322930889,
    0.904696400578,1.),.UNSPECIFIED.);
#9180 = CARTESIAN_POINT('',(0.641665376774,31.811325528346));
#9181 = CARTESIAN_POINT('',(0.641668904142,31.898113406038));
#9182 = CARTESIAN_POINT('',(0.641672160539,31.98493512969));
#9183 = CARTESIAN_POINT('',(0.641673932403,32.071740058299));
#9184 = CARTESIAN_POINT('',(0.64167282288,32.158530676299));
#9185 = CARTESIAN_POINT('',(0.641667789966,32.24532113892));
#9186 = CARTESIAN_POINT('',(0.641660130074,32.332125553712));
#9187 = CARTESIAN_POINT('',(0.641652819078,32.41894788103));
#9188 = CARTESIAN_POINT('',(0.641644107972,32.579529230058));
#9189 = CARTESIAN_POINT('',(0.64164198493,32.653326040344));
#9190 = CARTESIAN_POINT('',(0.641643147383,32.727113656772));
#9191 = CARTESIAN_POINT('',(0.64164861775,32.800896021731));
#9192 = CARTESIAN_POINT('',(0.641658284803,32.874681540534));
#9193 = CARTESIAN_POINT('',(0.641669329333,32.948476923459));
#9194 = CARTESIAN_POINT('',(0.641676948758,33.022280852485));
#9195 = CARTESIAN_POINT('',(0.6416806068,33.137931760934));
#9196 = CARTESIAN_POINT('',(0.641680234063,33.179793574069));
#9197 = CARTESIAN_POINT('',(0.641677628018,33.22165474941));
#9198 = CARTESIAN_POINT('',(0.641672946848,33.263517135405));
#9199 = CARTESIAN_POINT('',(0.641667043287,33.305381433041));
#9200 = CARTESIAN_POINT('',(0.641661464618,33.34724719585));
#9201 = CARTESIAN_POINT('',(0.641658452676,33.389112829903));
#9202 = CARTESIAN_POINT('',(0.641667131501,33.534955863008));
#9203 = CARTESIAN_POINT('',(0.641693339412,33.639017479757));
#9204 = CARTESIAN_POINT('',(0.64169135153,33.74303628065));
#9205 = CARTESIAN_POINT('',(0.641668216774,33.847025093385));
#9206 = CARTESIAN_POINT('',(0.641651045318,33.951015616488));
#9207 = CARTESIAN_POINT('',(0.641642232231,34.055038685336));
#9208 = CARTESIAN_POINT('',(0.641642014702,34.159109647366));
#9209 = CARTESIAN_POINT('',(0.64164936647,34.332820199963));
#9210 = CARTESIAN_POINT('',(0.641654422199,34.402559354774));
#9211 = CARTESIAN_POINT('',(0.641660518101,34.472294085808));
#9212 = CARTESIAN_POINT('',(0.641666121911,34.542023585986));
#9213 = CARTESIAN_POINT('',(0.641670069015,34.611753814064));
#9214 = CARTESIAN_POINT('',(0.641671950187,34.681490087655));
#9215 = CARTESIAN_POINT('',(0.64167205162,34.751229654645));
#9216 = CARTESIAN_POINT('',(0.641669519073,34.897850385716));
#9217 = CARTESIAN_POINT('',(0.641666608559,34.974769230292));
#9218 = CARTESIAN_POINT('',(0.641662785022,35.051680884948));
#9219 = CARTESIAN_POINT('',(0.641659125349,35.128584907069));
#9220 = CARTESIAN_POINT('',(0.641656592572,35.205488686884));
#9221 = CARTESIAN_POINT('',(0.641655390815,35.282399971127));
#9222 = CARTESIAN_POINT('',(0.641655250549,35.359319508729));
#9223 = CARTESIAN_POINT('',(0.641656283904,35.525539370049));
#9224 = CARTESIAN_POINT('',(0.64165767402,35.61490031321));
#9225 = CARTESIAN_POINT('',(0.641659207582,35.704241726369));
#9226 = CARTESIAN_POINT('',(0.641659886357,35.793566506115));
#9227 = CARTESIAN_POINT('',(0.641659070309,35.882890415054));
#9228 = CARTESIAN_POINT('',(0.641657476857,35.972229684719));
#9229 = CARTESIAN_POINT('',(0.641656119374,36.061589416802));
#9230 = CARTESIAN_POINT('',(0.641655170546,36.247323159645));
#9231 = CARTESIAN_POINT('',(0.641655727193,36.34378762257));
#9232 = CARTESIAN_POINT('',(0.641658172643,36.440221967687));
#9233 = CARTESIAN_POINT('',(0.641662863438,36.536634763676));
#9234 = CARTESIAN_POINT('',(0.64166873518,36.633048364429));
#9235 = CARTESIAN_POINT('',(0.641672596723,36.729484836127));
#9236 = CARTESIAN_POINT('',(0.641672848122,36.825950793703));
#9237 = CARTESIAN_POINT('',(0.641667402359,37.002967605879));
#9238 = CARTESIAN_POINT('',(0.641662672044,37.083600221272));
#9239 = CARTESIAN_POINT('',(0.641655913832,37.164221517634));
#9240 = CARTESIAN_POINT('',(0.641648351141,37.244832584072));
#9241 = CARTESIAN_POINT('',(0.641642351322,37.32544319622));
#9242 = CARTESIAN_POINT('',(0.641640963708,37.406063186246));
#9243 = CARTESIAN_POINT('',(0.641644638432,37.486693756213));
#9244 = CARTESIAN_POINT('',(0.641657916054,37.643079256974));
#9245 = CARTESIAN_POINT('',(0.641667150231,37.718879601786));
#9246 = CARTESIAN_POINT('',(0.641677651214,37.79467101208));
#9247 = CARTESIAN_POINT('',(0.641685888383,37.870452766073));
#9248 = CARTESIAN_POINT('',(0.641687146131,37.94623196338));
#9249 = CARTESIAN_POINT('',(0.641676474082,38.022016923135));
#9250 = CARTESIAN_POINT('',(0.641660019137,38.097810046638));
#9251 = CARTESIAN_POINT('',(0.641660016211,38.173590789402));
#9252 = ( GEOMETRIC_REPRESENTATION_CONTEXT(2) 
PARAMETRIC_REPRESENTATION_CONTEXT() REPRESENTATION_CONTEXT('2D SPACE',''
  ) );
#9253 = PCURVE('',#9254,#9259);
#9254 = CYLINDRICAL_SURFACE('',#9255,30.458734122635);
#9255 = AXIS2_PLACEMENT_3D('',#9256,#9257,#9258);
#9256 = CARTESIAN_POINT('',(0.,0.,0.));
#9257 = DIRECTION('',(0.,0.,1.));
#9258 = DIRECTION('',(1.,0.,-0.));
#9259 = DEFINITIONAL_REPRESENTATION('',(#9260),#9333);
#9260 = B_SPLINE_CURVE_WITH_KNOTS('',8,(#9261,#9262,#9263,#9264,#9265,
    #9266,#9267,#9268,#9269,#9270,#9271,#9272,#9273,#9274,#9275,#9276,
    #9277,#9278,#9279,#9280,#9281,#9282,#9283,#9284,#9285,#9286,#9287,
    #9288,#9289,#9290,#9291,#9292,#9293,#9294,#9295,#9296,#9297,#9298,
    #9299,#9300,#9301,#9302,#9303,#9304,#9305,#9306,#9307,#9308,#9309,
    #9310,#9311,#9312,#9313,#9314,#9315,#9316,#9317,#9318,#9319,#9320,
    #9321,#9322,#9323,#9324,#9325,#9326,#9327,#9328,#9329,#9330,#9331,
    #9332),.UNSPECIFIED.,.F.,.F.,(9,7,7,7,7,7,7,7,7,7,9),(0.,
    0.109137226458,0.201926927298,0.254575270242,0.385345156422,
    0.473037350092,0.569749164415,0.68208028445,0.803322930889,
    0.904696400578,1.),.UNSPECIFIED.);
#9261 = CARTESIAN_POINT('',(0.,3.374265614457));
#9262 = CARTESIAN_POINT('',(8.570924767135E-02,3.387908019149));
#9263 = CARTESIAN_POINT('',(0.171451880089,3.401555638374));
#9264 = CARTESIAN_POINT('',(0.257177861005,3.415200041119));
#9265 = CARTESIAN_POINT('',(0.342889639097,3.428841075245));
#9266 = CARTESIAN_POINT('',(0.428601225841,3.442480560843));
#9267 = CARTESIAN_POINT('',(0.514326617071,3.456121218904));
#9268 = CARTESIAN_POINT('',(0.60006974495,3.469764827932));
#9269 = CARTESIAN_POINT('',(0.758655136207,3.49500109457));
#9270 = CARTESIAN_POINT('',(0.831534708748,3.506599410831));
#9271 = CARTESIAN_POINT('',(0.904405219768,3.518197558336));
#9272 = CARTESIAN_POINT('',(0.977270536495,3.529796553914));
#9273 = CARTESIAN_POINT('',(1.050138922113,3.541397675475));
#9274 = CARTESIAN_POINT('',(1.123016966718,3.553000882551));
#9275 = CARTESIAN_POINT('',(1.195903434458,3.564604102335));
#9276 = CARTESIAN_POINT('',(1.31011675686,3.582783154451));
#9277 = CARTESIAN_POINT('',(1.351458243951,3.589362712367));
#9278 = CARTESIAN_POINT('',(1.392799128677,3.59594130247));
#9279 = CARTESIAN_POINT('',(1.434141230468,3.602519276742));
#9280 = CARTESIAN_POINT('',(1.475485234687,3.609097076622));
#9281 = CARTESIAN_POINT('',(1.516830692633,3.615675233003));
#9282 = CARTESIAN_POINT('',(1.558176021539,3.622254366234));
#9283 = CARTESIAN_POINT('',(1.702206481046,3.645180868046));
#9284 = CARTESIAN_POINT('',(1.804975171538,3.661547113115));
#9285 = CARTESIAN_POINT('',(1.907700611455,3.677895675402));
#9286 = CARTESIAN_POINT('',(2.010396657928,3.694231309392));
#9287 = CARTESIAN_POINT('',(2.113094587498,3.710569528754));
#9288 = CARTESIAN_POINT('',(2.215824761012,3.726916110499));
#9289 = CARTESIAN_POINT('',(2.318602221816,3.743273559026));
#9290 = CARTESIAN_POINT('',(2.490153649273,3.770579670781));
#9291 = CARTESIAN_POINT('',(2.559025966494,3.781543006754));
#9292 = CARTESIAN_POINT('',(2.627893883219,3.792506051485));
#9293 = CARTESIAN_POINT('',(2.696756609093,3.803468082886));
#9294 = CARTESIAN_POINT('',(2.765620047735,3.81442958512));
#9295 = CARTESIAN_POINT('',(2.834489473472,3.825391235023));
#9296 = CARTESIAN_POINT('',(2.903362185655,3.836352711202));
#9297 = CARTESIAN_POINT('',(3.048160511921,3.859397093789));
#9298 = CARTESIAN_POINT('',(3.12412334631,3.871485815269));
#9299 = CARTESIAN_POINT('',(3.200079127793,3.883573051982));
#9300 = CARTESIAN_POINT('',(3.276027407531,3.895659152694));
#9301 = CARTESIAN_POINT('',(3.351975452087,3.907745653083));
#9302 = CARTESIAN_POINT('',(3.4279308776,3.91983385005));
#9303 = CARTESIAN_POINT('',(3.503894404272,3.931923756607));
#9304 = CARTESIAN_POINT('',(3.668048251157,3.958050051542));
#9305 = CARTESIAN_POINT('',(3.756298418705,3.972096051987));
#9306 = CARTESIAN_POINT('',(3.844529221227,3.986139038495));
#9307 = CARTESIAN_POINT('',(3.932743541673,4.000179078561));
#9308 = CARTESIAN_POINT('',(4.020957005042,4.014218401067));
#9309 = CARTESIAN_POINT('',(4.10918569792,4.028259835927));
#9310 = CARTESIAN_POINT('',(4.1974346783,4.042304578668));
#9311 = CARTESIAN_POINT('',(4.380859877713,4.071497231591));
#9312 = CARTESIAN_POINT('',(4.476125436463,4.086659416237));
#9313 = CARTESIAN_POINT('',(4.571361324191,4.101817600802));
#9314 = CARTESIAN_POINT('',(4.666575955871,4.116973270587));
#9315 = CARTESIAN_POINT('',(4.761791321651,4.132129525622));
#9316 = CARTESIAN_POINT('',(4.857029171914,4.147288594541));
#9317 = CARTESIAN_POINT('',(4.952296067566,4.162450895533));
#9318 = CARTESIAN_POINT('',(5.127112519607,4.190271702928));
#9319 = CARTESIAN_POINT('',(5.206742830218,4.202943435812));
#9320 = CARTESIAN_POINT('',(5.286361964902,4.215612601837));
#9321 = CARTESIAN_POINT('',(5.365971030405,4.228279847444));
#9322 = CARTESIAN_POINT('',(5.445579707586,4.24094762877));
#9323 = CARTESIAN_POINT('',(5.525197679653,4.253618675769));
#9324 = CARTESIAN_POINT('',(5.604826080903,4.266293352237));
#9325 = CARTESIAN_POINT('',(5.759267767042,4.290878671073));
#9326 = CARTESIAN_POINT('',(5.834125906068,4.302796308231));
#9327 = CARTESIAN_POINT('',(5.908975168705,4.314713033202));
#9328 = CARTESIAN_POINT('',(5.983814848393,4.326627361012));
#9329 = CARTESIAN_POINT('',(6.058652019947,4.338538575697));
#9330 = CARTESIAN_POINT('',(6.133495052855,4.350446061776));
#9331 = CARTESIAN_POINT('',(6.208346481752,4.362352584544));
#9332 = CARTESIAN_POINT('',(6.28318530718,4.374263552409));
#9333 = ( GEOMETRIC_REPRESENTATION_CONTEXT(2) 
PARAMETRIC_REPRESENTATION_CONTEXT() REPRESENTATION_CONTEXT('2D SPACE',''
  ) );
#9334 = ORIENTED_EDGE('',*,*,#9335,.T.);
#9335 = EDGE_CURVE('',#9101,#9336,#9338,.T.);
#9336 = VERTEX_POINT('',#9337);
#9337 = CARTESIAN_POINT('',(30.458734122635,-7.460238249873E-15,
    5.374265655281));
#9338 = SURFACE_CURVE('',#9339,(#9405,#9474),.PCURVE_S1.);
#9339 = B_SPLINE_CURVE_WITH_KNOTS('',8,(#9340,#9341,#9342,#9343,#9344,
    #9345,#9346,#9347,#9348,#9349,#9350,#9351,#9352,#9353,#9354,#9355,
    #9356,#9357,#9358,#9359,#9360,#9361,#9362,#9363,#9364,#9365,#9366,
    #9367,#9368,#9369,#9370,#9371,#9372,#9373,#9374,#9375,#9376,#9377,
    #9378,#9379,#9380,#9381,#9382,#9383,#9384,#9385,#9386,#9387,#9388,
    #9389,#9390,#9391,#9392,#9393,#9394,#9395,#9396,#9397,#9398,#9399,
    #9400,#9401,#9402,#9403,#9404),.UNSPECIFIED.,.F.,.F.,(9,7,7,7,7,7,7,
    7,7,9),(0.,0.125286338141,0.186642225985,0.306538405864,
    0.447278435035,0.543700258451,0.644511253741,0.752165757058,
    0.86745524374,1.),.UNSPECIFIED.);
#9340 = CARTESIAN_POINT('',(30.458734122635,2.13162820728E-14,
    4.374263552409));
#9341 = CARTESIAN_POINT('',(30.458734122635,2.996039193907,
    4.389918648251));
#9342 = CARTESIAN_POINT('',(30.121931563453,5.993975249277,
    4.405594597518));
#9343 = CARTESIAN_POINT('',(29.447582928139,8.94667049849,4.421256558158
    ));
#9344 = CARTESIAN_POINT('',(28.443742806925,11.810099715607,
    4.436905310228));
#9345 = CARTESIAN_POINT('',(27.124166311445,14.542488564406,
    4.452554362461));
#9346 = CARTESIAN_POINT('',(25.508708087055,17.104604242314,
    4.468209943992));
#9347 = CARTESIAN_POINT('',(23.622772234024,19.459597789711,
    4.483874796766));
#9348 = CARTESIAN_POINT('',(20.461241225499,22.610285549809,
    4.507198155328));
#9349 = CARTESIAN_POINT('',(19.364825908581,23.588894896685,
    4.514866518034));
#9350 = CARTESIAN_POINT('',(18.215022873514,24.506630287499,
    4.52253549378));
#9351 = CARTESIAN_POINT('',(17.015803418371,25.360103256542,
    4.530204825021));
#9352 = CARTESIAN_POINT('',(15.771368035148,26.146251579174,
    4.537874406792));
#9353 = CARTESIAN_POINT('',(14.486139798362,26.862332879251,
    4.545544129945));
#9354 = CARTESIAN_POINT('',(13.164772486943,27.505938159324,
    4.553213695966));
#9355 = CARTESIAN_POINT('',(9.169045544119,29.187084275452,
    4.575867904309));
#9356 = CARTESIAN_POINT('',(6.404889399406,30.015336312826,
    4.590860130783));
#9357 = CARTESIAN_POINT('',(3.557376674967,30.543324446673,
    4.605846263297));
#9358 = CARTESIAN_POINT('',(0.664674317979,30.762246037043,4.62082789048
    ));
#9359 = CARTESIAN_POINT('',(-2.234830360946,30.668491633494,
    4.63580967795));
#9360 = CARTESIAN_POINT('',(-5.102601499628,30.263967681598,
    4.650795684136));
#9361 = CARTESIAN_POINT('',(-7.900040187047,29.555817052717,
    4.665786982512));
#9362 = CARTESIAN_POINT('',(-13.74472663907,27.388809722564,
    4.698358261247));
#9363 = CARTESIAN_POINT('',(-16.75605313706,25.818917837887,
    4.715964123208));
#9364 = CARTESIAN_POINT('',(-19.55835896577,23.871603447929,
    4.733559481276));
#9365 = CARTESIAN_POINT('',(-22.09809277719,21.580983008279,
    4.751148070532));
#9366 = CARTESIAN_POINT('',(-24.32800934442,18.987711328243,
    4.768735503202));
#9367 = CARTESIAN_POINT('',(-26.20853678494,16.139919210275,
    4.786329749284));
#9368 = CARTESIAN_POINT('',(-27.7066802941,13.092091402996,4.80393532779
    ));
#9369 = CARTESIAN_POINT('',(-29.55190661667,7.728943099635,
    4.833571955043));
#9370 = CARTESIAN_POINT('',(-30.11367969474,5.4829079882,4.845625173355)
  );
#9371 = CARTESIAN_POINT('',(-30.47997980008,3.191128664675,
    4.857677803694));
#9372 = CARTESIAN_POINT('',(-30.64674962032,0.873575358697,
    4.869729675512));
#9373 = CARTESIAN_POINT('',(-30.61226325699,-1.449707200603,
    4.881781625755));
#9374 = CARTESIAN_POINT('',(-30.37711185212,-3.758627704842,
    4.893834375957));
#9375 = CARTESIAN_POINT('',(-29.94419253799,-6.033068263661,
    4.905887720514));
#9376 = CARTESIAN_POINT('',(-28.66605750524,-10.57378414741,
    4.930535486106));
#9377 = CARTESIAN_POINT('',(-27.80257653803,-12.83637590229,
    4.943137163212));
#9378 = CARTESIAN_POINT('',(-26.73518461077,-15.01738099986,
    4.955736535428));
#9379 = CARTESIAN_POINT('',(-25.47322335714,-17.09544613415,
    4.968333806951));
#9380 = CARTESIAN_POINT('',(-24.02833525377,-19.05074538525,
    4.980931082005));
#9381 = CARTESIAN_POINT('',(-22.41445288601,-20.86500698706,
    4.993531018634));
#9382 = CARTESIAN_POINT('',(-20.64775466676,-22.52152034767,
    5.00613440119));
#9383 = CARTESIAN_POINT('',(-16.71794364801,-25.59052929014,
    5.032192054759));
#9384 = CARTESIAN_POINT('',(-14.53457567304,-26.97998676962,
    5.045655731342));
#9385 = CARTESIAN_POINT('',(-12.2203554718,-28.15552484275,
    5.059119012071));
#9386 = CARTESIAN_POINT('',(-9.800047990071,-29.10322123136,
    5.072577750998));
#9387 = CARTESIAN_POINT('',(-7.299539736452,-29.81250604023,
    5.086036725367));
#9388 = CARTESIAN_POINT('',(-4.745812308902,-30.27621206122,
    5.099487257638));
#9389 = CARTESIAN_POINT('',(-2.166867615658,-30.49049283013,
    5.11293901552));
#9390 = CARTESIAN_POINT('',(3.1654203465,-30.41906456821,5.140806243523)
  );
#9391 = CARTESIAN_POINT('',(5.920322144451,-30.09678884746,
    5.155231354272));
#9392 = CARTESIAN_POINT('',(8.636241843102,-29.48920294122,
    5.169646512993));
#9393 = CARTESIAN_POINT('',(11.278875401277,-28.6024350057,
    5.184051541325));
#9394 = CARTESIAN_POINT('',(13.815509899813,-27.44684958354,
    5.198455410964));
#9395 = CARTESIAN_POINT('',(16.215159491012,-26.03719734199,
    5.212863357606));
#9396 = CARTESIAN_POINT('',(18.448563006382,-24.39241385938,
    5.227277327036));
#9397 = CARTESIAN_POINT('',(22.834961794154,-20.4046716744,
    5.258252403629));
#9398 = CARTESIAN_POINT('',(24.929023587089,-17.99121503342,
    5.27483408112));
#9399 = CARTESIAN_POINT('',(26.728897057138,-15.3340867005,
    5.291410749803));
#9400 = CARTESIAN_POINT('',(28.202922361468,-12.47592830192,
    5.307982255548));
#9401 = CARTESIAN_POINT('',(29.326226577631,-9.462611996242,
    5.324551104841));
#9402 = CARTESIAN_POINT('',(30.081605922645,-6.343368721036,
    5.341123104887));
#9403 = CARTESIAN_POINT('',(30.458734122635,-3.170326679873,
    5.357701543264));
#9404 = CARTESIAN_POINT('',(30.458734122635,-1.42108547152E-14,
    5.374265655281));
#9405 = PCURVE('',#6967,#9406);
#9406 = DEFINITIONAL_REPRESENTATION('',(#9407),#9473);
#9407 = B_SPLINE_CURVE_WITH_KNOTS('',8,(#9408,#9409,#9410,#9411,#9412,
    #9413,#9414,#9415,#9416,#9417,#9418,#9419,#9420,#9421,#9422,#9423,
    #9424,#9425,#9426,#9427,#9428,#9429,#9430,#9431,#9432,#9433,#9434,
    #9435,#9436,#9437,#9438,#9439,#9440,#9441,#9442,#9443,#9444,#9445,
    #9446,#9447,#9448,#9449,#9450,#9451,#9452,#9453,#9454,#9455,#9456,
    #9457,#9458,#9459,#9460,#9461,#9462,#9463,#9464,#9465,#9466,#9467,
    #9468,#9469,#9470,#9471,#9472),.UNSPECIFIED.,.F.,.F.,(9,7,7,7,7,7,7,
    7,7,9),(0.,0.125286338141,0.186642225985,0.306538405864,
    0.447278435035,0.543700258451,0.644511253741,0.752165757058,
    0.86745524374,1.),.UNSPECIFIED.);
#9408 = CARTESIAN_POINT('',(0.641660016211,38.173590789402));
#9409 = CARTESIAN_POINT('',(0.641660012364,38.273192669311));
#9410 = CARTESIAN_POINT('',(0.641688472724,38.372856874157));
#9411 = CARTESIAN_POINT('',(0.641694676633,38.4724870871));
#9412 = CARTESIAN_POINT('',(0.641676945118,38.572092420678));
#9413 = CARTESIAN_POINT('',(0.641659329586,38.671699377335));
#9414 = CARTESIAN_POINT('',(0.641647258855,38.771334170968));
#9415 = CARTESIAN_POINT('',(0.641643150388,38.871008271759));
#9416 = CARTESIAN_POINT('',(0.641645255399,39.019392460094));
#9417 = CARTESIAN_POINT('',(0.64164728167,39.068175608768));
#9418 = CARTESIAN_POINT('',(0.641650403375,39.116959950366));
#9419 = CARTESIAN_POINT('',(0.64165417942,39.165744936508));
#9420 = CARTESIAN_POINT('',(0.641658121028,39.214531107382));
#9421 = CARTESIAN_POINT('',(0.641661801058,39.263318824275));
#9422 = CARTESIAN_POINT('',(0.641664918059,39.312106932984));
#9423 = CARTESIAN_POINT('',(0.641671999134,39.456221511732));
#9424 = CARTESIAN_POINT('',(0.641673932334,39.551601253519));
#9425 = CARTESIAN_POINT('',(0.641671917091,39.646951982595));
#9426 = CARTESIAN_POINT('',(0.641666688551,39.74228198932));
#9427 = CARTESIAN_POINT('',(0.641661338852,39.837613315279));
#9428 = CARTESIAN_POINT('',(0.641657668876,39.932967330352));
#9429 = CARTESIAN_POINT('',(0.641655922564,40.028350261344));
#9430 = CARTESIAN_POINT('',(0.641655195638,40.235579168945));
#9431 = CARTESIAN_POINT('',(0.641656747522,40.347588495089));
#9432 = CARTESIAN_POINT('',(0.641659414236,40.459528237343));
#9433 = CARTESIAN_POINT('',(0.641660913114,40.571427800959));
#9434 = CARTESIAN_POINT('',(0.64165896656,40.68332852155));
#9435 = CARTESIAN_POINT('',(0.641656237259,40.79527452546));
#9436 = CARTESIAN_POINT('',(0.64165494417,40.907289079618));
#9437 = CARTESIAN_POINT('',(0.641656238988,41.095841959626));
#9438 = CARTESIAN_POINT('',(0.641657733053,41.17252403759));
#9439 = CARTESIAN_POINT('',(0.641660396059,41.249199485648));
#9440 = CARTESIAN_POINT('',(0.641664069131,41.325867611385));
#9441 = CARTESIAN_POINT('',(0.641668017962,41.402535554538));
#9442 = CARTESIAN_POINT('',(0.641670992113,41.479210996189));
#9443 = CARTESIAN_POINT('',(0.641672111988,41.555894802178));
#9444 = CARTESIAN_POINT('',(0.641670237704,41.712715054124));
#9445 = CARTESIAN_POINT('',(0.641667053987,41.792898133618));
#9446 = CARTESIAN_POINT('',(0.6416614284,41.873072583947));
#9447 = CARTESIAN_POINT('',(0.641654005769,41.953238110551));
#9448 = CARTESIAN_POINT('',(0.641646617565,42.033403574538));
#9449 = CARTESIAN_POINT('',(0.641642342688,42.113578277488));
#9450 = CARTESIAN_POINT('',(0.641642692205,42.193763475021));
#9451 = CARTESIAN_POINT('',(0.641651502895,42.359527399864));
#9452 = CARTESIAN_POINT('',(0.641660220983,42.445165332932));
#9453 = CARTESIAN_POINT('',(0.641674337848,42.530787404245));
#9454 = CARTESIAN_POINT('',(0.641683370908,42.616393144174));
#9455 = CARTESIAN_POINT('',(0.641693211276,42.701998386756));
#9456 = CARTESIAN_POINT('',(0.641677381589,42.78761336274));
#9457 = CARTESIAN_POINT('',(0.641657581899,42.873245948365));
#9458 = CARTESIAN_POINT('',(0.64166307133,43.050531074119));
#9459 = CARTESIAN_POINT('',(0.641685825309,43.142251216156));
#9460 = CARTESIAN_POINT('',(0.641692129035,43.233948698017));
#9461 = CARTESIAN_POINT('',(0.641679634117,43.325628189038));
#9462 = CARTESIAN_POINT('',(0.641664149357,43.41730769762));
#9463 = CARTESIAN_POINT('',(0.641651827352,43.509005328342));
#9464 = CARTESIAN_POINT('',(0.641645568339,43.600726292777));
#9465 = CARTESIAN_POINT('',(0.641643254309,43.797803661725));
#9466 = CARTESIAN_POINT('',(0.641648883494,43.903286777558));
#9467 = CARTESIAN_POINT('',(0.641660381602,44.008723520823));
#9468 = CARTESIAN_POINT('',(0.641671088725,44.114129371045));
#9469 = CARTESIAN_POINT('',(0.641674823588,44.219535552351));
#9470 = CARTESIAN_POINT('',(0.641673554604,44.324974146735));
#9471 = CARTESIAN_POINT('',(0.641669660838,44.43046019071));
#9472 = CARTESIAN_POINT('',(0.641665377078,44.535856050461));
#9473 = ( GEOMETRIC_REPRESENTATION_CONTEXT(2) 
PARAMETRIC_REPRESENTATION_CONTEXT() REPRESENTATION_CONTEXT('2D SPACE',''
  ) );
#9474 = PCURVE('',#9475,#9480);
#9475 = CYLINDRICAL_SURFACE('',#9476,30.458734122635);
#9476 = AXIS2_PLACEMENT_3D('',#9477,#9478,#9479);
#9477 = CARTESIAN_POINT('',(0.,0.,0.));
#9478 = DIRECTION('',(0.,0.,1.));
#9479 = DIRECTION('',(1.,0.,-0.));
#9480 = DEFINITIONAL_REPRESENTATION('',(#9481),#9547);
#9481 = B_SPLINE_CURVE_WITH_KNOTS('',8,(#9482,#9483,#9484,#9485,#9486,
    #9487,#9488,#9489,#9490,#9491,#9492,#9493,#9494,#9495,#9496,#9497,
    #9498,#9499,#9500,#9501,#9502,#9503,#9504,#9505,#9506,#9507,#9508,
    #9509,#9510,#9511,#9512,#9513,#9514,#9515,#9516,#9517,#9518,#9519,
    #9520,#9521,#9522,#9523,#9524,#9525,#9526,#9527,#9528,#9529,#9530,
    #9531,#9532,#9533,#9534,#9535,#9536,#9537,#9538,#9539,#9540,#9541,
    #9542,#9543,#9544,#9545,#9546),.UNSPECIFIED.,.F.,.F.,(9,7,7,7,7,7,7,
    7,7,9),(0.,0.125286338141,0.186642225985,0.306538405864,
    0.447278435035,0.543700258451,0.644511253741,0.752165757058,
    0.86745524374,1.),.UNSPECIFIED.);
#9482 = CARTESIAN_POINT('',(0.,4.374263552409));
#9483 = CARTESIAN_POINT('',(9.836387756115E-02,4.389918648251));
#9484 = CARTESIAN_POINT('',(0.196789956213,4.405594597518));
#9485 = CARTESIAN_POINT('',(0.295181502887,4.421256558158));
#9486 = CARTESIAN_POINT('',(0.393548511057,4.436905310228));
#9487 = CARTESIAN_POINT('',(0.491917291225,4.452554362461));
#9488 = CARTESIAN_POINT('',(0.590313686806,4.468209943992));
#9489 = CARTESIAN_POINT('',(0.688748930902,4.483874796766));
#9490 = CARTESIAN_POINT('',(0.835288812146,4.507198155328));
#9491 = CARTESIAN_POINT('',(0.883465617231,4.514866518034));
#9492 = CARTESIAN_POINT('',(0.931643589671,4.52253549378));
#9493 = CARTESIAN_POINT('',(0.979822184542,4.530204825021));
#9494 = CARTESIAN_POINT('',(1.028001935795,4.537874406792));
#9495 = CARTESIAN_POINT('',(1.076183204364,4.545544129945));
#9496 = CARTESIAN_POINT('',(1.124364856714,4.553213695966));
#9497 = CARTESIAN_POINT('',(1.266688039213,4.575867904309));
#9498 = CARTESIAN_POINT('',(1.360882186353,4.590860130783));
#9499 = CARTESIAN_POINT('',(1.455047735154,4.605846263297));
#9500 = CARTESIAN_POINT('',(1.549192918732,4.62082789048));
#9501 = CARTESIAN_POINT('',(1.643339494272,4.63580967795));
#9502 = CARTESIAN_POINT('',(1.737508489823,4.650795684136));
#9503 = CARTESIAN_POINT('',(1.831705998098,4.665786982512));
#9504 = CARTESIAN_POINT('',(2.036359303222,4.698358261247));
#9505 = CARTESIAN_POINT('',(2.146976392587,4.715964123208));
#9506 = CARTESIAN_POINT('',(2.257524623371,4.733559481276));
#9507 = CARTESIAN_POINT('',(2.368033047766,4.751148070532));
#9508 = CARTESIAN_POINT('',(2.478542625981,4.768735503202));
#9509 = CARTESIAN_POINT('',(2.589097065767,4.786329749284));
#9510 = CARTESIAN_POINT('',(2.699719343221,4.80393532779));
#9511 = CARTESIAN_POINT('',(2.885928770593,4.833571955043));
#9512 = CARTESIAN_POINT('',(2.961657838105,4.845625173355));
#9513 = CARTESIAN_POINT('',(3.037380383956,4.857677803694));
#9514 = CARTESIAN_POINT('',(3.113095696023,4.869729675512));
#9515 = CARTESIAN_POINT('',(3.188810791626,4.881781625755));
#9516 = CARTESIAN_POINT('',(3.264533238629,4.893834375957));
#9517 = CARTESIAN_POINT('',(3.340263897528,4.905887720514));
#9518 = CARTESIAN_POINT('',(3.495134875173,4.930535486106));
#9519 = CARTESIAN_POINT('',(3.574321244804,4.943137163212));
#9520 = CARTESIAN_POINT('',(3.653499076831,4.955736535428));
#9521 = CARTESIAN_POINT('',(3.732668112064,4.968333806951));
#9522 = CARTESIAN_POINT('',(3.811837137794,4.980931082005));
#9523 = CARTESIAN_POINT('',(3.891015337393,4.993531018634));
#9524 = CARTESIAN_POINT('',(3.970203908108,5.00613440119));
#9525 = CARTESIAN_POINT('',(4.133907494745,5.032192054759));
#9526 = CARTESIAN_POINT('',(4.218481043037,5.045655731342));
#9527 = CARTESIAN_POINT('',(4.303038466859,5.059119012071));
#9528 = CARTESIAN_POINT('',(4.3875807653,5.072577750998));
#9529 = CARTESIAN_POINT('',(4.472120737943,5.086036725367));
#9530 = CARTESIAN_POINT('',(4.556672431236,5.099487257638));
#9531 = CARTESIAN_POINT('',(4.641240704554,5.11293901552));
#9532 = CARTESIAN_POINT('',(4.816322384744,5.140806243523));
#9533 = CARTESIAN_POINT('',(4.906902974441,5.155231354272));
#9534 = CARTESIAN_POINT('',(4.997460513781,5.169646512993));
#9535 = CARTESIAN_POINT('',(5.088000229486,5.184051541325));
#9536 = CARTESIAN_POINT('',(5.178540075189,5.198455410964));
#9537 = CARTESIAN_POINT('',(5.26909792675,5.212863357606));
#9538 = CARTESIAN_POINT('',(5.359678869391,5.227277327036));
#9539 = CARTESIAN_POINT('',(5.554306718826,5.258252403629));
#9540 = CARTESIAN_POINT('',(5.658478762118,5.27483408112));
#9541 = CARTESIAN_POINT('',(5.762604941674,5.291410749803));
#9542 = CARTESIAN_POINT('',(5.866700488302,5.307982255548));
#9543 = CARTESIAN_POINT('',(5.970796373562,5.324551104841));
#9544 = CARTESIAN_POINT('',(6.074924377332,5.341123104887));
#9545 = CARTESIAN_POINT('',(6.179099343951,5.357701543264));
#9546 = CARTESIAN_POINT('',(6.28318530718,5.374265655281));
#9547 = ( GEOMETRIC_REPRESENTATION_CONTEXT(2) 
PARAMETRIC_REPRESENTATION_CONTEXT() REPRESENTATION_CONTEXT('2D SPACE',''
  ) );
#9548 = ORIENTED_EDGE('',*,*,#9549,.T.);
#9549 = EDGE_CURVE('',#9336,#9550,#9552,.T.);
#9550 = VERTEX_POINT('',#9551);
#9551 = CARTESIAN_POINT('',(30.458734122635,-7.460238249873E-15,
    6.374265614457));
#9552 = SURFACE_CURVE('',#9553,(#9633,#9716),.PCURVE_S1.);
#9553 = B_SPLINE_CURVE_WITH_KNOTS('',8,(#9554,#9555,#9556,#9557,#9558,
    #9559,#9560,#9561,#9562,#9563,#9564,#9565,#9566,#9567,#9568,#9569,
    #9570,#9571,#9572,#9573,#9574,#9575,#9576,#9577,#9578,#9579,#9580,
    #9581,#9582,#9583,#9584,#9585,#9586,#9587,#9588,#9589,#9590,#9591,
    #9592,#9593,#9594,#9595,#9596,#9597,#9598,#9599,#9600,#9601,#9602,
    #9603,#9604,#9605,#9606,#9607,#9608,#9609,#9610,#9611,#9612,#9613,
    #9614,#9615,#9616,#9617,#9618,#9619,#9620,#9621,#9622,#9623,#9624,
    #9625,#9626,#9627,#9628,#9629,#9630,#9631,#9632),.UNSPECIFIED.,.F.,
  .F.,(9,7,7,7,7,7,7,7,7,7,7,9),(0.,8.0907247209E-02,0.161000910141,
    0.253520252355,0.37400490817,0.466876224556,0.520480102006,
    0.572896273025,0.688535256107,0.811829842008,0.934903489712,1.),
  .UNSPECIFIED.);
#9554 = CARTESIAN_POINT('',(30.458734122635,-1.42108547152E-14,
    5.374265655281));
#9555 = CARTESIAN_POINT('',(30.458734122635,1.935217113219,
    5.384376648966));
#9556 = CARTESIAN_POINT('',(30.318213320676,3.870694245035,
    5.394488917982));
#9557 = CARTESIAN_POINT('',(30.037108087029,5.794186833475,
    5.404600968899));
#9558 = CARTESIAN_POINT('',(29.616693653275,7.693765603049,5.41471275098
    ));
#9559 = CARTESIAN_POINT('',(29.059407508504,9.557782160318,
    5.424824853159));
#9560 = CARTESIAN_POINT('',(28.368792247137,11.374866245736,
    5.434937723935));
#9561 = CARTESIAN_POINT('',(27.549557868374,13.133954641764,
    5.445050914188));
#9562 = CARTESIAN_POINT('',(25.675439648884,16.497750596563,
    5.465172093482));
#9563 = CARTESIAN_POINT('',(24.622617332278,18.104534578234,
    5.475184300575));
#9564 = CARTESIAN_POINT('',(23.455082001803,19.63408963821,
    5.485196024103));
#9565 = CARTESIAN_POINT('',(22.179618188957,21.076825674557,
    5.495206558596));
#9566 = CARTESIAN_POINT('',(20.803818421009,22.42402613953,
    5.505216211653));
#9567 = CARTESIAN_POINT('',(19.336004522825,23.66778346127,
    5.515225722664));
#9568 = CARTESIAN_POINT('',(17.78523424445,24.80101166193,5.525235765826
    ));
#9569 = CARTESIAN_POINT('',(14.285572155779,26.991745077693,
    5.546809175456));
#9570 = CARTESIAN_POINT('',(12.31205350729,28.010345325551,
    5.558373752612));
#9571 = CARTESIAN_POINT('',(10.256325012086,28.863526185266,
    5.569937006664));
#9572 = CARTESIAN_POINT('',(8.134613321056,29.543781797337,
    5.581499530551));
#9573 = CARTESIAN_POINT('',(5.963700379061,30.045471095938,
    5.593062715258));
#9574 = CARTESIAN_POINT('',(3.760903358671,30.364822088315,
    5.604627645334));
#9575 = CARTESIAN_POINT('',(1.544064547075,30.499958513016,
    5.616194187508));
#9576 = CARTESIAN_POINT('',(-3.549490759233,30.388165310953,
    5.642818350712));
#9577 = CARTESIAN_POINT('',(-6.425324642003,30.013355591668,
    5.65788592041));
#9578 = CARTESIAN_POINT('',(-9.254095379065,29.327312490468,
    5.672947912573));
#9579 = CARTESIAN_POINT('',(-11.99678788905,28.337727619818,
    5.688004980326));
#9580 = CARTESIAN_POINT('',(-14.6163508946,27.05721203386,5.70306023708)
  );
#9581 = CARTESIAN_POINT('',(-17.07791357368,25.503572297385,
    5.718118472049));
#9582 = CARTESIAN_POINT('',(-19.34873581139,23.699484777024,
    5.733182650985));
#9583 = CARTESIAN_POINT('',(-22.98016898782,20.114188512899,
    5.759846618451));
#9584 = CARTESIAN_POINT('',(-24.43108550987,18.421534889198,
    5.771456289976));
#9585 = CARTESIAN_POINT('',(-25.73889539875,16.609842726699,
    5.783066443545));
#9586 = CARTESIAN_POINT('',(-26.89239896538,14.693345290417,
    5.794677320903));
#9587 = CARTESIAN_POINT('',(-27.88211069796,12.687277025598,
    5.806289333433));
#9588 = CARTESIAN_POINT('',(-28.70027562341,10.607858903186,
    5.817901597128));
#9589 = CARTESIAN_POINT('',(-29.34091000084,8.472295375727,
    5.829512111136));
#9590 = CARTESIAN_POINT('',(-30.06543641049,5.04458532551,5.847816020621
    ));
#9591 = CARTESIAN_POINT('',(-30.27025025758,3.777328019438,5.85451335633
    ));
#9592 = CARTESIAN_POINT('',(-30.41399995468,2.500689561004,
    5.861210795462));
#9593 = CARTESIAN_POINT('',(-30.49619110696,1.21814056549,5.867909146709
    ));
#9594 = CARTESIAN_POINT('',(-30.51656614952,-6.685343749991E-02,
    5.874608784078));
#9595 = CARTESIAN_POINT('',(-30.47510434741,-1.350832004035,
    5.881309646894));
#9596 = CARTESIAN_POINT('',(-30.37202179556,-2.630339775859,
    5.888011239799));
#9597 = CARTESIAN_POINT('',(-30.04716035407,-5.145338512152,
    5.901265542275));
#9598 = CARTESIAN_POINT('',(-29.82803205023,-6.381267303822,
    5.907818388237));
#9599 = CARTESIAN_POINT('',(-29.55083312571,-7.606406882998,
    5.91437056234));
#9600 = CARTESIAN_POINT('',(-29.21620289729,-8.817540719495,
    5.920921743415));
#9601 = CARTESIAN_POINT('',(-28.82497338012,-10.01154172535,
    5.92747189742));
#9602 = CARTESIAN_POINT('',(-28.37816928778,-11.18537225482,
    5.934021277439));
#9603 = CARTESIAN_POINT('',(-27.87700803223,-12.3360841044,
    5.940570423682));
#9604 = CARTESIAN_POINT('',(-26.10044260698,-15.94217380249,
    5.961570002834));
#9605 = CARTESIAN_POINT('',(-24.61986502188,-18.29783039941,
    5.976026260055));
#9606 = CARTESIAN_POINT('',(-22.89700385923,-20.49456606988,
    5.990480604902));
#9607 = CARTESIAN_POINT('',(-20.95235108356,-22.50378842178,
    6.004935572139));
#9608 = CARTESIAN_POINT('',(-18.80956936529,-24.30020679963,
    6.01939259212));
#9609 = CARTESIAN_POINT('',(-16.49557265183,-25.86202508349,
    6.033852857845));
#9610 = CARTESIAN_POINT('',(-14.04033909885,-27.1708468627,
    6.048316180131));
#9611 = CARTESIAN_POINT('',(-8.746277246947,-29.32465373741,
    6.078184150707));
#9612 = CARTESIAN_POINT('',(-5.889789560281,-30.13442592717,
    6.093604775954));
#9613 = CARTESIAN_POINT('',(-2.950021158692,-30.62499144916,
    6.109018559763));
#9614 = CARTESIAN_POINT('',(3.12796885026E-02,-30.78751702426,
    6.12442737245));
#9615 = CARTESIAN_POINT('',(3.012261637521,-30.61893996877,
    6.139836413985));
#9616 = CARTESIAN_POINT('',(5.951067879561,-30.12239230668,
    6.155250130121));
#9617 = CARTESIAN_POINT('',(8.805936074965,-29.30679206253,
    6.170669866974));
#9618 = CARTESIAN_POINT('',(14.260163767766,-27.07488052164,
    6.201463543074));
#9619 = CARTESIAN_POINT('',(16.863363679208,-25.65826037967,
    6.216856641613));
#9620 = CARTESIAN_POINT('',(19.303425409681,-23.95626716419,
    6.23224484503));
#9621 = CARTESIAN_POINT('',(21.544504375305,-21.99167498702,
    6.247628959326));
#9622 = CARTESIAN_POINT('',(23.55470938956,-19.79142476228,
    6.263012247234));
#9623 = CARTESIAN_POINT('',(25.306457850458,-17.38684709173,
    6.278398887356));
#9624 = CARTESIAN_POINT('',(26.77625366872,-14.8133002637,6.293790833403
    ));
#9625 = CARTESIAN_POINT('',(28.566160274242,-10.68333697496,
    6.317310343489));
#9626 = CARTESIAN_POINT('',(29.101813550161,-9.218602553776,
    6.325445876628));
#9627 = CARTESIAN_POINT('',(29.551533697173,-7.723459539092,
    6.333581232241));
#9628 = CARTESIAN_POINT('',(29.913372948569,-6.203676187147,
    6.341717081556));
#9629 = CARTESIAN_POINT('',(30.18581018067,-4.665203444241,
    6.349853862844));
#9630 = CARTESIAN_POINT('',(30.367780043957,-3.114178675484,
    6.35799156031));
#9631 = CARTESIAN_POINT('',(30.458734122635,-1.556932681056,
    6.366129421676));
#9632 = CARTESIAN_POINT('',(30.458734122635,-3.552713678801E-14,
    6.374265614457));
#9633 = PCURVE('',#6967,#9634);
#9634 = DEFINITIONAL_REPRESENTATION('',(#9635),#9715);
#9635 = B_SPLINE_CURVE_WITH_KNOTS('',8,(#9636,#9637,#9638,#9639,#9640,
    #9641,#9642,#9643,#9644,#9645,#9646,#9647,#9648,#9649,#9650,#9651,
    #9652,#9653,#9654,#9655,#9656,#9657,#9658,#9659,#9660,#9661,#9662,
    #9663,#9664,#9665,#9666,#9667,#9668,#9669,#9670,#9671,#9672,#9673,
    #9674,#9675,#9676,#9677,#9678,#9679,#9680,#9681,#9682,#9683,#9684,
    #9685,#9686,#9687,#9688,#9689,#9690,#9691,#9692,#9693,#9694,#9695,
    #9696,#9697,#9698,#9699,#9700,#9701,#9702,#9703,#9704,#9705,#9706,
    #9707,#9708,#9709,#9710,#9711,#9712,#9713,#9714),.UNSPECIFIED.,.F.,
  .F.,(9,7,7,7,7,7,7,7,7,7,7,9),(0.,8.0907247209E-02,0.161000910141,
    0.253520252355,0.37400490817,0.466876224556,0.520480102006,
    0.572896273025,0.688535256107,0.811829842008,0.934903489712,1.),
  .UNSPECIFIED.);
#9636 = CARTESIAN_POINT('',(0.641665377078,44.535856050461));
#9637 = CARTESIAN_POINT('',(0.641662762204,44.600191335764));
#9638 = CARTESIAN_POINT('',(0.641659994271,44.664535113353));
#9639 = CARTESIAN_POINT('',(0.641657570077,44.728876653776));
#9640 = CARTESIAN_POINT('',(0.64165589469,44.793214633092));
#9641 = CARTESIAN_POINT('',(0.641655126957,44.857552405663));
#9642 = CARTESIAN_POINT('',(0.641655147862,44.921893119112));
#9643 = CARTESIAN_POINT('',(0.641655651752,44.986234671452));
#9644 = CARTESIAN_POINT('',(0.641657061945,45.114247463546));
#9645 = CARTESIAN_POINT('',(0.641657961772,45.177945555676));
#9646 = CARTESIAN_POINT('',(0.641658781757,45.241640768575));
#9647 = CARTESIAN_POINT('',(0.641659224339,45.305329349274));
#9648 = CARTESIAN_POINT('',(0.641659132808,45.369013642113));
#9649 = CARTESIAN_POINT('',(0.641658563103,45.43269821305));
#9650 = CARTESIAN_POINT('',(0.64165775249,45.496386765074));
#9651 = CARTESIAN_POINT('',(0.641656067145,45.633646682315));
#9652 = CARTESIAN_POINT('',(0.64165520232,45.707225725752));
#9653 = CARTESIAN_POINT('',(0.641654797089,45.780795215354));
#9654 = CARTESIAN_POINT('',(0.641655341994,45.854357711168));
#9655 = CARTESIAN_POINT('',(0.641657175445,45.927921226612));
#9656 = CARTESIAN_POINT('',(0.641660072948,46.001493216719));
#9657 = CARTESIAN_POINT('',(0.641663353847,46.075074515853));
#9658 = CARTESIAN_POINT('',(0.6416700672,46.244447908825));
#9659 = CARTESIAN_POINT('',(0.641673252568,46.340303909402));
#9660 = CARTESIAN_POINT('',(0.641674134671,46.43613011681));
#9661 = CARTESIAN_POINT('',(0.641670970844,46.531934993447));
#9662 = CARTESIAN_POINT('',(0.641662715169,46.627740932673));
#9663 = CARTESIAN_POINT('',(0.641652874089,46.723569738465));
#9664 = CARTESIAN_POINT('',(0.641646216441,46.819428493413));
#9665 = CARTESIAN_POINT('',(0.641643417255,46.989078642157));
#9666 = CARTESIAN_POINT('',(0.641645215309,47.062938006545));
#9667 = CARTESIAN_POINT('',(0.641650933313,47.136790749567));
#9668 = CARTESIAN_POINT('',(0.641660457658,47.21063869004));
#9669 = CARTESIAN_POINT('',(0.641671996996,47.284488872669));
#9670 = CARTESIAN_POINT('',(0.641680816592,47.358347375194));
#9671 = CARTESIAN_POINT('',(0.641682292755,47.432212895243));
#9672 = CARTESIAN_POINT('',(0.641675812451,47.548683236585));
#9673 = CARTESIAN_POINT('',(0.641669422755,47.591309254359));
#9674 = CARTESIAN_POINT('',(0.641662876718,47.633936316534));
#9675 = CARTESIAN_POINT('',(0.641658724791,47.676563264713));
#9676 = CARTESIAN_POINT('',(0.641658206037,47.719189416054));
#9677 = CARTESIAN_POINT('',(0.641661248137,47.761814563265));
#9678 = CARTESIAN_POINT('',(0.641666467388,47.804438974607));
#9679 = CARTESIAN_POINT('',(0.641675765845,47.888743379696));
#9680 = CARTESIAN_POINT('',(0.641679398015,47.930425346059));
#9681 = CARTESIAN_POINT('',(0.641681385942,47.972107101673));
#9682 = CARTESIAN_POINT('',(0.641681386769,48.013787450557));
#9683 = CARTESIAN_POINT('',(0.641679394046,48.055466192059));
#9684 = CARTESIAN_POINT('',(0.641675737736,48.097144120858));
#9685 = CARTESIAN_POINT('',(0.641671084209,48.138823026963));
#9686 = CARTESIAN_POINT('',(0.641656182056,48.272464748275));
#9687 = CARTESIAN_POINT('',(0.641644793837,48.36446743583));
#9688 = CARTESIAN_POINT('',(0.641638112341,48.456446323554));
#9689 = CARTESIAN_POINT('',(0.641640503013,48.548406748971));
#9690 = CARTESIAN_POINT('',(0.641648180511,48.640367167951));
#9691 = CARTESIAN_POINT('',(0.641656784267,48.732345947936));
#9692 = CARTESIAN_POINT('',(0.641663666434,48.824348429539));
#9693 = CARTESIAN_POINT('',(0.641672385379,49.014354828164));
#9694 = CARTESIAN_POINT('',(0.641673862684,49.112461283278));
#9695 = CARTESIAN_POINT('',(0.641671183544,49.210534484121));
#9696 = CARTESIAN_POINT('',(0.641665387702,49.308583760392));
#9697 = CARTESIAN_POINT('',(0.641660004541,49.406633472685));
#9698 = CARTESIAN_POINT('',(0.641656706421,49.504707772809));
#9699 = CARTESIAN_POINT('',(0.641655462461,49.602815301409));
#9700 = CARTESIAN_POINT('',(0.641655626379,49.798732428004));
#9701 = CARTESIAN_POINT('',(0.641657029365,49.896663934583));
#9702 = CARTESIAN_POINT('',(0.641659028466,49.994562823786));
#9703 = CARTESIAN_POINT('',(0.641660201695,50.09243773808));
#9704 = CARTESIAN_POINT('',(0.641659321173,50.190312470585));
#9705 = CARTESIAN_POINT('',(0.64165741881,50.28821105627));
#9706 = CARTESIAN_POINT('',(0.64165590408,50.386142441604));
#9707 = CARTESIAN_POINT('',(0.641655420331,50.53578099614));
#9708 = CARTESIAN_POINT('',(0.641655588478,50.587540999373));
#9709 = CARTESIAN_POINT('',(0.641656210294,50.639298751893));
#9710 = CARTESIAN_POINT('',(0.641657362688,50.691058334129));
#9711 = CARTESIAN_POINT('',(0.641659026797,50.742822581108));
#9712 = CARTESIAN_POINT('',(0.641661071228,50.794591717078));
#9713 = CARTESIAN_POINT('',(0.641663273087,50.846361506733));
#9714 = CARTESIAN_POINT('',(0.641665376774,50.898120923048));
#9715 = ( GEOMETRIC_REPRESENTATION_CONTEXT(2) 
PARAMETRIC_REPRESENTATION_CONTEXT() REPRESENTATION_CONTEXT('2D SPACE',''
  ) );
#9716 = PCURVE('',#9717,#9722);
#9717 = CYLINDRICAL_SURFACE('',#9718,30.458734122635);
#9718 = AXIS2_PLACEMENT_3D('',#9719,#9720,#9721);
#9719 = CARTESIAN_POINT('',(0.,0.,0.));
#9720 = DIRECTION('',(0.,0.,1.));
#9721 = DIRECTION('',(1.,0.,-0.));
#9722 = DEFINITIONAL_REPRESENTATION('',(#9723),#9803);
#9723 = B_SPLINE_CURVE_WITH_KNOTS('',8,(#9724,#9725,#9726,#9727,#9728,
    #9729,#9730,#9731,#9732,#9733,#9734,#9735,#9736,#9737,#9738,#9739,
    #9740,#9741,#9742,#9743,#9744,#9745,#9746,#9747,#9748,#9749,#9750,
    #9751,#9752,#9753,#9754,#9755,#9756,#9757,#9758,#9759,#9760,#9761,
    #9762,#9763,#9764,#9765,#9766,#9767,#9768,#9769,#9770,#9771,#9772,
    #9773,#9774,#9775,#9776,#9777,#9778,#9779,#9780,#9781,#9782,#9783,
    #9784,#9785,#9786,#9787,#9788,#9789,#9790,#9791,#9792,#9793,#9794,
    #9795,#9796,#9797,#9798,#9799,#9800,#9801,#9802),.UNSPECIFIED.,.F.,
  .F.,(9,7,7,7,7,7,7,7,7,7,7,9),(0.,8.0907247209E-02,0.161000910141,
    0.253520252355,0.37400490817,0.466876224556,0.520480102006,
    0.572896273025,0.688535256107,0.811829842008,0.934903489712,1.),
  .UNSPECIFIED.);
#9724 = CARTESIAN_POINT('',(0.,5.374265655281));
#9725 = CARTESIAN_POINT('',(6.353570392739E-02,5.384376648966));
#9726 = CARTESIAN_POINT('',(0.127079816735,5.394488917982));
#9727 = CARTESIAN_POINT('',(0.190621732964,5.404600968899));
#9728 = CARTESIAN_POINT('',(0.254160127895,5.41471275098));
#9729 = CARTESIAN_POINT('',(0.317698296435,5.424824853159));
#9730 = CARTESIAN_POINT('',(0.381239334033,5.434937723935));
#9731 = CARTESIAN_POINT('',(0.444781159616,5.445050914188));
#9732 = CARTESIAN_POINT('',(0.571202756507,5.465172093482));
#9733 = CARTESIAN_POINT('',(0.634109047064,5.475184300575));
#9734 = CARTESIAN_POINT('',(0.697012461101,5.485196024103));
#9735 = CARTESIAN_POINT('',(0.75990930279,5.495206558596));
#9736 = CARTESIAN_POINT('',(0.822801904504,5.505216211653));
#9737 = CARTESIAN_POINT('',(0.885694793771,5.515225722664));
#9738 = CARTESIAN_POINT('',(0.948591641076,5.525235765826));
#9739 = CARTESIAN_POINT('',(1.084145368313,5.546809175456));
#9740 = CARTESIAN_POINT('',(1.156809842117,5.558373752612));
#9741 = CARTESIAN_POINT('',(1.229464935485,5.569937006664));
#9742 = CARTESIAN_POINT('',(1.30211317497,5.581499530551));
#9743 = CARTESIAN_POINT('',(1.374762456033,5.593062715258));
#9744 = CARTESIAN_POINT('',(1.447420111306,5.604627645334));
#9745 = CARTESIAN_POINT('',(1.520086940569,5.616194187508));
#9746 = CARTESIAN_POINT('',(1.687355283207,5.642818350712));
#9747 = CARTESIAN_POINT('',(1.782019886518,5.65788592041));
#9748 = CARTESIAN_POINT('',(1.87665498378,5.672947912573));
#9749 = CARTESIAN_POINT('',(1.971268934684,5.688004980326));
#9750 = CARTESIAN_POINT('',(2.065883917707,5.70306023708));
#9751 = CARTESIAN_POINT('',(2.160521557876,5.718118472049));
#9752 = CARTESIAN_POINT('',(2.255188837764,5.733182650985));
#9753 = CARTESIAN_POINT('',(2.42273035759,5.759846618451));
#9754 = CARTESIAN_POINT('',(2.495671715134,5.771456289976));
#9755 = CARTESIAN_POINT('',(2.568606525574,5.783066443545));
#9756 = CARTESIAN_POINT('',(2.641536551805,5.794677320903));
#9757 = CARTESIAN_POINT('',(2.71446872303,5.806289333433));
#9758 = CARTESIAN_POINT('',(2.78740904825,5.817901597128));
#9759 = CARTESIAN_POINT('',(2.860356377468,5.829512111136));
#9760 = CARTESIAN_POINT('',(2.975379086705,5.847816020621));
#9761 = CARTESIAN_POINT('',(3.017475344111,5.85451335633));
#9762 = CARTESIAN_POINT('',(3.059572651822,5.861210795462));
#9763 = CARTESIAN_POINT('',(3.10166984705,5.867909146709));
#9764 = CARTESIAN_POINT('',(3.143766245521,5.874608784078));
#9765 = CARTESIAN_POINT('',(3.18586164148,5.881309646894));
#9766 = CARTESIAN_POINT('',(3.227956307682,5.888011239799));
#9767 = CARTESIAN_POINT('',(3.311212986946,5.901265542275));
#9768 = CARTESIAN_POINT('',(3.352376899341,5.907818388237));
#9769 = CARTESIAN_POINT('',(3.393540571422,5.91437056234));
#9770 = CARTESIAN_POINT('',(3.43470282717,5.920921743415));
#9771 = CARTESIAN_POINT('',(3.475863475704,5.92747189742));
#9772 = CARTESIAN_POINT('',(3.517023311288,5.934021277439));
#9773 = CARTESIAN_POINT('',(3.558184113326,5.940570423682));
#9774 = CARTESIAN_POINT('',(3.690164603484,5.961570002834));
#9775 = CARTESIAN_POINT('',(3.781023700401,5.976026260055));
#9776 = CARTESIAN_POINT('',(3.871859390316,5.990480604902));
#9777 = CARTESIAN_POINT('',(3.962676881418,6.004935572139));
#9778 = CARTESIAN_POINT('',(4.053494279277,6.01939259212));
#9779 = CARTESIAN_POINT('',(4.144329745649,6.033852857845));
#9780 = CARTESIAN_POINT('',(4.235188591134,6.048316180131));
#9781 = CARTESIAN_POINT('',(4.422833144258,6.078184150707));
#9782 = CARTESIAN_POINT('',(4.519720117071,6.093604775954));
#9783 = CARTESIAN_POINT('',(4.616574311284,6.109018559763));
#9784 = CARTESIAN_POINT('',(4.7134049874,6.12442737245));
#9785 = CARTESIAN_POINT('',(4.810236181463,6.139836413985));
#9786 = CARTESIAN_POINT('',(4.90709165537,6.155250130121));
#9787 = CARTESIAN_POINT('',(5.003979884797,6.170669866974));
#9788 = CARTESIAN_POINT('',(5.197461953466,6.201463543074));
#9789 = CARTESIAN_POINT('',(5.294176186408,6.216856641613));
#9790 = CARTESIAN_POINT('',(5.390858105974,6.23224484503));
#9791 = CARTESIAN_POINT('',(5.487516263614,6.247628959326));
#9792 = CARTESIAN_POINT('',(5.584174234981,6.263012247234));
#9793 = CARTESIAN_POINT('',(5.680855838953,6.278398887356));
#9794 = CARTESIAN_POINT('',(5.777569933921,6.293790833403));
#9795 = CARTESIAN_POINT('',(5.925348604399,6.317310343489));
#9796 = CARTESIAN_POINT('',(5.976465296819,6.325445876628));
#9797 = CARTESIAN_POINT('',(6.02757978773,6.333581232241));
#9798 = CARTESIAN_POINT('',(6.07869610122,6.341717081556));
#9799 = CARTESIAN_POINT('',(6.129817029098,6.349853862844));
#9800 = CARTESIAN_POINT('',(6.180942783912,6.35799156031));
#9801 = CARTESIAN_POINT('',(6.232069174947,6.366129421676));
#9802 = CARTESIAN_POINT('',(6.28318530718,6.374265614457));
#9803 = ( GEOMETRIC_REPRESENTATION_CONTEXT(2) 
PARAMETRIC_REPRESENTATION_CONTEXT() REPRESENTATION_CONTEXT('2D SPACE',''
  ) );
#9804 = ORIENTED_EDGE('',*,*,#9805,.T.);
#9805 = EDGE_CURVE('',#9550,#7825,#9806,.T.);
#9806 = SURFACE_CURVE('',#9807,(#9887,#9970),.PCURVE_S1.);
#9807 = B_SPLINE_CURVE_WITH_KNOTS('',8,(#9808,#9809,#9810,#9811,#9812,
    #9813,#9814,#9815,#9816,#9817,#9818,#9819,#9820,#9821,#9822,#9823,
    #9824,#9825,#9826,#9827,#9828,#9829,#9830,#9831,#9832,#9833,#9834,
    #9835,#9836,#9837,#9838,#9839,#9840,#9841,#9842,#9843,#9844,#9845,
    #9846,#9847,#9848,#9849,#9850,#9851,#9852,#9853,#9854,#9855,#9856,
    #9857,#9858,#9859,#9860,#9861,#9862,#9863,#9864,#9865,#9866,#9867,
    #9868,#9869,#9870,#9871,#9872,#9873,#9874,#9875,#9876,#9877,#9878,
    #9879,#9880,#9881,#9882,#9883,#9884,#9885,#9886),.UNSPECIFIED.,.F.,
  .F.,(9,7,7,7,7,7,7,7,7,7,7,9),(0.,0.105418596602,0.213483151934,
    0.247321903022,0.319541025959,0.404795883448,0.519164112431,
    0.639881956306,0.718866393985,0.797990086982,0.894190162229,1.),
  .UNSPECIFIED.);
#9808 = CARTESIAN_POINT('',(30.458734122635,-3.552713678801E-14,
    6.374265614457));
#9809 = CARTESIAN_POINT('',(30.458734122635,2.52141569701,6.387441986462
    ));
#9810 = CARTESIAN_POINT('',(30.220189783901,5.043716806984,
    6.400622889709));
#9811 = CARTESIAN_POINT('',(29.742808584459,7.539267955767,
    6.413801103054));
#9812 = CARTESIAN_POINT('',(29.030472745626,9.981726907125,
    6.426976384159));
#9813 = CARTESIAN_POINT('',(28.090150394719,12.345783180061,
    6.440150237184));
#9814 = CARTESIAN_POINT('',(26.931920220356,14.607207239251,
    6.453324930623));
#9815 = CARTESIAN_POINT('',(25.568897972143,16.742875297043,
    6.466501869813));
#9816 = CARTESIAN_POINT('',(22.428692214356,20.769433071247,
    6.493179512221));
#9817 = CARTESIAN_POINT('',(20.640902792039,22.654204660153,
    6.506689116732));
#9818 = CARTESIAN_POINT('',(18.672951925949,24.36186173599,
    6.520197815613));
#9819 = CARTESIAN_POINT('',(16.545644784315,25.872720393879,
    6.533706875808));
#9820 = CARTESIAN_POINT('',(14.281756508672,27.17004731548,
    6.547218494442));
#9821 = CARTESIAN_POINT('',(11.90602966896,28.240163780955,6.56073240993
    ));
#9822 = CARTESIAN_POINT('',(9.445109215645,29.072411896209,
    6.574245353339));
#9823 = CARTESIAN_POINT('',(6.140001776141,29.844428805295,
    6.591978719371));
#9824 = CARTESIAN_POINT('',(5.34627893724,30.004591927346,6.596207101428
    ));
#9825 = CARTESIAN_POINT('',(4.547798084702,30.140623470437,
    6.600435266644));
#9826 = CARTESIAN_POINT('',(3.745396746596,30.252361971257,6.60466336301
    ));
#9827 = CARTESIAN_POINT('',(2.939932454847,30.339681393636,
    6.608891525878));
#9828 = CARTESIAN_POINT('',(2.132282745238,30.40249112855,6.61311987796)
  );
#9829 = CARTESIAN_POINT('',(1.323345157408,30.440735994115,6.61734852933
    ));
#9830 = CARTESIAN_POINT('',(-1.2131987438,30.483550108799,6.630603269397
    ));
#9831 = CARTESIAN_POINT('',(-2.942396688502,30.400749682906,
    6.639633294791));
#9832 = CARTESIAN_POINT('',(-4.664968649268,30.205834106706,
    6.648663902616));
#9833 = CARTESIAN_POINT('',(-6.372461774425,29.899455093223,
    6.657692955718));
#9834 = CARTESIAN_POINT('',(-8.056546408075,29.483000079301,
    6.666720064139));
#9835 = CARTESIAN_POINT('',(-9.709018179147,28.958575660516,
    6.675746035624));
#9836 = CARTESIAN_POINT('',(-11.32181408203,28.329051301416,
    6.684771643271));
#9837 = CARTESIAN_POINT('',(-14.73479871718,26.735348209655,
    6.704448644351));
#9838 = CARTESIAN_POINT('',(-16.51686854007,25.730992503347,
    6.715103042753));
#9839 = CARTESIAN_POINT('',(-18.22013007346,24.591118526669,
    6.725757188678));
#9840 = CARTESIAN_POINT('',(-19.83258841712,23.32309501123,
    6.736411732226));
#9841 = CARTESIAN_POINT('',(-21.34322387747,21.935406194271,
    6.747067493093));
#9842 = CARTESIAN_POINT('',(-22.74193475406,20.437571121455,
    6.757724891412));
#9843 = CARTESIAN_POINT('',(-24.0195864179,18.840190063251,
    6.768383664064));
#9844 = CARTESIAN_POINT('',(-26.70899876766,14.894562839596,
    6.793338897168));
#9845 = CARTESIAN_POINT('',(-28.01849912896,12.474812935382,
    6.807643283644));
#9846 = CARTESIAN_POINT('',(-29.07625475877,9.924998854496,
    6.821943418994));
#9847 = CARTESIAN_POINT('',(-29.8678854022,7.275969907442,6.836239067092
    ));
#9848 = CARTESIAN_POINT('',(-30.38327025291,4.559666840398,6.85053311281
    ));
#9849 = CARTESIAN_POINT('',(-30.61672495705,1.809099475032,
    6.864829192698));
#9850 = CARTESIAN_POINT('',(-30.56684286115,-0.941761868938,
    6.879128796049));
#9851 = CARTESIAN_POINT('',(-29.89154544427,-6.524448033289,
    6.90850976016));
#9852 = CARTESIAN_POINT('',(-29.23398141183,-9.355175979314,
    6.923605625977));
#9853 = CARTESIAN_POINT('',(-28.2700805972,-12.10809142844,6.93869758007
    ));
#9854 = CARTESIAN_POINT('',(-27.01142011676,-14.74488862593,
    6.953787015721));
#9855 = CARTESIAN_POINT('',(-25.47431801155,-17.2297148729,
    6.968876771663));
#9856 = CARTESIAN_POINT('',(-23.68009119083,-19.52943177886,
    6.983969676604));
#9857 = CARTESIAN_POINT('',(-21.65473539823,-21.61353273993,
    6.999066701356));
#9858 = CARTESIAN_POINT('',(-17.97620246048,-24.66090089978,
    7.024026446487));
#9859 = CARTESIAN_POINT('',(-16.43565589916,-25.76320259569,
    7.033899561428));
#9860 = CARTESIAN_POINT('',(-14.81822259377,-26.75519921713,
    7.043772218707));
#9861 = CARTESIAN_POINT('',(-13.13320874108,-27.63069415408,
    7.053644256132));
#9862 = CARTESIAN_POINT('',(-11.39038311185,-28.38448451657,
    7.063516301525));
#9863 = CARTESIAN_POINT('',(-9.599940008456,-29.01230736545,
    7.073389034158));
#9864 = CARTESIAN_POINT('',(-7.772509016265,-29.51088116002,
    7.083262475689));
#9865 = CARTESIAN_POINT('',(-4.062646582899,-30.2458510168,
    7.103025552008));
#9866 = CARTESIAN_POINT('',(-2.179798260894,-30.48184769331,
    7.112916888711));
#9867 = CARTESIAN_POINT('',(-0.28184060714,-30.58377889669,
    7.122807966404));
#9868 = CARTESIAN_POINT('',(1.620086920459,-30.55062436218,
    7.132698614411));
#9869 = CARTESIAN_POINT('',(3.514875209373,-30.38244568362,
    7.142589201017));
#9870 = CARTESIAN_POINT('',(5.391450337105,-30.08034299524,7.15247999739
    ));
#9871 = CARTESIAN_POINT('',(7.238787481579,-29.64651976734,7.16237055007
    ));
#9872 = CARTESIAN_POINT('',(11.243096524312,-28.40108766235,
    7.184281701029));
#9873 = CARTESIAN_POINT('',(13.381855580649,-27.52783945245,
    7.196306805425));
#9874 = CARTESIAN_POINT('',(15.442238927534,-26.4707257491,
    7.208329946046));
#9875 = CARTESIAN_POINT('',(17.405893057078,-25.23821741594,
    7.220351437246));
#9876 = CARTESIAN_POINT('',(19.255746594507,-23.84068857313,
    7.232373095978));
#9877 = CARTESIAN_POINT('',(20.976025075722,-22.29041027407,
    7.244397030429));
#9878 = CARTESIAN_POINT('',(22.552273445484,-20.60154613418,
    7.256423652446));
#9879 = CARTESIAN_POINT('',(25.533053868515,-16.79888253151,
    7.281673802531));
#9880 = CARTESIAN_POINT('',(26.905838243526,-14.65803997668,
    7.294906486803));
#9881 = CARTESIAN_POINT('',(28.072541643507,-12.39000680968,
    7.308138465252));
#9882 = CARTESIAN_POINT('',(29.019813389425,-10.01822899729,
    7.32136831837));
#9883 = CARTESIAN_POINT('',(29.737441524367,-7.567234428276,
    7.334595476154));
#9884 = CARTESIAN_POINT('',(30.218389840331,-5.062605014815,
    7.347818062146));
#9885 = CARTESIAN_POINT('',(30.458734122635,-2.530910362704,
    7.36103887752));
#9886 = CARTESIAN_POINT('',(30.458734122635,1.7763568394E-14,
    7.374263552409));
#9887 = PCURVE('',#6967,#9888);
#9888 = DEFINITIONAL_REPRESENTATION('',(#9889),#9969);
#9889 = B_SPLINE_CURVE_WITH_KNOTS('',8,(#9890,#9891,#9892,#9893,#9894,
    #9895,#9896,#9897,#9898,#9899,#9900,#9901,#9902,#9903,#9904,#9905,
    #9906,#9907,#9908,#9909,#9910,#9911,#9912,#9913,#9914,#9915,#9916,
    #9917,#9918,#9919,#9920,#9921,#9922,#9923,#9924,#9925,#9926,#9927,
    #9928,#9929,#9930,#9931,#9932,#9933,#9934,#9935,#9936,#9937,#9938,
    #9939,#9940,#9941,#9942,#9943,#9944,#9945,#9946,#9947,#9948,#9949,
    #9950,#9951,#9952,#9953,#9954,#9955,#9956,#9957,#9958,#9959,#9960,
    #9961,#9962,#9963,#9964,#9965,#9966,#9967,#9968),.UNSPECIFIED.,.F.,
  .F.,(9,7,7,7,7,7,7,7,7,7,7,9),(0.,0.105418596602,0.213483151934,
    0.247321903022,0.319541025959,0.404795883448,0.519164112431,
    0.639881956306,0.718866393985,0.797990086982,0.894190162229,1.),
  .UNSPECIFIED.);
#9890 = CARTESIAN_POINT('',(0.641665376774,50.898120923048));
#9891 = CARTESIAN_POINT('',(0.641668783645,50.98194407504));
#9892 = CARTESIAN_POINT('',(0.641671937296,51.065796681835));
#9893 = CARTESIAN_POINT('',(0.641673746838,51.149635496758));
#9894 = CARTESIAN_POINT('',(0.641672952461,51.233462091657));
#9895 = CARTESIAN_POINT('',(0.641668606716,51.31728837804));
#9896 = CARTESIAN_POINT('',(0.641661652161,51.401126459104));
#9897 = CARTESIAN_POINT('',(0.641654572373,51.484979137747));
#9898 = CARTESIAN_POINT('',(0.641644256052,51.654734868911));
#9899 = CARTESIAN_POINT('',(0.641641112608,51.740694323741));
#9900 = CARTESIAN_POINT('',(0.64164238159,51.826637111278));
#9901 = CARTESIAN_POINT('',(0.641649840017,51.912566900208));
#9902 = CARTESIAN_POINT('',(0.641663569759,51.998497466871));
#9903 = CARTESIAN_POINT('',(0.641677430357,52.084442323315));
#9904 = CARTESIAN_POINT('',(0.641682252492,52.170403333944));
#9905 = CARTESIAN_POINT('',(0.641678200116,52.283237725877));
#9906 = CARTESIAN_POINT('',(0.641676493619,52.310144031256));
#9907 = CARTESIAN_POINT('',(0.641674004252,52.33705089192));
#9908 = CARTESIAN_POINT('',(0.641670861247,52.363958930028));
#9909 = CARTESIAN_POINT('',(0.641667365784,52.390868262349));
#9910 = CARTESIAN_POINT('',(0.64166399099,52.417778500265));
#9911 = CARTESIAN_POINT('',(0.641661381942,52.444688749769));
#9912 = CARTESIAN_POINT('',(0.641658165365,52.529026870182));
#9913 = CARTESIAN_POINT('',(0.641666173297,52.586458494053));
#9914 = CARTESIAN_POINT('',(0.641676345075,52.6438884755));
#9915 = CARTESIAN_POINT('',(0.641682846244,52.701317637398));
#9916 = CARTESIAN_POINT('',(0.641683599578,52.758748632659));
#9917 = CARTESIAN_POINT('',(0.641680024493,52.816183092238));
#9918 = CARTESIAN_POINT('',(0.641674958592,52.873618921581));
#9919 = CARTESIAN_POINT('',(0.641661445448,52.998842617559));
#9920 = CARTESIAN_POINT('',(0.641652953429,53.066649713277));
#9921 = CARTESIAN_POINT('',(0.641645712144,53.134452111442));
#9922 = CARTESIAN_POINT('',(0.641641874626,53.202248626883));
#9923 = CARTESIAN_POINT('',(0.641641814435,53.270043551465));
#9924 = CARTESIAN_POINT('',(0.64164458084,53.337841907935));
#9925 = CARTESIAN_POINT('',(0.641648965549,53.405645008591));
#9926 = CARTESIAN_POINT('',(0.641660359539,53.564388657451));
#9927 = CARTESIAN_POINT('',(0.641667758982,53.655378668825));
#9928 = CARTESIAN_POINT('',(0.641673334081,53.746346142321));
#9929 = CARTESIAN_POINT('',(0.641674677957,53.837295524326));
#9930 = CARTESIAN_POINT('',(0.641672186939,53.928244189601));
#9931 = CARTESIAN_POINT('',(0.641668029277,54.01920991597));
#9932 = CARTESIAN_POINT('',(0.641663836309,54.110198146809));
#9933 = CARTESIAN_POINT('',(0.641657032581,54.297144445905));
#9934 = CARTESIAN_POINT('',(0.641654518607,54.393194559985));
#9935 = CARTESIAN_POINT('',(0.641654035684,54.489214766831));
#9936 = CARTESIAN_POINT('',(0.641655730349,54.58521356872));
#9937 = CARTESIAN_POINT('',(0.641657957089,54.681213093342));
#9938 = CARTESIAN_POINT('',(0.641659156997,54.777235190575));
#9939 = CARTESIAN_POINT('',(0.641659149013,54.873286484478));
#9940 = CARTESIAN_POINT('',(0.641657940282,55.032089988032));
#9941 = CARTESIAN_POINT('',(0.641657156994,55.094907298877));
#9942 = CARTESIAN_POINT('',(0.641656190386,55.157722151041));
#9943 = CARTESIAN_POINT('',(0.641655340584,55.220532770837));
#9944 = CARTESIAN_POINT('',(0.641654944144,55.283342320826));
#9945 = CARTESIAN_POINT('',(0.641655256065,55.346154492492));
#9946 = CARTESIAN_POINT('',(0.641656355595,55.408969227753));
#9947 = CARTESIAN_POINT('',(0.641659799135,55.534698648306));
#9948 = CARTESIAN_POINT('',(0.641662145034,55.597624156956));
#9949 = CARTESIAN_POINT('',(0.641664980287,55.66054680827));
#9950 = CARTESIAN_POINT('',(0.641667922008,55.723466462668));
#9951 = CARTESIAN_POINT('',(0.641670426504,55.786386807033));
#9952 = CARTESIAN_POINT('',(0.641671928768,55.849310963028));
#9953 = CARTESIAN_POINT('',(0.641672032654,55.912237024721));
#9954 = CARTESIAN_POINT('',(0.641669194372,56.051648591355));
#9955 = CARTESIAN_POINT('',(0.641665582127,56.128164421522));
#9956 = CARTESIAN_POINT('',(0.641659890085,56.204672897909));
#9957 = CARTESIAN_POINT('',(0.641652858137,56.281174191858));
#9958 = CARTESIAN_POINT('',(0.641646191538,56.357675648721));
#9959 = CARTESIAN_POINT('',(0.641642446765,56.434184362932));
#9960 = CARTESIAN_POINT('',(0.641642865512,56.5106998859));
#9961 = CARTESIAN_POINT('',(0.641651246487,56.671327321532));
#9962 = CARTESIAN_POINT('',(0.64165995141,56.755495652811));
#9963 = CARTESIAN_POINT('',(0.641672277956,56.839650542514));
#9964 = CARTESIAN_POINT('',(0.641684470305,56.923792241973));
#9965 = CARTESIAN_POINT('',(0.641690421333,57.007932218587));
#9966 = CARTESIAN_POINT('',(0.641680309486,57.092082808114));
#9967 = CARTESIAN_POINT('',(0.641660019461,57.176247288151));
#9968 = CARTESIAN_POINT('',(0.641660016212,57.260386184104));
#9969 = ( GEOMETRIC_REPRESENTATION_CONTEXT(2) 
PARAMETRIC_REPRESENTATION_CONTEXT() REPRESENTATION_CONTEXT('2D SPACE',''
  ) );
#9970 = PCURVE('',#7840,#9971);
#9971 = DEFINITIONAL_REPRESENTATION('',(#9972),#10052);
#9972 = B_SPLINE_CURVE_WITH_KNOTS('',8,(#9973,#9974,#9975,#9976,#9977,
    #9978,#9979,#9980,#9981,#9982,#9983,#9984,#9985,#9986,#9987,#9988,
    #9989,#9990,#9991,#9992,#9993,#9994,#9995,#9996,#9997,#9998,#9999,
    #10000,#10001,#10002,#10003,#10004,#10005,#10006,#10007,#10008,
    #10009,#10010,#10011,#10012,#10013,#10014,#10015,#10016,#10017,
    #10018,#10019,#10020,#10021,#10022,#10023,#10024,#10025,#10026,
    #10027,#10028,#10029,#10030,#10031,#10032,#10033,#10034,#10035,
    #10036,#10037,#10038,#10039,#10040,#10041,#10042,#10043,#10044,
    #10045,#10046,#10047,#10048,#10049,#10050,#10051),.UNSPECIFIED.,.F.,
  .F.,(9,7,7,7,7,7,7,7,7,7,7,9),(0.,0.105418596602,0.213483151934,
    0.247321903022,0.319541025959,0.404795883448,0.519164112431,
    0.639881956306,0.718866393985,0.797990086982,0.894190162229,1.),
  .UNSPECIFIED.);
#9973 = CARTESIAN_POINT('',(0.,6.374265614457));
#9974 = CARTESIAN_POINT('',(8.278136861689E-02,6.387441986462));
#9975 = CARTESIAN_POINT('',(0.165591788126,6.400622889709));
#9976 = CARTESIAN_POINT('',(0.248388527122,6.413801103054));
#9977 = CARTESIAN_POINT('',(0.331173133,6.426976384159));
#9978 = CARTESIAN_POINT('',(0.413957395786,6.440150237184));
#9979 = CARTESIAN_POINT('',(0.496753322835,6.453324930623));
#9980 = CARTESIAN_POINT('',(0.579563705816,6.466501869813));
#9981 = CARTESIAN_POINT('',(0.747209428746,6.493179512221));
#9982 = CARTESIAN_POINT('',(0.83210047155,6.506689116732));
#9983 = CARTESIAN_POINT('',(0.916975085145,6.520197815613));
#9984 = CARTESIAN_POINT('',(1.00183684976,6.533706875808));
#9985 = CARTESIAN_POINT('',(1.086699308592,6.547218494442));
#9986 = CARTESIAN_POINT('',(1.171575727595,6.56073240993));
#9987 = CARTESIAN_POINT('',(1.256468155872,6.574245353339));
#9988 = CARTESIAN_POINT('',(1.36790006943,6.591978719371));
#9989 = CARTESIAN_POINT('',(1.394471952344,6.596207101428));
#9990 = CARTESIAN_POINT('',(1.421044400488,6.600435266644));
#9991 = CARTESIAN_POINT('',(1.447618029539,6.60466336301));
#9992 = CARTESIAN_POINT('',(1.474192950711,6.608891525878));
#9993 = CARTESIAN_POINT('',(1.500768770754,6.61311987796));
#9994 = CARTESIAN_POINT('',(1.527344591962,6.61734852933));
#9995 = CARTESIAN_POINT('',(1.610634501294,6.630603269397));
#9996 = CARTESIAN_POINT('',(1.667352317963,6.639633294791));
#9997 = CARTESIAN_POINT('',(1.724068673304,6.648663902616));
#9998 = CARTESIAN_POINT('',(1.780784153402,6.657692955718));
#9999 = CARTESIAN_POINT('',(1.837501240285,6.666720064139));
#10000 = CARTESIAN_POINT('',(1.89422166038,6.675746035624));
#10001 = CARTESIAN_POINT('',(1.950943560443,6.684771643271));
#10002 = CARTESIAN_POINT('',(2.074610653628,6.704448644351));
#10003 = CARTESIAN_POINT('',(2.141574888426,6.715103042753));
#10004 = CARTESIAN_POINT('',(2.208534530911,6.725757188678));
#10005 = CARTESIAN_POINT('',(2.275488401377,6.736411732226));
#10006 = CARTESIAN_POINT('',(2.342440706699,6.747067493093));
#10007 = CARTESIAN_POINT('',(2.409396380288,6.757724891412));
#10008 = CARTESIAN_POINT('',(2.476356713715,6.768383664064));
#10009 = CARTESIAN_POINT('',(2.633127186682,6.793338897168));
#10010 = CARTESIAN_POINT('',(2.722986157259,6.807643283644));
#10011 = CARTESIAN_POINT('',(2.812822841221,6.821943418994));
#10012 = CARTESIAN_POINT('',(2.902641677449,6.836239067092));
#10013 = CARTESIAN_POINT('',(2.99245989077,6.85053311281));
#10014 = CARTESIAN_POINT('',(3.082295037525,6.864829192698));
#10015 = CARTESIAN_POINT('',(3.17215245898,6.879128796049));
#10016 = CARTESIAN_POINT('',(3.356775390406,6.90850976016));
#10017 = CARTESIAN_POINT('',(3.451631803185,6.923605625977));
#10018 = CARTESIAN_POINT('',(3.546458640558,6.93869758007));
#10019 = CARTESIAN_POINT('',(3.641264241337,6.953787015721));
#10020 = CARTESIAN_POINT('',(3.736070431504,6.968876771663));
#10021 = CARTESIAN_POINT('',(3.83089884029,6.983969676604));
#10022 = CARTESIAN_POINT('',(3.925756073234,6.999066701356));
#10023 = CARTESIAN_POINT('',(4.082585473997,7.024026446487));
#10024 = CARTESIAN_POINT('',(4.144621912345,7.033899561428));
#10025 = CARTESIAN_POINT('',(4.206655951665,7.043772218707));
#10026 = CARTESIAN_POINT('',(4.268685850405,7.053644256132));
#10027 = CARTESIAN_POINT('',(4.330714734299,7.063516301525));
#10028 = CARTESIAN_POINT('',(4.392746242647,7.073389034158));
#10029 = CARTESIAN_POINT('',(4.454780305253,7.083262475689));
#10030 = CARTESIAN_POINT('',(4.578947155977,7.103025552008));
#10031 = CARTESIAN_POINT('',(4.641090632851,7.112916888711));
#10032 = CARTESIAN_POINT('',(4.70323128322,7.122807966404));
#10033 = CARTESIAN_POINT('',(4.765368953209,7.132698614411));
#10034 = CARTESIAN_POINT('',(4.827507272599,7.142589201017));
#10035 = CARTESIAN_POINT('',(4.889649321468,7.15247999739));
#10036 = CARTESIAN_POINT('',(4.951793223362,7.16237055007));
#10037 = CARTESIAN_POINT('',(5.089471888622,7.184281701029));
#10038 = CARTESIAN_POINT('',(5.165036591432,7.196306805425));
#10039 = CARTESIAN_POINT('',(5.24059402388,7.208329946046));
#10040 = CARTESIAN_POINT('',(5.316144382621,7.220351437246));
#10041 = CARTESIAN_POINT('',(5.391694949448,7.232373095978));
#10042 = CARTESIAN_POINT('',(5.467252725255,7.244397030429));
#10043 = CARTESIAN_POINT('',(5.542817230983,7.256423652446));
#10044 = CARTESIAN_POINT('',(5.701448172564,7.281673802531));
#10045 = CARTESIAN_POINT('',(5.784570321441,7.294906486803));
#10046 = CARTESIAN_POINT('',(5.867679134899,7.308138465252));
#10047 = CARTESIAN_POINT('',(5.950774837908,7.321368318371));
#10048 = CARTESIAN_POINT('',(6.03386879963,7.334595476154));
#10049 = CARTESIAN_POINT('',(6.116973395004,7.347818062146));
#10050 = CARTESIAN_POINT('',(6.200092216294,7.36103887752));
#10051 = CARTESIAN_POINT('',(6.28318530718,7.374263552409));
#10052 = ( GEOMETRIC_REPRESENTATION_CONTEXT(2) 
PARAMETRIC_REPRESENTATION_CONTEXT() REPRESENTATION_CONTEXT('2D SPACE',''
  ) );
#10053 = ORIENTED_EDGE('',*,*,#7852,.T.);
#10054 = ORIENTED_EDGE('',*,*,#6905,.T.);
#10055 = ADVANCED_FACE('',(#10056),#6564,.T.);
#10056 = FACE_BOUND('',#10057,.T.);
#10057 = EDGE_LOOP('',(#10058,#10223,#10361,#10362));
#10058 = ORIENTED_EDGE('',*,*,#10059,.F.);
#10059 = EDGE_CURVE('',#10060,#6094,#10062,.T.);
#10060 = VERTEX_POINT('',#10061);
#10061 = CARTESIAN_POINT('',(21.955656046645,21.955654397088,
    -2.478283184179E-17));
#10062 = SURFACE_CURVE('',#10063,(#10210,#10216),.PCURVE_S1.);
#10063 = B_SPLINE_CURVE_WITH_KNOTS('',10,(#10064,#10065,#10066,#10067,
    #10068,#10069,#10070,#10071,#10072,#10073,#10074,#10075,#10076,
    #10077,#10078,#10079,#10080,#10081,#10082,#10083,#10084,#10085,
    #10086,#10087,#10088,#10089,#10090,#10091,#10092,#10093,#10094,
    #10095,#10096,#10097,#10098,#10099,#10100,#10101,#10102,#10103,
    #10104,#10105,#10106,#10107,#10108,#10109,#10110,#10111,#10112,
    #10113,#10114,#10115,#10116,#10117,#10118,#10119,#10120,#10121,
    #10122,#10123,#10124,#10125,#10126,#10127,#10128,#10129,#10130,
    #10131,#10132,#10133,#10134,#10135,#10136,#10137,#10138,#10139,
    #10140,#10141,#10142,#10143,#10144,#10145,#10146,#10147,#10148,
    #10149,#10150,#10151,#10152,#10153,#10154,#10155,#10156,#10157,
    #10158,#10159,#10160,#10161,#10162,#10163,#10164,#10165,#10166,
    #10167,#10168,#10169,#10170,#10171,#10172,#10173,#10174,#10175,
    #10176,#10177,#10178,#10179,#10180,#10181,#10182,#10183,#10184,
    #10185,#10186,#10187,#10188,#10189,#10190,#10191,#10192,#10193,
    #10194,#10195,#10196,#10197,#10198,#10199,#10200,#10201,#10202,
    #10203,#10204,#10205,#10206,#10207,#10208,#10209),.UNSPECIFIED.,.F.,
  .F.,(11,9,9,9,9,9,9,9,9,9,9,9,9,9,9,9,11),(0.,4.771698848675,
    9.543397697351,14.315096546026,19.086795394702,23.858494243377,
    28.630193092053,33.401891940728,38.173590789404,42.945289638079,
    47.716988486755,52.48868733543,57.260386184106,62.032085032781,
    66.803783881457,71.575482730132,76.347181578808),.UNSPECIFIED.);
#10064 = CARTESIAN_POINT('',(31.049999932102,3.338541887388E-09,
    -2.125000002644));
#10065 = CARTESIAN_POINT('',(31.049999938208,14.631968121149,
    -2.049999966003));
#10066 = CARTESIAN_POINT('',(23.38931545069,29.264384478036,
    -1.975000105645));
#10067 = CARTESIAN_POINT('',(8.062401058592,39.380428662629,
    -1.899999821346));
#10068 = CARTESIAN_POINT('',(-11.8669687905,40.484040739694,
    -1.82500015255));
#10069 = CARTESIAN_POINT('',(-30.40308548961,30.403085604789,
    -1.749999989534));
#10070 = CARTESIAN_POINT('',(-40.48404081733,11.866968649338,
    -1.674999864787));
#10071 = CARTESIAN_POINT('',(-39.38042863187,-8.062400969124,
    -1.600000162324));
#10072 = CARTESIAN_POINT('',(-29.26438447853,-23.389315504,
    -1.524999903914));
#10073 = CARTESIAN_POINT('',(-14.63196811458,-31.04999992866,
    -1.450000026385));
#10074 = CARTESIAN_POINT('',(14.6319681212,-31.04999993689,
    -1.299999972333));
#10075 = CARTESIAN_POINT('',(29.264384477968,-23.38931545268,
    -1.225000095973));
#10076 = CARTESIAN_POINT('',(39.380428662695,-8.062401056123,
    -1.149999833332));
#10077 = CARTESIAN_POINT('',(40.484040739647,11.866968788011,
    -1.0750001404));
#10078 = CARTESIAN_POINT('',(30.403085604813,30.403085491674,
    -0.999999999582));
#10079 = CARTESIAN_POINT('',(11.866968649329,40.484040815973,
    -0.924999858114));
#10080 = CARTESIAN_POINT('',(-8.062400969121,39.380428632576,
    -0.850000165754));
#10081 = CARTESIAN_POINT('',(-23.389315504,29.264384478279,
    -0.774999902672));
#10082 = CARTESIAN_POINT('',(-31.04999992866,14.631968114627,
    -0.700000026605));
#10083 = CARTESIAN_POINT('',(-31.04999993689,-14.63196812122,
    -0.549999972225));
#10084 = CARTESIAN_POINT('',(-23.38931545269,-29.26438447792,
    -0.475000096138));
#10085 = CARTESIAN_POINT('',(-8.062401056102,-39.38042866277,
    -0.399999833128));
#10086 = CARTESIAN_POINT('',(11.866968787978,-40.48404073954,
    -0.325000140607));
#10087 = CARTESIAN_POINT('',(30.40308549171,-30.40308560491,
    -0.249999999411));
#10088 = CARTESIAN_POINT('',(40.484040815946,-11.86696864925,
    -0.174999858227));
#10089 = CARTESIAN_POINT('',(39.380428632589,8.062400969076,
    -0.100000165696));
#10090 = CARTESIAN_POINT('',(29.264384478276,23.38931550402,
    -2.499990269325E-02));
#10091 = CARTESIAN_POINT('',(14.631968114626,31.049999928664,
    4.999997339895E-02));
#10092 = CARTESIAN_POINT('',(-14.63196812122,31.049999936899,
    0.200000027773));
#10093 = CARTESIAN_POINT('',(-29.26438447793,23.389315452686,
    0.274999903865));
#10094 = CARTESIAN_POINT('',(-39.38042866273,8.062401056125,
    0.350000166868));
#10095 = CARTESIAN_POINT('',(-40.4840407396,-11.86696878801,
    0.424999859397));
#10096 = CARTESIAN_POINT('',(-30.40308560484,-30.40308549166,
    0.500000000585));
#10097 = CARTESIAN_POINT('',(-11.8669686493,-40.48404081597,
    0.575000141776));
#10098 = CARTESIAN_POINT('',(8.062400969104,-39.38042863257,
    0.649999834303));
#10099 = CARTESIAN_POINT('',(23.389315504011,-29.26438447828,
    0.725000097307));
#10100 = CARTESIAN_POINT('',(31.049999928665,-14.63196811462,
    0.799999973399));
#10101 = CARTESIAN_POINT('',(31.049999936899,14.631968121224,
    0.950000027773));
#10102 = CARTESIAN_POINT('',(23.389315452688,29.264384477925,
    1.024999903865));
#10103 = CARTESIAN_POINT('',(8.062401056124,39.38042866276,
    1.100000166869));
#10104 = CARTESIAN_POINT('',(-11.86696878801,40.484040739571,
    1.174999859396));
#10105 = CARTESIAN_POINT('',(-30.40308549166,30.403085604882,
    1.250000000587));
#10106 = CARTESIAN_POINT('',(-40.48404081598,11.866968649282,
    1.325000141774));
#10107 = CARTESIAN_POINT('',(-39.38042863256,-8.062400969096,
    1.399999834304));
#10108 = CARTESIAN_POINT('',(-29.26438447828,-23.38931550401,
    1.475000097307));
#10109 = CARTESIAN_POINT('',(-14.63196811462,-31.04999992866,
    1.549999973399));
#10110 = CARTESIAN_POINT('',(14.63196812122,-31.04999993689,
    1.700000027773));
#10111 = CARTESIAN_POINT('',(29.264384477947,-23.38931545268,
    1.774999903866));
#10112 = CARTESIAN_POINT('',(39.380428662704,-8.062401056114,
    1.850000166866));
#10113 = CARTESIAN_POINT('',(40.484040739659,11.866968787991,
    1.924999859401));
#10114 = CARTESIAN_POINT('',(30.403085604787,30.403085491704,
    2.00000000058));
#10115 = CARTESIAN_POINT('',(11.866968649355,40.484040815942,
    2.07500014178));
#10116 = CARTESIAN_POINT('',(-8.062400969137,39.380428632597,
    2.149999834301));
#10117 = CARTESIAN_POINT('',(-23.38931550399,29.264384478269,
    2.225000097308));
#10118 = CARTESIAN_POINT('',(-31.04999992866,14.63196811463,
    2.299999973399));
#10119 = CARTESIAN_POINT('',(-31.04999993689,-14.63196812122,
    2.450000027773));
#10120 = CARTESIAN_POINT('',(-23.38931545269,-29.2643844779,
    2.524999903863));
#10121 = CARTESIAN_POINT('',(-8.062401056115,-39.3804286628,
    2.600000166872));
#10122 = CARTESIAN_POINT('',(11.866968788,-40.48404073949,2.674999859391
    ));
#10123 = CARTESIAN_POINT('',(30.403085491685,-30.40308560496,
    2.750000000592));
#10124 = CARTESIAN_POINT('',(40.484040815966,-11.86696864921,
    2.825000141771));
#10125 = CARTESIAN_POINT('',(39.380428632578,8.062400969062,
    2.899999834305));
#10126 = CARTESIAN_POINT('',(29.264384478279,23.389315504024,
    2.975000097306));
#10127 = CARTESIAN_POINT('',(14.631968114626,31.049999928664,
    3.049999973399));
#10128 = CARTESIAN_POINT('',(-14.63196812122,31.049999936899,
    3.200000027773));
#10129 = CARTESIAN_POINT('',(-29.26438447793,23.389315452687,
    3.274999903865));
#10130 = CARTESIAN_POINT('',(-39.38042866273,8.062401056116,
    3.350000166867));
#10131 = CARTESIAN_POINT('',(-40.4840407396,-11.86696878799,
    3.424999859399));
#10132 = CARTESIAN_POINT('',(-30.40308560485,-30.40308549169,
    3.500000000583));
#10133 = CARTESIAN_POINT('',(-11.8669686493,-40.48404081595,
    3.575000141778));
#10134 = CARTESIAN_POINT('',(8.062400969107,-39.38042863258,
    3.649999834302));
#10135 = CARTESIAN_POINT('',(23.389315504008,-29.26438447827,
    3.725000097308));
#10136 = CARTESIAN_POINT('',(31.049999928667,-14.63196811462,
    3.799999973399));
#10137 = CARTESIAN_POINT('',(31.049999936896,14.631968121227,
    3.950000027773));
#10138 = CARTESIAN_POINT('',(23.389315452704,29.264384477906,
    4.024999903863));
#10139 = CARTESIAN_POINT('',(8.062401056085,39.38042866281,
    4.100000166873));
#10140 = CARTESIAN_POINT('',(-11.86696878795,40.484040739483,
    4.17499985939));
#10141 = CARTESIAN_POINT('',(-30.40308549172,30.40308560499,
    4.250000000593));
#10142 = CARTESIAN_POINT('',(-40.48404081593,11.86696864919,
    4.32500014177));
#10143 = CARTESIAN_POINT('',(-39.38042863259,-8.062400969043,
    4.399999834306));
#10144 = CARTESIAN_POINT('',(-29.26438447827,-23.38931550403,
    4.475000097307));
#10145 = CARTESIAN_POINT('',(-14.63196811462,-31.04999992866,
    4.549999973399));
#10146 = CARTESIAN_POINT('',(14.631968121227,-31.04999993689,
    4.700000027773));
#10147 = CARTESIAN_POINT('',(29.264384477912,-23.38931545269,
    4.774999903864));
#10148 = CARTESIAN_POINT('',(39.38042866279,-8.062401056108,
    4.850000166872));
#10149 = CARTESIAN_POINT('',(40.48404073952,11.866968787987,
    4.924999859389));
#10150 = CARTESIAN_POINT('',(30.403085604943,30.403085491698,
    5.000000000595));
#10151 = CARTESIAN_POINT('',(11.866968649229,40.484040815955,
    5.075000141769));
#10152 = CARTESIAN_POINT('',(-8.062400969065,39.380428632586,
    5.149999834306));
#10153 = CARTESIAN_POINT('',(-23.38931550402,29.264384478275,
    5.225000097306));
#10154 = CARTESIAN_POINT('',(-31.04999992866,14.631968114628,
    5.299999973399));
#10155 = CARTESIAN_POINT('',(-31.0499999369,-14.63196812122,
    5.450000027773));
#10156 = CARTESIAN_POINT('',(-23.38931545268,-29.26438447792,
    5.524999903865));
#10157 = CARTESIAN_POINT('',(-8.062401056122,-39.38042866275,
    5.600000166868));
#10158 = CARTESIAN_POINT('',(11.866968788013,-40.48404073957,
    5.674999859398));
#10159 = CARTESIAN_POINT('',(30.403085491664,-30.40308560488,
    5.750000000585));
#10160 = CARTESIAN_POINT('',(40.484040815989,-11.86696864927,
    5.825000141776));
#10161 = CARTESIAN_POINT('',(39.380428632561,8.062400969089,
    5.899999834303));
#10162 = CARTESIAN_POINT('',(29.264384478288,23.389315504016,
    5.975000097307));
#10163 = CARTESIAN_POINT('',(14.631968114623,31.049999928664,
    6.049999973399));
#10164 = CARTESIAN_POINT('',(-14.63196812121,31.0499999369,
    6.200000027773));
#10165 = CARTESIAN_POINT('',(-29.26438447795,23.389315452684,
    6.274999903867));
#10166 = CARTESIAN_POINT('',(-39.38042866268,8.062401056127,
    6.350000166862));
#10167 = CARTESIAN_POINT('',(-40.48404073969,-11.86696878801,
    6.424999859409));
#10168 = CARTESIAN_POINT('',(-30.40308560475,-30.40308549167,
    6.500000000572));
#10169 = CARTESIAN_POINT('',(-11.86696864937,-40.48404081597,
    6.575000141786));
#10170 = CARTESIAN_POINT('',(8.062400969141,-39.38042863258,
    6.649999834299));
#10171 = CARTESIAN_POINT('',(23.389315503998,-29.26438447827,
    6.725000097308));
#10172 = CARTESIAN_POINT('',(31.049999928668,-14.63196811462,
    6.799999973399));
#10173 = CARTESIAN_POINT('',(31.049999936897,14.631968121224,
    6.950000027773));
#10174 = CARTESIAN_POINT('',(23.389315452693,29.26438447793,
    7.024999903864));
#10175 = CARTESIAN_POINT('',(8.062401056111,39.380428662745,
    7.10000016687));
#10176 = CARTESIAN_POINT('',(-11.866968788,40.484040739595,
    7.174999859395));
#10177 = CARTESIAN_POINT('',(-30.40308549167,30.403085604861,
    7.250000000587));
#10178 = CARTESIAN_POINT('',(-40.48404081598,11.866968649291,
    7.325000141774));
#10179 = CARTESIAN_POINT('',(-39.38042863256,-8.062400969097,
    7.399999834304));
#10180 = CARTESIAN_POINT('',(-29.26438447828,-23.38931550401,
    7.475000097307));
#10181 = CARTESIAN_POINT('',(-14.63196811462,-31.04999992866,
    7.549999973399));
#10182 = CARTESIAN_POINT('',(14.63196812122,-31.0499999369,
    7.700000027773));
#10183 = CARTESIAN_POINT('',(29.264384477948,-23.38931545268,
    7.774999903867));
#10184 = CARTESIAN_POINT('',(39.3804286627,-8.06240105613,7.850000166861
    ));
#10185 = CARTESIAN_POINT('',(40.484040739663,11.866968788024,
    7.924999859411));
#10186 = CARTESIAN_POINT('',(30.403085604787,30.403085491654,
    8.00000000057));
#10187 = CARTESIAN_POINT('',(11.866968649348,40.484040815996,
    8.075000141788));
#10188 = CARTESIAN_POINT('',(-8.062400969131,39.38042863256,
    8.149999834296));
#10189 = CARTESIAN_POINT('',(-23.389315504,29.264384478285,
    8.225000097311));
#10190 = CARTESIAN_POINT('',(-31.04999992866,14.631968114626,
    8.299999973397));
#10191 = CARTESIAN_POINT('',(-31.04999993689,-14.63196812122,
    8.450000027777));
#10192 = CARTESIAN_POINT('',(-23.38931545269,-29.26438447793,
    8.524999903844));
#10193 = CARTESIAN_POINT('',(-8.062401056099,-39.38042866274,
    8.600000166925));
#10194 = CARTESIAN_POINT('',(11.866968787974,-40.4840407396,
    8.674999859288));
#10195 = CARTESIAN_POINT('',(30.403085491717,-30.40308560485,
    8.750000000749));
#10196 = CARTESIAN_POINT('',(40.48404081593,-11.86696864929,
    8.825000141578));
#10197 = CARTESIAN_POINT('',(39.380428632617,8.062400969101,
    8.899999834501));
#10198 = CARTESIAN_POINT('',(29.264384478244,23.38931550401,
    8.975000097146));
#10199 = CARTESIAN_POINT('',(14.63196811465,31.049999928667,
    9.049999973505));
#10200 = CARTESIAN_POINT('',(-14.63196812127,31.049999936896,
    9.200000027557));
#10201 = CARTESIAN_POINT('',(-29.26438447765,23.389315452698,
    9.274999905085));
#10202 = CARTESIAN_POINT('',(-39.3804286635,8.062401056093,
    9.350000163501));
#10203 = CARTESIAN_POINT('',(-40.48404073811,-11.86696878795,
    9.424999865951));
#10204 = CARTESIAN_POINT('',(-30.40308560705,-30.40308549174,
    9.499999990714));
#10205 = CARTESIAN_POINT('',(-11.86696864667,-40.4840408159,
    9.575000153717));
#10206 = CARTESIAN_POINT('',(8.062400966549,-39.38042863262,
    9.64999982252));
#10207 = CARTESIAN_POINT('',(23.389315506052,-29.26438447825,
    9.725000106817));
#10208 = CARTESIAN_POINT('',(31.049999927339,-14.63196811463,
    9.799999967174));
#10209 = CARTESIAN_POINT('',(31.049999933468,3.304566551827E-09,
    9.875000003816));
#10210 = PCURVE('',#6564,#10211);
#10211 = DEFINITIONAL_REPRESENTATION('',(#10212),#10215);
#10212 = B_SPLINE_CURVE_WITH_KNOTS('',1,(#10213,#10214),.UNSPECIFIED.,
  .F.,.F.,(2,2),(0.,76.347181578808),.PIECEWISE_BEZIER_KNOTS.);
#10213 = CARTESIAN_POINT('',(0.,0.));
#10214 = CARTESIAN_POINT('',(0.,76.347181578808));
#10215 = ( GEOMETRIC_REPRESENTATION_CONTEXT(2) 
PARAMETRIC_REPRESENTATION_CONTEXT() REPRESENTATION_CONTEXT('2D SPACE',''
  ) );
#10216 = PCURVE('',#6147,#10217);
#10217 = DEFINITIONAL_REPRESENTATION('',(#10218),#10222);
#10218 = LINE('',#10219,#10220);
#10219 = CARTESIAN_POINT('',(0.804444746981,0.));
#10220 = VECTOR('',#10221,1.);
#10221 = DIRECTION('',(0.,1.));
#10222 = ( GEOMETRIC_REPRESENTATION_CONTEXT(2) 
PARAMETRIC_REPRESENTATION_CONTEXT() REPRESENTATION_CONTEXT('2D SPACE',''
  ) );
#10223 = ORIENTED_EDGE('',*,*,#10224,.F.);
#10224 = EDGE_CURVE('',#7979,#10060,#10225,.T.);
#10225 = SURFACE_CURVE('',#10226,(#10269,#10315),.PCURVE_S1.);
#10226 = B_SPLINE_CURVE_WITH_KNOTS('',6,(#10227,#10228,#10229,#10230,
    #10231,#10232,#10233,#10234,#10235,#10236,#10237,#10238,#10239,
    #10240,#10241,#10242,#10243,#10244,#10245,#10246,#10247,#10248,
    #10249,#10250,#10251,#10252,#10253,#10254,#10255,#10256,#10257,
    #10258,#10259,#10260,#10261,#10262,#10263,#10264,#10265,#10266,
    #10267,#10268),.UNSPECIFIED.,.F.,.F.,(7,5,5,5,5,5,5,5,7),(0.,
    0.236001495689,0.283002466622,0.301002845394,0.316003163507,
    0.608000775991,0.898998002337,0.94299886864,1.),.UNSPECIFIED.);
#10227 = CARTESIAN_POINT('',(21.955664624132,-21.95566478105,0.));
#10228 = CARTESIAN_POINT('',(23.312169009164,-20.59916040576,0.));
#10229 = CARTESIAN_POINT('',(24.568164111183,-19.14202068506,0.));
#10230 = CARTESIAN_POINT('',(25.714173181387,-17.59368826094,0.));
#10231 = CARTESIAN_POINT('',(26.742157452484,-15.96460313018,0.));
#10232 = CARTESIAN_POINT('',(27.64529889582,-14.26604044159,0.));
#10233 = CARTESIAN_POINT('',(28.572163130271,-12.16057964309,0.));
#10234 = CARTESIAN_POINT('',(28.720933398164,-11.80863237867,0.));
#10235 = CARTESIAN_POINT('',(28.864498607254,-11.45450754528,0.));
#10236 = CARTESIAN_POINT('',(29.002819166734,-11.0983014396,0.));
#10237 = CARTESIAN_POINT('',(29.13585786746,-10.74011130338,0.));
#10238 = CARTESIAN_POINT('',(29.312494714828,-10.24213383114,0.));
#10239 = CARTESIAN_POINT('',(29.360629735906,-10.10395573279,0.));
#10240 = CARTESIAN_POINT('',(29.40798298987,-9.965506540951,0.));
#10241 = CARTESIAN_POINT('',(29.454552573607,-9.82679178595,0.));
#10242 = CARTESIAN_POINT('',(29.500336636207,-9.687817015812,0.));
#10243 = CARTESIAN_POINT('',(29.582830670753,-9.4325634275,0.));
#10244 = CARTESIAN_POINT('',(29.619781212554,-9.316362357461,0.));
#10245 = CARTESIAN_POINT('',(29.656183963466,-9.199987806941,0.));
#10246 = CARTESIAN_POINT('',(29.692037907983,-9.083443004628,0.));
#10247 = CARTESIAN_POINT('',(29.727342055985,-8.966731187085,0.));
#10248 = CARTESIAN_POINT('',(30.438608159377,-6.574744331527,0.));
#10249 = CARTESIAN_POINT('',(30.90649438053,-4.237329307013,0.));
#10250 = CARTESIAN_POINT('',(31.158394275465,-1.862064662122,0.));
#10251 = CARTESIAN_POINT('',(31.191181284588,0.526294811747,0.));
#10252 = CARTESIAN_POINT('',(31.005009513593,2.902798013572,0.));
#10253 = CARTESIAN_POINT('',(30.204910159388,7.573762107369,0.));
#10254 = CARTESIAN_POINT('',(29.592364547777,9.8689765717,0.));
#10255 = CARTESIAN_POINT('',(28.77082088299,12.103006257192,0.));
#10256 = CARTESIAN_POINT('',(27.748338716611,14.252506743728,0.));
#10257 = CARTESIAN_POINT('',(26.535970884719,16.295393140543,0.));
#10258 = CARTESIAN_POINT('',(24.93883011467,18.500936499233,0.));
#10259 = CARTESIAN_POINT('',(24.725046689656,18.787727413254,0.));
#10260 = CARTESIAN_POINT('',(24.507309012924,19.071549359697,0.));
#10261 = CARTESIAN_POINT('',(24.285668773083,19.352334325688,0.));
#10262 = CARTESIAN_POINT('',(24.060179211698,19.630015507396,0.));
#10263 = CARTESIAN_POINT('',(23.533867961322,20.26014492934,0.));
#10264 = CARTESIAN_POINT('',(23.230472742085,20.610443769591,0.));
#10265 = CARTESIAN_POINT('',(22.920828636086,20.955281178519,0.));
#10266 = CARTESIAN_POINT('',(22.605058903435,21.294518244017,0.));
#10267 = CARTESIAN_POINT('',(22.283290893848,21.628019794136,0.));
#10268 = CARTESIAN_POINT('',(21.955656046645,21.955654397088,0.));
#10269 = PCURVE('',#6564,#10270);
#10270 = DEFINITIONAL_REPRESENTATION('',(#10271),#10314);
#10271 = B_SPLINE_CURVE_WITH_KNOTS('',6,(#10272,#10273,#10274,#10275,
    #10276,#10277,#10278,#10279,#10280,#10281,#10282,#10283,#10284,
    #10285,#10286,#10287,#10288,#10289,#10290,#10291,#10292,#10293,
    #10294,#10295,#10296,#10297,#10298,#10299,#10300,#10301,#10302,
    #10303,#10304,#10305,#10306,#10307,#10308,#10309,#10310,#10311,
    #10312,#10313),.UNSPECIFIED.,.F.,.F.,(7,5,5,5,5,5,5,5,7),(0.,
    0.236001495689,0.283002466622,0.301002845394,0.316003163507,
    0.608000775991,0.898998002337,0.94299886864,1.),.UNSPECIFIED.);
#10272 = CARTESIAN_POINT('',(0.25,11.929247117961));
#10273 = CARTESIAN_POINT('',(0.240166785165,11.991808636722));
#10274 = CARTESIAN_POINT('',(0.230333117195,12.054373038448));
#10275 = CARTESIAN_POINT('',(0.220499980704,12.116934058899));
#10276 = CARTESIAN_POINT('',(0.210666849173,12.179495048061));
#10277 = CARTESIAN_POINT('',(0.200833195084,12.242059362231));
#10278 = CARTESIAN_POINT('',(0.189041666158,12.31708019558));
#10279 = CARTESIAN_POINT('',(0.187083332493,12.329539633589));
#10280 = CARTESIAN_POINT('',(0.185124999028,12.341999070342));
#10281 = CARTESIAN_POINT('',(0.183166665781,12.354458505723));
#10282 = CARTESIAN_POINT('',(0.181208332768,12.36691793963));
#10283 = CARTESIAN_POINT('',(0.178499999932,12.3841490713));
#10284 = CARTESIAN_POINT('',(0.17774999989,12.388920770447));
#10285 = CARTESIAN_POINT('',(0.176999999877,12.393692469414));
#10286 = CARTESIAN_POINT('',(0.176249999891,12.398464168205));
#10287 = CARTESIAN_POINT('',(0.175499999934,12.403235866821));
#10288 = CARTESIAN_POINT('',(0.174124999958,12.411983981292));
#10289 = CARTESIAN_POINT('',(0.173499999932,12.415960397202));
#10290 = CARTESIAN_POINT('',(0.172874999923,12.419936812999));
#10291 = CARTESIAN_POINT('',(0.172249999933,12.423913228683));
#10292 = CARTESIAN_POINT('',(0.17162499996,12.427889644258));
#10293 = CARTESIAN_POINT('',(0.158833691689,12.509271339665));
#10294 = CARTESIAN_POINT('',(0.146666090047,12.586684848606));
#10295 = CARTESIAN_POINT('',(0.134500007816,12.664088691055));
#10296 = CARTESIAN_POINT('',(0.122333923552,12.741492546542));
#10297 = CARTESIAN_POINT('',(0.110166315623,12.818906095696));
#10298 = CARTESIAN_POINT('',(8.587536627855E-02,12.973451557524));
#10299 = CARTESIAN_POINT('',(7.374944627815E-02,13.05059987585));
#10300 = CARTESIAN_POINT('',(6.162501268008E-02,13.127738736439));
#10301 = CARTESIAN_POINT('',(4.950057546874E-02,13.204877618993));
#10302 = CARTESIAN_POINT('',(3.737464655436E-02,13.282025991393));
#10303 = CARTESIAN_POINT('',(2.341666653744E-02,13.370830358149));
#10304 = CARTESIAN_POINT('',(2.158333310126E-02,13.382494511172));
#10305 = CARTESIAN_POINT('',(1.974999971087E-02,13.394158663904));
#10306 = CARTESIAN_POINT('',(1.791666638556E-02,13.405822816222));
#10307 = CARTESIAN_POINT('',(1.608333314285E-02,13.41748696802));
#10308 = CARTESIAN_POINT('',(1.187499986383E-02,13.444261499277));
#10309 = CARTESIAN_POINT('',(9.499999709068E-03,13.459371879494));
#10310 = CARTESIAN_POINT('',(7.124999593079E-03,13.474482259482));
#10311 = CARTESIAN_POINT('',(4.749999570333E-03,13.489592638901));
#10312 = CARTESIAN_POINT('',(2.37499969081E-03,13.504703017438));
#10313 = CARTESIAN_POINT('',(0.,13.519813394812));
#10314 = ( GEOMETRIC_REPRESENTATION_CONTEXT(2) 
PARAMETRIC_REPRESENTATION_CONTEXT() REPRESENTATION_CONTEXT('2D SPACE',''
  ) );
#10315 = PCURVE('',#7638,#10316);
#10316 = DEFINITIONAL_REPRESENTATION('',(#10317),#10360);
#10317 = B_SPLINE_CURVE_WITH_KNOTS('',6,(#10318,#10319,#10320,#10321,
    #10322,#10323,#10324,#10325,#10326,#10327,#10328,#10329,#10330,
    #10331,#10332,#10333,#10334,#10335,#10336,#10337,#10338,#10339,
    #10340,#10341,#10342,#10343,#10344,#10345,#10346,#10347,#10348,
    #10349,#10350,#10351,#10352,#10353,#10354,#10355,#10356,#10357,
    #10358,#10359),.UNSPECIFIED.,.F.,.F.,(7,5,5,5,5,5,5,5,7),(0.,
    0.236001495689,0.283002466622,0.301002845394,0.316003163507,
    0.608000775991,0.898998002337,0.94299886864,1.),.UNSPECIFIED.);
#10318 = CARTESIAN_POINT('',(21.955664624132,-21.95566478105));
#10319 = CARTESIAN_POINT('',(23.312169009164,-20.59916040576));
#10320 = CARTESIAN_POINT('',(24.568164111183,-19.14202068506));
#10321 = CARTESIAN_POINT('',(25.714173181387,-17.59368826094));
#10322 = CARTESIAN_POINT('',(26.742157452484,-15.96460313018));
#10323 = CARTESIAN_POINT('',(27.64529889582,-14.26604044159));
#10324 = CARTESIAN_POINT('',(28.572163130271,-12.16057964309));
#10325 = CARTESIAN_POINT('',(28.720933398164,-11.80863237867));
#10326 = CARTESIAN_POINT('',(28.864498607254,-11.45450754528));
#10327 = CARTESIAN_POINT('',(29.002819166734,-11.0983014396));
#10328 = CARTESIAN_POINT('',(29.13585786746,-10.74011130338));
#10329 = CARTESIAN_POINT('',(29.312494714828,-10.24213383114));
#10330 = CARTESIAN_POINT('',(29.360629735906,-10.10395573279));
#10331 = CARTESIAN_POINT('',(29.40798298987,-9.965506540951));
#10332 = CARTESIAN_POINT('',(29.454552573607,-9.82679178595));
#10333 = CARTESIAN_POINT('',(29.500336636207,-9.687817015812));
#10334 = CARTESIAN_POINT('',(29.582830670753,-9.4325634275));
#10335 = CARTESIAN_POINT('',(29.619781212554,-9.316362357461));
#10336 = CARTESIAN_POINT('',(29.656183963466,-9.199987806941));
#10337 = CARTESIAN_POINT('',(29.692037907983,-9.083443004628));
#10338 = CARTESIAN_POINT('',(29.727342055985,-8.966731187085));
#10339 = CARTESIAN_POINT('',(30.438608159377,-6.574744331527));
#10340 = CARTESIAN_POINT('',(30.90649438053,-4.237329307013));
#10341 = CARTESIAN_POINT('',(31.158394275465,-1.862064662122));
#10342 = CARTESIAN_POINT('',(31.191181284588,0.526294811747));
#10343 = CARTESIAN_POINT('',(31.005009513593,2.902798013572));
#10344 = CARTESIAN_POINT('',(30.204910159388,7.573762107369));
#10345 = CARTESIAN_POINT('',(29.592364547777,9.8689765717));
#10346 = CARTESIAN_POINT('',(28.77082088299,12.103006257192));
#10347 = CARTESIAN_POINT('',(27.748338716611,14.252506743728));
#10348 = CARTESIAN_POINT('',(26.535970884719,16.295393140543));
#10349 = CARTESIAN_POINT('',(24.93883011467,18.500936499233));
#10350 = CARTESIAN_POINT('',(24.725046689656,18.787727413254));
#10351 = CARTESIAN_POINT('',(24.507309012924,19.071549359697));
#10352 = CARTESIAN_POINT('',(24.285668773083,19.352334325688));
#10353 = CARTESIAN_POINT('',(24.060179211698,19.630015507396));
#10354 = CARTESIAN_POINT('',(23.533867961322,20.26014492934));
#10355 = CARTESIAN_POINT('',(23.230472742085,20.610443769591));
#10356 = CARTESIAN_POINT('',(22.920828636086,20.955281178519));
#10357 = CARTESIAN_POINT('',(22.605058903435,21.294518244017));
#10358 = CARTESIAN_POINT('',(22.283290893848,21.628019794136));
#10359 = CARTESIAN_POINT('',(21.955656046645,21.955654397088));
#10360 = ( GEOMETRIC_REPRESENTATION_CONTEXT(2) 
PARAMETRIC_REPRESENTATION_CONTEXT() REPRESENTATION_CONTEXT('2D SPACE',''
  ) );
#10361 = ORIENTED_EDGE('',*,*,#7978,.T.);
#10362 = ORIENTED_EDGE('',*,*,#6466,.T.);
#10363 = ADVANCED_FACE('',(#10364),#6147,.T.);
#10364 = FACE_BOUND('',#10365,.T.);
#10365 = EDGE_LOOP('',(#10366,#10514,#10607,#10608,#10609,#10610,#10861,
    #11112,#11363,#11593,#11823,#12032));
#10366 = ORIENTED_EDGE('',*,*,#10367,.F.);
#10367 = EDGE_CURVE('',#10368,#10370,#10372,.T.);
#10368 = VERTEX_POINT('',#10369);
#10369 = CARTESIAN_POINT('',(-21.43686788345,21.637818274975,0.));
#10370 = VERTEX_POINT('',#10371);
#10371 = CARTESIAN_POINT('',(30.458734122635,-7.460238249873E-15,
    0.625736448172));
#10372 = SURFACE_CURVE('',#10373,(#10418,#10466),.PCURVE_S1.);
#10373 = B_SPLINE_CURVE_WITH_KNOTS('',8,(#10374,#10375,#10376,#10377,
    #10378,#10379,#10380,#10381,#10382,#10383,#10384,#10385,#10386,
    #10387,#10388,#10389,#10390,#10391,#10392,#10393,#10394,#10395,
    #10396,#10397,#10398,#10399,#10400,#10401,#10402,#10403,#10404,
    #10405,#10406,#10407,#10408,#10409,#10410,#10411,#10412,#10413,
    #10414,#10415,#10416,#10417),.UNSPECIFIED.,.F.,.F.,(9,7,7,7,7,7,9),(
    0.,0.164865901714,0.342212350545,0.491435202417,0.683801359242,
    0.831568286118,1.),.UNSPECIFIED.);
#10374 = CARTESIAN_POINT('',(-21.4367862605,21.637899139588,
    -5.999999999824E-07));
#10375 = CARTESIAN_POINT('',(-23.1897161509,19.901261809508,
    1.289250986024E-02));
#10376 = CARTESIAN_POINT('',(-24.78248878548,18.00170535312,
    2.578875791123E-02));
#10377 = CARTESIAN_POINT('',(-26.19650844497,15.95724920109,
    3.868223459434E-02));
#10378 = CARTESIAN_POINT('',(-27.41670542266,13.787803547828,
    5.15740757397E-02));
#10379 = CARTESIAN_POINT('',(-28.43068132302,11.514650820715,
    6.446687241844E-02));
#10380 = CARTESIAN_POINT('',(-29.22874810196,9.160432454765,
    7.736243721962E-02));
#10381 = CARTESIAN_POINT('',(-29.80391003535,6.749101731012,
    9.026075392749E-02));
#10382 = CARTESIAN_POINT('',(-30.52806117298,1.678595538497,
    0.117025865994));
#10383 = CARTESIAN_POINT('',(-30.64179244718,-0.987623809005,
    0.13090313974));
#10384 = CARTESIAN_POINT('',(-30.48899971781,-3.660317308363,
    0.144777810838));
#10385 = CARTESIAN_POINT('',(-30.0701150769,-6.308390353813,
    0.158649644803));
#10386 = CARTESIAN_POINT('',(-29.38944294904,-8.901517652206,
    0.17252054214));
#10387 = CARTESIAN_POINT('',(-28.45524787932,-11.4102187922,
    0.186393055083));
#10388 = CARTESIAN_POINT('',(-27.27961823586,-13.80589147865,
    0.200268139188));
#10389 = CARTESIAN_POINT('',(-24.70221102814,-17.95894044229,
    0.225807571448));
#10390 = CARTESIAN_POINT('',(-23.36523859728,-19.75829419384,
    0.237479729547));
#10391 = CARTESIAN_POINT('',(-21.87892967629,-21.4431005295,
    0.24915057499));
#10392 = CARTESIAN_POINT('',(-20.2549312162,-22.99905000427,
    0.260820361077));
#10393 = CARTESIAN_POINT('',(-18.50624234001,-24.41336507621,
    0.272490276498));
#10394 = CARTESIAN_POINT('',(-16.64718104879,-25.67479764172,
    0.284161416098));
#10395 = CARTESIAN_POINT('',(-14.69336512674,-26.77364479541,
    0.29583396628));
#10396 = CARTESIAN_POINT('',(-10.0433205471,-28.89907126851,
    0.322549854428));
#10397 = CARTESIAN_POINT('',(-7.293900572334,-29.81375563852,
    0.337602746033));
#10398 = CARTESIAN_POINT('',(-4.451383078743,-30.42833033747,
    0.352650368757));
#10399 = CARTESIAN_POINT('',(-1.55414107829,-30.73273470134,
    0.367693880498));
#10400 = CARTESIAN_POINT('',(1.359059851018,-30.72217390681,
    0.382737068732));
#10401 = CARTESIAN_POINT('',(4.249150694795,-30.39747393121,
    0.397784475652));
#10402 = CARTESIAN_POINT('',(7.076858965167,-29.76478189112,
    0.412837665931));
#10403 = CARTESIAN_POINT('',(11.896834206889,-28.12634432907,
    0.439440535961));
#10404 = CARTESIAN_POINT('',(13.932162160775,-27.24063486142,
    0.451000863893));
#10405 = CARTESIAN_POINT('',(15.891365471839,-26.18682107586,
    0.462560822499));
#10406 = CARTESIAN_POINT('',(17.758341427162,-24.97273543268,
    0.474120227634));
#10407 = CARTESIAN_POINT('',(19.518091475644,-23.60782952497,
    0.485679464991));
#10408 = CARTESIAN_POINT('',(21.156735508501,-22.10316680993,
    0.497238599264));
#10409 = CARTESIAN_POINT('',(22.661540773583,-20.47143666193,
    0.508797054007));
#10410 = CARTESIAN_POINT('',(25.571126835496,-16.73935962883,
    0.533520977067));
#10411 = CARTESIAN_POINT('',(26.933563170634,-14.60401304467,
    0.546694252746));
#10412 = CARTESIAN_POINT('',(28.091294558575,-12.34294509687,
    0.559864085515));
#10413 = CARTESIAN_POINT('',(29.031182528307,-9.979325983548,
    0.573032068797));
#10414 = CARTESIAN_POINT('',(29.743164029641,-7.537403936363,
    0.586202326469));
#10415 = CARTESIAN_POINT('',(30.220302039698,-5.042473969817,
    0.599380445884));
#10416 = CARTESIAN_POINT('',(30.458734122635,-2.520822331252,
    0.612564485911));
#10417 = CARTESIAN_POINT('',(30.458734122635,-1.42108547152E-14,
    0.625736448172));
#10418 = PCURVE('',#6147,#10419);
#10419 = DEFINITIONAL_REPRESENTATION('',(#10420),#10465);
#10420 = B_SPLINE_CURVE_WITH_KNOTS('',8,(#10421,#10422,#10423,#10424,
    #10425,#10426,#10427,#10428,#10429,#10430,#10431,#10432,#10433,
    #10434,#10435,#10436,#10437,#10438,#10439,#10440,#10441,#10442,
    #10443,#10444,#10445,#10446,#10447,#10448,#10449,#10450,#10451,
    #10452,#10453,#10454,#10455,#10456,#10457,#10458,#10459,#10460,
    #10461,#10462,#10463,#10464),.UNSPECIFIED.,.F.,.F.,(9,7,7,7,7,7,9),(
    0.,0.164865901714,0.342212350545,0.491435202417,0.683801359242,
    0.831568286118,1.),.UNSPECIFIED.);
#10421 = CARTESIAN_POINT('',(0.162800265056,15.105651997372));
#10422 = CARTESIAN_POINT('',(0.162799363756,15.187683608262));
#10423 = CARTESIAN_POINT('',(0.162794620315,15.269744681113));
#10424 = CARTESIAN_POINT('',(0.162787111253,15.351794957098));
#10425 = CARTESIAN_POINT('',(0.162779508001,15.43383506015));
#10426 = CARTESIAN_POINT('',(0.162774365988,15.515875159538));
#10427 = CARTESIAN_POINT('',(0.162772206509,15.597925499037));
#10428 = CARTESIAN_POINT('',(0.16277254824,15.679987165084));
#10429 = CARTESIAN_POINT('',(0.16277653347,15.850264054719));
#10430 = CARTESIAN_POINT('',(0.162780427244,15.938545326021));
#10431 = CARTESIAN_POINT('',(0.162785019694,16.026808311792));
#10432 = CARTESIAN_POINT('',(0.162788619517,16.115055700273));
#10433 = CARTESIAN_POINT('',(0.162790095988,16.203302377606));
#10434 = CARTESIAN_POINT('',(0.162789907075,16.291563449892));
#10435 = CARTESIAN_POINT('',(0.162788905146,16.379842889988));
#10436 = CARTESIAN_POINT('',(0.16278691483,16.54233644846));
#10437 = CARTESIAN_POINT('',(0.162785948607,16.61660020099));
#10438 = CARTESIAN_POINT('',(0.162785359412,16.690854670221));
#10439 = CARTESIAN_POINT('',(0.162785510935,16.76510056884));
#10440 = CARTESIAN_POINT('',(0.162786432337,16.83934538754));
#10441 = CARTESIAN_POINT('',(0.162787670913,16.913597210887));
#10442 = CARTESIAN_POINT('',(0.162788679738,16.987858576569));
#10443 = CARTESIAN_POINT('',(0.162789581421,17.157829911654));
#10444 = CARTESIAN_POINT('',(0.162789067856,17.253601668332));
#10445 = CARTESIAN_POINT('',(0.162786704996,17.349344473579));
#10446 = CARTESIAN_POINT('',(0.162782126011,17.445066600875));
#10447 = CARTESIAN_POINT('',(0.162776327367,17.540789684355));
#10448 = CARTESIAN_POINT('',(0.162772381166,17.636535029868));
#10449 = CARTESIAN_POINT('',(0.162771915691,17.732308567934));
#10450 = CARTESIAN_POINT('',(0.162776734891,17.901551169541));
#10451 = CARTESIAN_POINT('',(0.162780712294,17.975091210586));
#10452 = CARTESIAN_POINT('',(0.162786447131,18.048624558339));
#10453 = CARTESIAN_POINT('',(0.162793129708,18.122152042394));
#10454 = CARTESIAN_POINT('',(0.162799155068,18.195680083326));
#10455 = CARTESIAN_POINT('',(0.162802344399,18.269214477745));
#10456 = CARTESIAN_POINT('',(0.162801688774,18.342754051725));
#10457 = CARTESIAN_POINT('',(0.162793255705,18.500075047893));
#10458 = CARTESIAN_POINT('',(0.162784501591,18.583908556452));
#10459 = CARTESIAN_POINT('',(0.162772225563,18.667728864818));
#10460 = CARTESIAN_POINT('',(0.162760185889,18.751536822104));
#10461 = CARTESIAN_POINT('',(0.162754448015,18.83534367457));
#10462 = CARTESIAN_POINT('',(0.162764604622,18.919161261888));
#10463 = CARTESIAN_POINT('',(0.162784733686,19.002991870498));
#10464 = CARTESIAN_POINT('',(0.16278473045,19.086795394704));
#10465 = ( GEOMETRIC_REPRESENTATION_CONTEXT(2) 
PARAMETRIC_REPRESENTATION_CONTEXT() REPRESENTATION_CONTEXT('2D SPACE',''
  ) );
#10466 = PCURVE('',#8293,#10467);
#10467 = DEFINITIONAL_REPRESENTATION('',(#10468),#10513);
#10468 = B_SPLINE_CURVE_WITH_KNOTS('',8,(#10469,#10470,#10471,#10472,
    #10473,#10474,#10475,#10476,#10477,#10478,#10479,#10480,#10481,
    #10482,#10483,#10484,#10485,#10486,#10487,#10488,#10489,#10490,
    #10491,#10492,#10493,#10494,#10495,#10496,#10497,#10498,#10499,
    #10500,#10501,#10502,#10503,#10504,#10505,#10506,#10507,#10508,
    #10509,#10510,#10511,#10512),.UNSPECIFIED.,.F.,.F.,(9,7,7,7,7,7,9),(
    0.,0.164865901714,0.342212350545,0.491435202417,0.683801359242,
    0.831568286118,1.),.UNSPECIFIED.);
#10469 = CARTESIAN_POINT('',(2.351525589749,-6.E-07));
#10470 = CARTESIAN_POINT('',(2.432537608481,1.289250986024E-02));
#10471 = CARTESIAN_POINT('',(2.513578711306,2.578875791123E-02));
#10472 = CARTESIAN_POINT('',(2.594609111098,3.868223459434E-02));
#10473 = CARTESIAN_POINT('',(2.675629411032,5.15740757397E-02));
#10474 = CARTESIAN_POINT('',(2.756649690403,6.446687241844E-02));
#10475 = CARTESIAN_POINT('',(2.837680110416,7.736243721962E-02));
#10476 = CARTESIAN_POINT('',(2.918721765505,9.026075392749E-02));
#10477 = CARTESIAN_POINT('',(3.086882249698,0.117025865994));
#10478 = CARTESIAN_POINT('',(3.174066313473,0.13090313974));
#10479 = CARTESIAN_POINT('',(3.261232377738,0.144777810838));
#10480 = CARTESIAN_POINT('',(3.348383070231,0.158649644803));
#10481 = CARTESIAN_POINT('',(3.43553303182,0.17252054214));
#10482 = CARTESIAN_POINT('',(3.522697135524,0.186393055083));
#10483 = CARTESIAN_POINT('',(3.609879297294,0.200268139188));
#10484 = CARTESIAN_POINT('',(3.770353007132,0.225807571448));
#10485 = CARTESIAN_POINT('',(3.843693591169,0.237479729547));
#10486 = CARTESIAN_POINT('',(3.917024972056,0.24915057499));
#10487 = CARTESIAN_POINT('',(3.990347876461,0.260820361077));
#10488 = CARTESIAN_POINT('',(4.063669733739,0.272490276498));
#10489 = CARTESIAN_POINT('',(4.136998553327,0.284161416098));
#10490 = CARTESIAN_POINT('',(4.210336850477,0.29583396628));
#10491 = CARTESIAN_POINT('',(4.378195555423,0.322549854428));
#10492 = CARTESIAN_POINT('',(4.472777015253,0.337602746033));
#10493 = CARTESIAN_POINT('',(4.567329955643,0.352650368757));
#10494 = CARTESIAN_POINT('',(4.661862501649,0.367693880498));
#10495 = CARTESIAN_POINT('',(4.756395935108,0.382737068732));
#10496 = CARTESIAN_POINT('',(4.850951254518,0.397784475651));
#10497 = CARTESIAN_POINT('',(4.945534341813,0.412837665931));
#10498 = CARTESIAN_POINT('',(5.112673222555,0.439440535961));
#10499 = CARTESIAN_POINT('',(5.185299125321,0.451000863893));
#10500 = CARTESIAN_POINT('',(5.257918416255,0.462560822499));
#10501 = CARTESIAN_POINT('',(5.330531938489,0.474120227634));
#10502 = CARTESIAN_POINT('',(5.403146053957,0.485679464991));
#10503 = CARTESIAN_POINT('',(5.475766479453,0.497238599264));
#10504 = CARTESIAN_POINT('',(5.548392023751,0.508797054007));
#10505 = CARTESIAN_POINT('',(5.703757621415,0.533520977067));
#10506 = CARTESIAN_POINT('',(5.786549107838,0.546694252746));
#10507 = CARTESIAN_POINT('',(5.869327497231,0.559864085515));
#10508 = CARTESIAN_POINT('',(5.952093606327,0.573032068797));
#10509 = CARTESIAN_POINT('',(6.034858587012,0.586202326469));
#10510 = CARTESIAN_POINT('',(6.117634323453,0.599380445884));
#10511 = CARTESIAN_POINT('',(6.200423419535,0.612564485911));
#10512 = CARTESIAN_POINT('',(6.28318530718,0.625736448172));
#10513 = ( GEOMETRIC_REPRESENTATION_CONTEXT(2) 
PARAMETRIC_REPRESENTATION_CONTEXT() REPRESENTATION_CONTEXT('2D SPACE',''
  ) );
#10514 = ORIENTED_EDGE('',*,*,#10515,.F.);
#10515 = EDGE_CURVE('',#10060,#10368,#10516,.T.);
#10516 = SURFACE_CURVE('',#10517,(#10545,#10576),.PCURVE_S1.);
#10517 = B_SPLINE_CURVE_WITH_KNOTS('',6,(#10518,#10519,#10520,#10521,
    #10522,#10523,#10524,#10525,#10526,#10527,#10528,#10529,#10530,
    #10531,#10532,#10533,#10534,#10535,#10536,#10537,#10538,#10539,
    #10540,#10541,#10542,#10543,#10544),.UNSPECIFIED.,.F.,.F.,(7,5,5,5,5
    ,7),(0.,0.256283745831,0.381840905573,0.508020939985,0.75723419998,
    1.),.UNSPECIFIED.);
#10518 = CARTESIAN_POINT('',(21.955656046645,21.955654397088,0.));
#10519 = CARTESIAN_POINT('',(20.114155765003,23.752911248265,0.));
#10520 = CARTESIAN_POINT('',(18.093631367937,25.367301445212,0.));
#10521 = CARTESIAN_POINT('',(15.917109006107,26.775615291188,0.));
#10522 = CARTESIAN_POINT('',(13.610811725773,27.959645767056,0.));
#10523 = CARTESIAN_POINT('',(11.203349273118,28.904940888946,0.));
#10524 = CARTESIAN_POINT('',(7.513014334662,29.943929016849,0.));
#10525 = CARTESIAN_POINT('',(6.282797762022,30.226086013683,0.));
#10526 = CARTESIAN_POINT('',(5.039479154284,30.447679427155,0.));
#10527 = CARTESIAN_POINT('',(3.786774539984,30.607942798436,0.));
#10528 = CARTESIAN_POINT('',(2.528455951223,30.706403436111,0.));
#10529 = CARTESIAN_POINT('',(2.00233385819E-03,30.779595311635,0.));
#10530 = CARTESIAN_POINT('',(-1.266174527787,30.753710754353,0.));
#10531 = CARTESIAN_POINT('',(-2.532285664376,30.665100208468,0.));
#10532 = CARTESIAN_POINT('',(-3.792461589397,30.513914252663,0.));
#10533 = CARTESIAN_POINT('',(-5.04284834248,30.300630253193,0.));
#10534 = CARTESIAN_POINT('',(-8.72230118887,29.483735078529,0.));
#10535 = CARTESIAN_POINT('',(-11.11225075473,28.702222615155,0.));
#10536 = CARTESIAN_POINT('',(-13.41931318581,27.68769502723,0.));
#10537 = CARTESIAN_POINT('',(-15.61557888533,26.451359076591,0.));
#10538 = CARTESIAN_POINT('',(-17.6748380119,25.008206712337,0.));
#10539 = CARTESIAN_POINT('',(-21.42267943741,21.790587633977,0.));
#10540 = CARTESIAN_POINT('',(-23.11996950569,20.0252328485,0.));
#10541 = CARTESIAN_POINT('',(-24.64306679011,18.100634302767,0.));
#10542 = CARTESIAN_POINT('',(-25.97378996429,16.038267578726,0.));
#10543 = CARTESIAN_POINT('',(-27.09698321303,13.861971435802,0.));
#10544 = CARTESIAN_POINT('',(-28.00162385181,11.598656919714,0.));
#10545 = PCURVE('',#6147,#10546);
#10546 = DEFINITIONAL_REPRESENTATION('',(#10547),#10575);
#10547 = B_SPLINE_CURVE_WITH_KNOTS('',6,(#10548,#10549,#10550,#10551,
    #10552,#10553,#10554,#10555,#10556,#10557,#10558,#10559,#10560,
    #10561,#10562,#10563,#10564,#10565,#10566,#10567,#10568,#10569,
    #10570,#10571,#10572,#10573,#10574),.UNSPECIFIED.,.F.,.F.,(7,5,5,5,5
    ,7),(0.,0.256283745831,0.381840905573,0.508020939985,0.75723419998,
    1.),.UNSPECIFIED.);
#10548 = CARTESIAN_POINT('',(0.804444746981,13.519813394812));
#10549 = CARTESIAN_POINT('',(0.770494502777,13.603722378223));
#10550 = CARTESIAN_POINT('',(0.736498095366,13.687745456686));
#10551 = CARTESIAN_POINT('',(0.70246634519,13.771855888003));
#10552 = CARTESIAN_POINT('',(0.668393417258,13.856068094147));
#10553 = CARTESIAN_POINT('',(0.634273002143,13.940397667777));
#10554 = CARTESIAN_POINT('',(0.583381658619,14.066177063698));
#10555 = CARTESIAN_POINT('',(0.56663737074,14.107561044645));
#10556 = CARTESIAN_POINT('',(0.549883230111,14.148969376068));
#10557 = CARTESIAN_POINT('',(0.533119045132,14.190402530995));
#10558 = CARTESIAN_POINT('',(0.51634460724,14.231861024261));
#10559 = CARTESIAN_POINT('',(0.482692502858,14.31503313796));
#10560 = CARTESIAN_POINT('',(0.465814371668,14.356747903156));
#10561 = CARTESIAN_POINT('',(0.448926317148,14.398487206532));
#10562 = CARTESIAN_POINT('',(0.432027963119,14.440251964064));
#10563 = CARTESIAN_POINT('',(0.415119139787,14.482042598305));
#10564 = CARTESIAN_POINT('',(0.364784113106,14.606447039052));
#10565 = CARTESIAN_POINT('',(0.331323054428,14.689146992616));
#10566 = CARTESIAN_POINT('',(0.297827000124,14.771933435969));
#10567 = CARTESIAN_POINT('',(0.264290588726,14.854819621748));
#10568 = CARTESIAN_POINT('',(0.230707962944,14.93782002708));
#10569 = CARTESIAN_POINT('',(0.164339728831,15.101850986629));
#10570 = CARTESIAN_POINT('',(0.131547318881,15.182898351228));
#10571 = CARTESIAN_POINT('',(9.872077945687E-02,15.264030068235));
#10572 = CARTESIAN_POINT('',(6.585521691108E-02,15.345258232454));
#10573 = CARTESIAN_POINT('',(3.294531797309E-02,15.426595975427));
#10574 = CARTESIAN_POINT('',(0.,15.508021257436));
#10575 = ( GEOMETRIC_REPRESENTATION_CONTEXT(2) 
PARAMETRIC_REPRESENTATION_CONTEXT() REPRESENTATION_CONTEXT('2D SPACE',''
  ) );
#10576 = PCURVE('',#7638,#10577);
#10577 = DEFINITIONAL_REPRESENTATION('',(#10578),#10606);
#10578 = B_SPLINE_CURVE_WITH_KNOTS('',6,(#10579,#10580,#10581,#10582,
    #10583,#10584,#10585,#10586,#10587,#10588,#10589,#10590,#10591,
    #10592,#10593,#10594,#10595,#10596,#10597,#10598,#10599,#10600,
    #10601,#10602,#10603,#10604,#10605),.UNSPECIFIED.,.F.,.F.,(7,5,5,5,5
    ,7),(0.,0.256283745831,0.381840905573,0.508020939985,0.75723419998,
    1.),.UNSPECIFIED.);
#10579 = CARTESIAN_POINT('',(21.955656046645,21.955654397088));
#10580 = CARTESIAN_POINT('',(20.114155765003,23.752911248265));
#10581 = CARTESIAN_POINT('',(18.093631367937,25.367301445212));
#10582 = CARTESIAN_POINT('',(15.917109006107,26.775615291188));
#10583 = CARTESIAN_POINT('',(13.610811725773,27.959645767056));
#10584 = CARTESIAN_POINT('',(11.203349273118,28.904940888946));
#10585 = CARTESIAN_POINT('',(7.513014334662,29.943929016849));
#10586 = CARTESIAN_POINT('',(6.282797762022,30.226086013683));
#10587 = CARTESIAN_POINT('',(5.039479154284,30.447679427155));
#10588 = CARTESIAN_POINT('',(3.786774539984,30.607942798436));
#10589 = CARTESIAN_POINT('',(2.528455951223,30.706403436111));
#10590 = CARTESIAN_POINT('',(2.00233385819E-03,30.779595311635));
#10591 = CARTESIAN_POINT('',(-1.266174527787,30.753710754353));
#10592 = CARTESIAN_POINT('',(-2.532285664376,30.665100208468));
#10593 = CARTESIAN_POINT('',(-3.792461589397,30.513914252663));
#10594 = CARTESIAN_POINT('',(-5.04284834248,30.300630253193));
#10595 = CARTESIAN_POINT('',(-8.72230118887,29.483735078529));
#10596 = CARTESIAN_POINT('',(-11.11225075473,28.702222615155));
#10597 = CARTESIAN_POINT('',(-13.41931318581,27.68769502723));
#10598 = CARTESIAN_POINT('',(-15.61557888533,26.451359076591));
#10599 = CARTESIAN_POINT('',(-17.6748380119,25.008206712337));
#10600 = CARTESIAN_POINT('',(-21.42267943741,21.790587633977));
#10601 = CARTESIAN_POINT('',(-23.11996950569,20.0252328485));
#10602 = CARTESIAN_POINT('',(-24.64306679011,18.100634302767));
#10603 = CARTESIAN_POINT('',(-25.97378996429,16.038267578726));
#10604 = CARTESIAN_POINT('',(-27.09698321303,13.861971435802));
#10605 = CARTESIAN_POINT('',(-28.00162385181,11.598656919714));
#10606 = ( GEOMETRIC_REPRESENTATION_CONTEXT(2) 
PARAMETRIC_REPRESENTATION_CONTEXT() REPRESENTATION_CONTEXT('2D SPACE',''
  ) );
#10607 = ORIENTED_EDGE('',*,*,#10059,.T.);
#10608 = ORIENTED_EDGE('',*,*,#6093,.T.);
#10609 = ORIENTED_EDGE('',*,*,#7720,.F.);
#10610 = ORIENTED_EDGE('',*,*,#10611,.F.);
#10611 = EDGE_CURVE('',#10612,#7721,#10614,.T.);
#10612 = VERTEX_POINT('',#10613);
#10613 = CARTESIAN_POINT('',(30.458734122635,-7.460238249873E-15,
    6.625736448172));
#10614 = SURFACE_CURVE('',#10615,(#10695,#10778),.PCURVE_S1.);
#10615 = B_SPLINE_CURVE_WITH_KNOTS('',8,(#10616,#10617,#10618,#10619,
    #10620,#10621,#10622,#10623,#10624,#10625,#10626,#10627,#10628,
    #10629,#10630,#10631,#10632,#10633,#10634,#10635,#10636,#10637,
    #10638,#10639,#10640,#10641,#10642,#10643,#10644,#10645,#10646,
    #10647,#10648,#10649,#10650,#10651,#10652,#10653,#10654,#10655,
    #10656,#10657,#10658,#10659,#10660,#10661,#10662,#10663,#10664,
    #10665,#10666,#10667,#10668,#10669,#10670,#10671,#10672,#10673,
    #10674,#10675,#10676,#10677,#10678,#10679,#10680,#10681,#10682,
    #10683,#10684,#10685,#10686,#10687,#10688,#10689,#10690,#10691,
    #10692,#10693,#10694),.UNSPECIFIED.,.F.,.F.,(9,7,7,7,7,7,7,7,7,7,7,9
    ),(0.,0.100260351891,0.156567959885,0.272314600244,0.380841226123,
    0.455961998717,0.567825818344,0.644302271632,0.735401459437,
    0.809090604404,0.889474825767,1.),.UNSPECIFIED.);
#10616 = CARTESIAN_POINT('',(30.458734122635,5.684341886081E-14,
    6.625736448172));
#10617 = CARTESIAN_POINT('',(30.458734122635,2.397972304503,
    6.638266486607));
#10618 = CARTESIAN_POINT('',(30.242975307778,4.796628930712,
    6.650792959358));
#10619 = CARTESIAN_POINT('',(29.811242772975,7.172277807789,
    6.663320617414));
#10620 = CARTESIAN_POINT('',(29.166696668583,9.502249766121,
    6.675851935809));
#10621 = CARTESIAN_POINT('',(28.315056968109,11.764706932498,
    6.688385683528));
#10622 = CARTESIAN_POINT('',(27.264587582859,13.938670843159,
    6.700921408187));
#10623 = CARTESIAN_POINT('',(26.026060031512,16.004048430589,
    6.713458173223));
#10624 = CARTESIAN_POINT('',(23.82009673053,19.030274906511,
    6.733029700968));
#10625 = CARTESIAN_POINT('',(22.971685029653,20.078618667518,
    6.740068502524));
#10626 = CARTESIAN_POINT('',(22.070656940515,21.083570417711,
    6.747106477937));
#10627 = CARTESIAN_POINT('',(21.119661491495,22.042023601378,
    6.754143332818));
#10628 = CARTESIAN_POINT('',(20.121513539882,22.951127085856,
    6.761179259368));
#10629 = CARTESIAN_POINT('',(19.079170193012,23.808262834715,
    6.768214770878));
#10630 = CARTESIAN_POINT('',(17.995717231426,24.611032488288,
    6.775250574843));
#10631 = CARTESIAN_POINT('',(14.569300619174,26.891192990127,
    6.796752646734));
#10632 = CARTESIAN_POINT('',(12.103763432169,28.186399834753,
    6.811224537074));
#10633 = CARTESIAN_POINT('',(9.508226426169,29.222014462648,
    6.825693513221));
#10634 = CARTESIAN_POINT('',(6.81486686085,29.983558010207,6.840161289)
  );
#10635 = CARTESIAN_POINT('',(4.056945473615,30.461016314989,
    6.854630477522));
#10636 = CARTESIAN_POINT('',(1.268781505677,30.649049280697,
    6.869103078129));
#10637 = CARTESIAN_POINT('',(-1.51436289914,30.546809171871,
    6.883579329852));
#10638 = CARTESIAN_POINT('',(-6.826656763725,29.797164496419,
    6.911614826819));
#10639 = CARTESIAN_POINT('',(-9.362767398957,29.183889233792,
    6.925185210674));
#10640 = CARTESIAN_POINT('',(-11.83450879673,28.32402544818,
    6.938752172752));
#10641 = CARTESIAN_POINT('',(-14.21411526454,27.225911082936,
    6.952316412255));
#10642 = CARTESIAN_POINT('',(-16.47541384699,25.901112598864,
    6.965880599465));
#10643 = CARTESIAN_POINT('',(-18.59392408972,24.364476484191,
    6.979447353927));
#10644 = CARTESIAN_POINT('',(-20.54686302405,22.634049051911,
    6.993017216567));
#10645 = CARTESIAN_POINT('',(-23.53698633741,19.415810628126,
    7.015971695493));
#10646 = CARTESIAN_POINT('',(-24.67151640087,18.016733133341,
    7.025362707754));
#10647 = CARTESIAN_POINT('',(-25.7107616042,16.542124650841,
    7.034753906524));
#10648 = CARTESIAN_POINT('',(-26.64888939234,14.999630614838,
    7.044144977166));
#10649 = CARTESIAN_POINT('',(-27.48084183793,13.397347504131,
    7.053536098605));
#10650 = CARTESIAN_POINT('',(-28.20230640562,11.743799694159,
    7.062927419872));
#10651 = CARTESIAN_POINT('',(-28.80975846729,10.047958040577,
    7.072318525579));
#10652 = CARTESIAN_POINT('',(-30.03146096454,5.745121803617,
    7.095689778042));
#10653 = CARTESIAN_POINT('',(-30.50421384442,3.096405736244,
    7.109677379135));
#10654 = CARTESIAN_POINT('',(-30.70934960957,0.405018901728,
    7.123661459718));
#10655 = CARTESIAN_POINT('',(-30.64307346464,-2.297394415205,
    7.137642740694));
#10656 = CARTESIAN_POINT('',(-30.3056520743,-4.979453424868,
    7.151624346515));
#10657 = CARTESIAN_POINT('',(-29.70152371762,-7.610105749834,
    7.16560955876));
#10658 = CARTESIAN_POINT('',(-28.83914758174,-10.15868351918,
    7.179599128567));
#10659 = CARTESIAN_POINT('',(-26.97609285596,-14.26084709589,
    7.203144381531));
#10660 = CARTESIAN_POINT('',(-26.10519968989,-15.87473399104,
    7.212706061071));
#10661 = CARTESIAN_POINT('',(-25.12413044247,-17.42745510322,
    7.222267632644));
#10662 = CARTESIAN_POINT('',(-24.03795584312,-18.91028572251,
    7.231828809145));
#10663 = CARTESIAN_POINT('',(-22.85250877303,-20.31505543731,
    7.241389669632));
#10664 = CARTESIAN_POINT('',(-21.57435955177,-21.63413527079,
    7.250950185057));
#10665 = CARTESIAN_POINT('',(-20.21086013408,-22.86048281735,
    7.260509743307));
#10666 = CARTESIAN_POINT('',(-17.05420279627,-25.33054697883,
    7.281450943409));
#10667 = CARTESIAN_POINT('',(-15.22793110626,-26.53338286954,
    7.292836827357));
#10668 = CARTESIAN_POINT('',(-13.30528402599,-27.58523066153,
    7.304220896333));
#10669 = CARTESIAN_POINT('',(-11.30099821323,-28.47721605133,
    7.315603590224));
#10670 = CARTESIAN_POINT('',(-9.230509440686,-29.20226656382,
    7.326987346668));
#10671 = CARTESIAN_POINT('',(-7.109885023544,-29.7549850491,
    7.338374949251));
#10672 = CARTESIAN_POINT('',(-4.955852911244,-30.13175141855,
    7.3497668682));
#10673 = CARTESIAN_POINT('',(-1.030641420243,-30.4922805481,
    7.370369208425));
#10674 = CARTESIAN_POINT('',(0.735394673683,-30.53740805662,
    7.379581639524));
#10675 = CARTESIAN_POINT('',(2.503078240435,-30.4656268562,7.38879030046
    ));
#10676 = CARTESIAN_POINT('',(4.263368021831,-30.27694271433,
    7.397996236336));
#10677 = CARTESIAN_POINT('',(6.0073232048,-29.97218815641,7.407202561545
    ));
#10678 = CARTESIAN_POINT('',(7.726111100294,-29.55302668233,
    7.41641212446));
#10679 = CARTESIAN_POINT('',(9.411014822207,-29.02195698288,
    7.425625172121));
#10680 = CARTESIAN_POINT('',(12.845090832745,-27.68456242671,
    7.444885805864));
#10681 = CARTESIAN_POINT('',(14.586586624511,-26.85747967783,
    7.454936640098));
#10682 = CARTESIAN_POINT('',(16.266761338637,-25.90536642566,
    7.464987279884));
#10683 = CARTESIAN_POINT('',(17.875185905052,-24.83361496864,
    7.475036754069));
#10684 = CARTESIAN_POINT('',(19.402079503032,-23.64857454361,
    7.485085082583));
#10685 = CARTESIAN_POINT('',(20.838291282011,-22.35750857484,
    7.49513268956));
#10686 = CARTESIAN_POINT('',(22.175353486734,-20.96864701611,
    7.505179505092));
#10687 = CARTESIAN_POINT('',(25.097155268565,-17.46008562011,
    7.529034209011));
#10688 = CARTESIAN_POINT('',(26.587983370386,-15.26017288139,
    7.542849627658));
#10689 = CARTESIAN_POINT('',(27.857283106261,-12.91595309304,
    7.556662081491));
#10690 = CARTESIAN_POINT('',(28.889271177611,-10.45379311664,
    7.570473115532));
#10691 = CARTESIAN_POINT('',(29.671816443142,-7.901413391183,
    7.584285532489));
#10692 = CARTESIAN_POINT('',(30.196544273586,-5.287866479406,
    7.598101248007));
#10693 = CARTESIAN_POINT('',(30.458734122635,-2.643429668289,
    7.611920395547));
#10694 = CARTESIAN_POINT('',(30.458734122635,-3.552713678801E-15,
    7.625734386124));
#10695 = PCURVE('',#6147,#10696);
#10696 = DEFINITIONAL_REPRESENTATION('',(#10697),#10777);
#10697 = B_SPLINE_CURVE_WITH_KNOTS('',8,(#10698,#10699,#10700,#10701,
    #10702,#10703,#10704,#10705,#10706,#10707,#10708,#10709,#10710,
    #10711,#10712,#10713,#10714,#10715,#10716,#10717,#10718,#10719,
    #10720,#10721,#10722,#10723,#10724,#10725,#10726,#10727,#10728,
    #10729,#10730,#10731,#10732,#10733,#10734,#10735,#10736,#10737,
    #10738,#10739,#10740,#10741,#10742,#10743,#10744,#10745,#10746,
    #10747,#10748,#10749,#10750,#10751,#10752,#10753,#10754,#10755,
    #10756,#10757,#10758,#10759,#10760,#10761,#10762,#10763,#10764,
    #10765,#10766,#10767,#10768,#10769,#10770,#10771,#10772,#10773,
    #10774,#10775,#10776),.UNSPECIFIED.,.F.,.F.,(9,7,7,7,7,7,7,7,7,7,7,9
    ),(0.,0.100260351891,0.156567959885,0.272314600244,0.380841226123,
    0.455961998717,0.567825818344,0.644302271632,0.735401459437,
    0.809090604404,0.889474825767,1.),.UNSPECIFIED.);
#10698 = CARTESIAN_POINT('',(0.162784730449,57.260386184108));
#10699 = CARTESIAN_POINT('',(0.162784727371,57.340105618348));
#10700 = CARTESIAN_POINT('',(0.162766515871,57.419847369388));
#10701 = CARTESIAN_POINT('',(0.162755987938,57.499577671509));
#10702 = CARTESIAN_POINT('',(0.162759307494,57.579297037205));
#10703 = CARTESIAN_POINT('',(0.162769434444,57.659015034242));
#10704 = CARTESIAN_POINT('',(0.162780939803,57.738742202323));
#10705 = CARTESIAN_POINT('',(0.162790106539,57.818481769527));
#10706 = CARTESIAN_POINT('',(0.162798869014,57.942979361368));
#10707 = CARTESIAN_POINT('',(0.162800899111,57.98775706563));
#10708 = CARTESIAN_POINT('',(0.162801573973,58.032532863258));
#10709 = CARTESIAN_POINT('',(0.162800905534,58.077304851771));
#10710 = CARTESIAN_POINT('',(0.162799093474,58.122073760485));
#10711 = CARTESIAN_POINT('',(0.162796456855,58.166842066525));
#10712 = CARTESIAN_POINT('',(0.162793355587,58.211613381635));
#10713 = CARTESIAN_POINT('',(0.162783413109,58.348439836999));
#10714 = CARTESIAN_POINT('',(0.162776088024,58.44053194445));
#10715 = CARTESIAN_POINT('',(0.162770884638,58.532600267194));
#10716 = CARTESIAN_POINT('',(0.162770127304,58.624649964337));
#10717 = CARTESIAN_POINT('',(0.162773131115,58.716699353947));
#10718 = CARTESIAN_POINT('',(0.162777554672,58.808766943205));
#10719 = CARTESIAN_POINT('',(0.162781766741,58.900858284534));
#10720 = CARTESIAN_POINT('',(0.162787897383,59.079212397282));
#10721 = CARTESIAN_POINT('',(0.16278994602,59.165545714038));
#10722 = CARTESIAN_POINT('',(0.162790404036,59.25186119181));
#10723 = CARTESIAN_POINT('',(0.162789244456,59.338163345771));
#10724 = CARTESIAN_POINT('',(0.162787469505,59.424466687934));
#10725 = CARTESIAN_POINT('',(0.16278617704,59.510785171159));
#10726 = CARTESIAN_POINT('',(0.162785739557,59.597121316326));
#10727 = CARTESIAN_POINT('',(0.162786203671,59.743162650142));
#10728 = CARTESIAN_POINT('',(0.16278673211,59.802909453943));
#10729 = CARTESIAN_POINT('',(0.162787560665,59.862656702628));
#10730 = CARTESIAN_POINT('',(0.162788499547,59.922402863446));
#10731 = CARTESIAN_POINT('',(0.162789276529,59.982149747593));
#10732 = CARTESIAN_POINT('',(0.162789616627,60.041898982868));
#10733 = CARTESIAN_POINT('',(0.162789332585,60.101648389272));
#10734 = CARTESIAN_POINT('',(0.162787076403,60.250348070118));
#10735 = CARTESIAN_POINT('',(0.162784339096,60.339347662155));
#10736 = CARTESIAN_POINT('',(0.162780182259,60.428328364186));
#10737 = CARTESIAN_POINT('',(0.162775319373,60.517292999391));
#10738 = CARTESIAN_POINT('',(0.162771564333,60.606256963279));
#10739 = CARTESIAN_POINT('',(0.162771047433,60.695235869033));
#10740 = CARTESIAN_POINT('',(0.162773925857,60.784234107117));
#10741 = CARTESIAN_POINT('',(0.162782352388,60.934014422655));
#10742 = CARTESIAN_POINT('',(0.162786760806,60.994837467462));
#10743 = CARTESIAN_POINT('',(0.162791783412,61.055658307372));
#10744 = CARTESIAN_POINT('',(0.162796646835,61.116477027153));
#10745 = CARTESIAN_POINT('',(0.162800362779,61.177296572395));
#10746 = CARTESIAN_POINT('',(0.162802000378,61.238119058955));
#10747 = CARTESIAN_POINT('',(0.162801045066,61.298941864164));
#10748 = CARTESIAN_POINT('',(0.16279403077,61.432192667413));
#10749 = CARTESIAN_POINT('',(0.162787001248,61.504650053511));
#10750 = CARTESIAN_POINT('',(0.162777350607,61.577102370443));
#10751 = CARTESIAN_POINT('',(0.162766826724,61.649548096964));
#10752 = CARTESIAN_POINT('',(0.162759529584,61.721992608739));
#10753 = CARTESIAN_POINT('',(0.162760168627,61.79444197617));
#10754 = CARTESIAN_POINT('',(0.16276959393,61.866897089979));
#10755 = CARTESIAN_POINT('',(0.162784468827,61.997937877096));
#10756 = CARTESIAN_POINT('',(0.162788406341,62.056540074583));
#10757 = CARTESIAN_POINT('',(0.162783475369,62.115140203996));
#10758 = CARTESIAN_POINT('',(0.162772447349,62.173738064886));
#10759 = CARTESIAN_POINT('',(0.162762276154,62.23233628515));
#10760 = CARTESIAN_POINT('',(0.162759354779,62.290937186417));
#10761 = CARTESIAN_POINT('',(0.162764772021,62.349539649445));
#10762 = CARTESIAN_POINT('',(0.162774802134,62.472056118209));
#10763 = CARTESIAN_POINT('',(0.162782680139,62.535982719689));
#10764 = CARTESIAN_POINT('',(0.16279113826,62.599906650265));
#10765 = CARTESIAN_POINT('',(0.162797910119,62.663827332623));
#10766 = CARTESIAN_POINT('',(0.162801618254,62.727748298001));
#10767 = CARTESIAN_POINT('',(0.162802160212,62.791672498055));
#10768 = CARTESIAN_POINT('',(0.162800390374,62.855597376409));
#10769 = CARTESIAN_POINT('',(0.16279256989,63.007386655923));
#10770 = CARTESIAN_POINT('',(0.162785200106,63.095302226882));
#10771 = CARTESIAN_POINT('',(0.162777280244,63.183200294451));
#10772 = CARTESIAN_POINT('',(0.162771981201,63.271082851494));
#10773 = CARTESIAN_POINT('',(0.162770748756,63.358964156305));
#10774 = CARTESIAN_POINT('',(0.16277250415,63.446859062909));
#10775 = CARTESIAN_POINT('',(0.162775798154,63.534772002227));
#10776 = CARTESIAN_POINT('',(0.162779369887,63.622651445163));
#10777 = ( GEOMETRIC_REPRESENTATION_CONTEXT(2) 
PARAMETRIC_REPRESENTATION_CONTEXT() REPRESENTATION_CONTEXT('2D SPACE',''
  ) );
#10778 = PCURVE('',#7840,#10779);
#10779 = DEFINITIONAL_REPRESENTATION('',(#10780),#10860);
#10780 = B_SPLINE_CURVE_WITH_KNOTS('',8,(#10781,#10782,#10783,#10784,
    #10785,#10786,#10787,#10788,#10789,#10790,#10791,#10792,#10793,
    #10794,#10795,#10796,#10797,#10798,#10799,#10800,#10801,#10802,
    #10803,#10804,#10805,#10806,#10807,#10808,#10809,#10810,#10811,
    #10812,#10813,#10814,#10815,#10816,#10817,#10818,#10819,#10820,
    #10821,#10822,#10823,#10824,#10825,#10826,#10827,#10828,#10829,
    #10830,#10831,#10832,#10833,#10834,#10835,#10836,#10837,#10838,
    #10839,#10840,#10841,#10842,#10843,#10844,#10845,#10846,#10847,
    #10848,#10849,#10850,#10851,#10852,#10853,#10854,#10855,#10856,
    #10857,#10858,#10859),.UNSPECIFIED.,.F.,.F.,(9,7,7,7,7,7,7,7,7,7,7,9
    ),(0.,0.100260351891,0.156567959885,0.272314600244,0.380841226123,
    0.455961998717,0.567825818344,0.644302271632,0.735401459437,
    0.809090604404,0.889474825767,1.),.UNSPECIFIED.);
#10781 = CARTESIAN_POINT('',(0.,6.625736448172));
#10782 = CARTESIAN_POINT('',(7.872856090632E-02,6.638266486607));
#10783 = CARTESIAN_POINT('',(0.157479578033,6.650792959358));
#10784 = CARTESIAN_POINT('',(0.236218878377,6.663320617414));
#10785 = CARTESIAN_POINT('',(0.314947210791,6.675851935809));
#10786 = CARTESIAN_POINT('',(0.393674199392,6.688385683528));
#10787 = CARTESIAN_POINT('',(0.472410309728,6.700921408187));
#10788 = CARTESIAN_POINT('',(0.551158723615,6.713458173223));
#10789 = CARTESIAN_POINT('',(0.674108875151,6.733029700968));
#10790 = CARTESIAN_POINT('',(0.718330025934,6.740068502524));
#10791 = CARTESIAN_POINT('',(0.762549299252,6.747106477937));
#10792 = CARTESIAN_POINT('',(0.806764809587,6.754143332818));
#10793 = CARTESIAN_POINT('',(0.850977271354,6.761179259368));
#10794 = CARTESIAN_POINT('',(0.89518912755,6.768214770878));
#10795 = CARTESIAN_POINT('',(0.939403944571,6.775250574843));
#10796 = CARTESIAN_POINT('',(1.074529647356,6.796752646734));
#10797 = CARTESIAN_POINT('',(1.165477010926,6.811224537074));
#10798 = CARTESIAN_POINT('',(1.256400860014,6.825693513221));
#10799 = CARTESIAN_POINT('',(1.34730634131,6.840161289));
#10800 = CARTESIAN_POINT('',(1.438211611113,6.854630477522));
#10801 = CARTESIAN_POINT('',(1.529134939305,6.869103078129));
#10802 = CARTESIAN_POINT('',(1.62008176965,6.883579329852));
#10803 = CARTESIAN_POINT('',(1.796219300147,6.911614826819));
#10804 = CARTESIAN_POINT('',(1.881479668774,6.925185210674));
#10805 = CARTESIAN_POINT('',(1.966722384983,6.938752172753));
#10806 = CARTESIAN_POINT('',(2.051951868677,6.952316412255));
#10807 = CARTESIAN_POINT('',(2.137182432677,6.965880599465));
#10808 = CARTESIAN_POINT('',(2.222427882421,6.979447353927));
#10809 = CARTESIAN_POINT('',(2.307690749345,6.993017216567));
#10810 = CARTESIAN_POINT('',(2.451916607147,7.015971695493));
#10811 = CARTESIAN_POINT('',(2.510920689503,7.025362707754));
#10812 = CARTESIAN_POINT('',(2.569925229358,7.034753906524));
#10813 = CARTESIAN_POINT('',(2.628928724662,7.044144977166));
#10814 = CARTESIAN_POINT('',(2.687932970735,7.053536098605));
#10815 = CARTESIAN_POINT('',(2.746939574841,7.062927419872));
#10816 = CARTESIAN_POINT('',(2.80594637739,7.072318525579));
#10817 = CARTESIAN_POINT('',(2.95279797172,7.095689778042));
#10818 = CARTESIAN_POINT('',(3.040691491834,7.109677379135));
#10819 = CARTESIAN_POINT('',(3.12856636658,7.123661459718));
#10820 = CARTESIAN_POINT('',(3.216425335727,7.137642740694));
#10821 = CARTESIAN_POINT('',(3.304283556589,7.151624346515));
#10822 = CARTESIAN_POINT('',(3.392156456633,7.16560955876));
#10823 = CARTESIAN_POINT('',(3.480048413361,7.179599128567));
#10824 = CARTESIAN_POINT('',(3.627966903452,7.203144381531));
#10825 = CARTESIAN_POINT('',(3.688033895153,7.212706061071));
#10826 = CARTESIAN_POINT('',(3.748098720074,7.222267632644));
#10827 = CARTESIAN_POINT('',(3.808161473523,7.231828809145));
#10828 = CARTESIAN_POINT('',(3.868225067491,7.241389669632));
#10829 = CARTESIAN_POINT('',(3.928291583015,7.250950185057));
#10830 = CARTESIAN_POINT('',(3.988358413684,7.260509743307));
#10831 = CARTESIAN_POINT('',(4.119952996165,7.281450943409));
#10832 = CARTESIAN_POINT('',(4.191509765877,7.292836827357));
#10833 = CARTESIAN_POINT('',(4.263061484935,7.304220896333));
#10834 = CARTESIAN_POINT('',(4.334606644773,7.315603590224));
#10835 = CARTESIAN_POINT('',(4.406150556379,7.326987346668));
#10836 = CARTESIAN_POINT('',(4.47769931686,7.338374949251));
#10837 = CARTESIAN_POINT('',(4.549253966824,7.3497668682));
#10838 = CARTESIAN_POINT('',(4.678666237547,7.370369208425));
#10839 = CARTESIAN_POINT('',(4.73654006132,7.379581639524));
#10840 = CARTESIAN_POINT('',(4.794411907016,7.38879030046));
#10841 = CARTESIAN_POINT('',(4.85228157065,7.397996236336));
#10842 = CARTESIAN_POINT('',(4.910151560891,7.407202561545));
#10843 = CARTESIAN_POINT('',(4.968024084961,7.41641212446));
#10844 = CARTESIAN_POINT('',(5.025898034536,7.425625172121));
#10845 = CARTESIAN_POINT('',(5.146891538753,7.444885805864));
#10846 = CARTESIAN_POINT('',(5.210023483286,7.454936640098));
#10847 = CARTESIAN_POINT('',(5.273152825909,7.464987279884));
#10848 = CARTESIAN_POINT('',(5.336279003344,7.475036754069));
#10849 = CARTESIAN_POINT('',(5.399405488397,7.485085082583));
#10850 = CARTESIAN_POINT('',(5.462535172694,7.49513268956));
#10851 = CARTESIAN_POINT('',(5.5256655121,7.505179505092));
#10852 = CARTESIAN_POINT('',(5.675568120816,7.529034209011));
#10853 = CARTESIAN_POINT('',(5.762390906977,7.542849627658));
#10854 = CARTESIAN_POINT('',(5.849196358039,7.556662081491));
#10855 = CARTESIAN_POINT('',(5.935986461706,7.570473115532));
#10856 = CARTESIAN_POINT('',(6.022775366272,7.584285532489));
#10857 = CARTESIAN_POINT('',(6.10957777557,7.598101248007));
#10858 = CARTESIAN_POINT('',(6.196398060617,7.611920395547));
#10859 = CARTESIAN_POINT('',(6.28318530718,7.625734386124));
#10860 = ( GEOMETRIC_REPRESENTATION_CONTEXT(2) 
PARAMETRIC_REPRESENTATION_CONTEXT() REPRESENTATION_CONTEXT('2D SPACE',''
  ) );
#10861 = ORIENTED_EDGE('',*,*,#10862,.F.);
#10862 = EDGE_CURVE('',#10863,#10612,#10865,.T.);
#10863 = VERTEX_POINT('',#10864);
#10864 = CARTESIAN_POINT('',(30.458734122635,-7.460238249873E-15,
    5.625734345301));
#10865 = SURFACE_CURVE('',#10866,(#10946,#11029),.PCURVE_S1.);
#10866 = B_SPLINE_CURVE_WITH_KNOTS('',8,(#10867,#10868,#10869,#10870,
    #10871,#10872,#10873,#10874,#10875,#10876,#10877,#10878,#10879,
    #10880,#10881,#10882,#10883,#10884,#10885,#10886,#10887,#10888,
    #10889,#10890,#10891,#10892,#10893,#10894,#10895,#10896,#10897,
    #10898,#10899,#10900,#10901,#10902,#10903,#10904,#10905,#10906,
    #10907,#10908,#10909,#10910,#10911,#10912,#10913,#10914,#10915,
    #10916,#10917,#10918,#10919,#10920,#10921,#10922,#10923,#10924,
    #10925,#10926,#10927,#10928,#10929,#10930,#10931,#10932,#10933,
    #10934,#10935,#10936,#10937,#10938,#10939,#10940,#10941,#10942,
    #10943,#10944,#10945),.UNSPECIFIED.,.F.,.F.,(9,7,7,7,7,7,7,7,7,7,7,9
    ),(0.,0.140648131718,0.215015403856,0.248411931888,0.309762864827,
    0.401904879794,0.497293636019,0.597387144372,0.698939056596,
    0.803148457764,0.911752072939,1.),.UNSPECIFIED.);
#10867 = CARTESIAN_POINT('',(30.458734122635,5.329070518201E-14,
    5.625734345301));
#10868 = CARTESIAN_POINT('',(30.458734122635,3.364365758825,
    5.643312259794));
#10869 = CARTESIAN_POINT('',(30.034028250279,6.732034464497,
    5.660907577528));
#10870 = CARTESIAN_POINT('',(29.183173502354,10.035007875382,
    5.678493159087));
#10871 = CARTESIAN_POINT('',(27.919533705575,13.211364555087,
    5.696074931588));
#10872 = CARTESIAN_POINT('',(26.264690384562,16.202796940142,
    5.713660682677));
#10873 = CARTESIAN_POINT('',(24.249920036166,18.955455616922,
    5.731253365894));
#10874 = CARTESIAN_POINT('',(21.914844490944,21.419414323291,
    5.748853245274));
#10875 = CARTESIAN_POINT('',(17.938061028644,24.680446674898,
    5.77572344576));
#10876 = CARTESIAN_POINT('',(16.487186191839,25.716660297194,
    5.78501717167));
#10877 = CARTESIAN_POINT('',(14.968180143075,26.655157606538,
    5.794309972963));
#10878 = CARTESIAN_POINT('',(13.388773493005,27.490761440587,
    5.803601981429));
#10879 = CARTESIAN_POINT('',(11.757084073689,28.219055948399,
    5.812894173942));
#10880 = CARTESIAN_POINT('',(10.081600072623,28.836358032895,
    5.82218771816));
#10881 = CARTESIAN_POINT('',(8.371194208319,29.339760039335,
    5.831483018103));
#10882 = CARTESIAN_POINT('',(5.855562346017,29.901253146133,
    5.844952815699));
#10883 = CARTESIAN_POINT('',(5.070756699985,30.051896661926,
    5.849127352633));
#10884 = CARTESIAN_POINT('',(4.281536514653,30.178992867941,
    5.853302263804));
#10885 = CARTESIAN_POINT('',(3.488706788928,30.282394093661,
    5.857477592222));
#10886 = CARTESIAN_POINT('',(2.69309301531,30.361986367283,
    5.861653230536));
#10887 = CARTESIAN_POINT('',(1.895541179893,30.417689415718,
    5.865828921031));
#10888 = CARTESIAN_POINT('',(1.096917762365,30.449456664595,
    5.87000425563));
#10889 = CARTESIAN_POINT('',(-1.169336748559,30.471638311794,
    5.881847274786));
#10890 = CARTESIAN_POINT('',(-2.637576914926,30.405205003403,
    5.889513016163));
#10891 = CARTESIAN_POINT('',(-4.101393157236,30.2579178369,
    5.897178010722));
#10892 = CARTESIAN_POINT('',(-5.555616134059,30.030120216683,
    5.904843698191));
#10893 = CARTESIAN_POINT('',(-6.995124768393,29.722556427735,
    5.912510847331));
#10894 = CARTESIAN_POINT('',(-8.414846247665,29.336371635615,
    5.920179555934));
#10895 = CARTESIAN_POINT('',(-9.809756023731,28.873111886468,
    5.927849250827));
#10896 = CARTESIAN_POINT('',(-13.2251330625,27.526127848473,
    5.947037296448));
#10897 = CARTESIAN_POINT('',(-15.20900864396,26.54779172858,
    5.958559931508));
#10898 = CARTESIAN_POINT('',(-17.10942028467,25.40629730394,
    5.970081653582));
#10899 = CARTESIAN_POINT('',(-18.9107503601,24.110170676018,
    5.981600792535));
#10900 = CARTESIAN_POINT('',(-20.59863908504,22.669515249663,
    5.993117803038));
#10901 = CARTESIAN_POINT('',(-22.15990596333,21.095883773051,
    6.004634114015));
#10902 = CARTESIAN_POINT('',(-23.58262855545,19.402356783819,
    6.016150523785));
#10903 = CARTESIAN_POINT('',(-26.17506584899,15.741857758663,
    6.039584577843));
#10904 = CARTESIAN_POINT('',(-27.33468277288,13.766530743796,
    6.051507329414));
#10905 = CARTESIAN_POINT('',(-28.32333089479,11.694334487341,
    6.063429048202));
#10906 = CARTESIAN_POINT('',(-29.13179392444,9.542724549486,
    6.075350187557));
#10907 = CARTESIAN_POINT('',(-29.75299005409,7.329843854823,
    6.087272032037));
#10908 = CARTESIAN_POINT('',(-30.18195235176,5.074487568022,
    6.099195600457));
#10909 = CARTESIAN_POINT('',(-30.41582200318,2.796075916243,
    6.111120890585));
#10910 = CARTESIAN_POINT('',(-30.49484720593,-1.87902752705,
    6.135555416524));
#10911 = CARTESIAN_POINT('',(-30.32028210385,-4.277218092531,
    6.14807075187));
#10912 = CARTESIAN_POINT('',(-29.93005543846,-6.656175646312,
    6.16058413007));
#10913 = CARTESIAN_POINT('',(-29.32692563837,-8.993257555414,
    6.173095207418));
#10914 = CARTESIAN_POINT('',(-28.51621910935,-11.26661567818,
    6.185605367884));
#10915 = CARTESIAN_POINT('',(-27.50580863015,-13.45522386307,
    6.198116453443));
#10916 = CARTESIAN_POINT('',(-26.30607191071,-15.53889716575,
    6.210629193122));
#10917 = CARTESIAN_POINT('',(-23.5350744794,-19.48679741513,
    6.235831580897));
#10918 = CARTESIAN_POINT('',(-21.95805609608,-21.34823812372,
    6.248526595015));
#10919 = CARTESIAN_POINT('',(-20.21345256301,-23.06279468481,
    6.261219779453));
#10920 = CARTESIAN_POINT('',(-18.31743653486,-24.61317480999,
    6.27391188086));
#10921 = CARTESIAN_POINT('',(-16.28790261923,-25.98426521513,
    6.286604567088));
#10922 = CARTESIAN_POINT('',(-14.14446908362,-27.16319273905,
    6.299299096509));
#10923 = CARTESIAN_POINT('',(-11.90846136728,-28.13934570467,
    6.311995247008));
#10924 = CARTESIAN_POINT('',(-7.238041475917,-29.6910390983,
    6.337710513633));
#10925 = CARTESIAN_POINT('',(-4.798372203146,-30.25595786407,
    6.350738171539));
#10926 = CARTESIAN_POINT('',(-2.3096227401,-30.59125855289,6.36376329541
    ));
#10927 = CARTESIAN_POINT('',(0.202896276133,-30.69242496197,
    6.376786251077));
#10928 = CARTESIAN_POINT('',(2.713857746453,-30.55805005064,
    6.389809228922));
#10929 = CARTESIAN_POINT('',(5.19795699198,-30.18987629812,
    6.402834663755));
#10930 = CARTESIAN_POINT('',(7.629950237571,-29.59275264864,
    6.41586314952));
#10931 = CARTESIAN_POINT('',(12.438830088472,-27.92414087131,
    6.442462530213));
#10932 = CARTESIAN_POINT('',(14.810900586778,-26.83307622221,
    6.456043256978));
#10933 = CARTESIAN_POINT('',(17.072192760332,-25.51208641796,
    6.469622324641));
#10934 = CARTESIAN_POINT('',(19.196934081813,-23.97477674169,
    6.483199400204));
#10935 = CARTESIAN_POINT('',(21.161603533042,-22.23762182895,
    6.49677534656));
#10936 = CARTESIAN_POINT('',(22.945020002256,-20.31998305958,
    6.510350801947));
#10937 = CARTESIAN_POINT('',(24.528325750214,-18.24399464237,
    6.523926515855));
#10938 = CARTESIAN_POINT('',(27.007121851887,-14.24096533018,
    6.548522800662));
#10939 = CARTESIAN_POINT('',(27.976544753821,-12.35790775719,
    6.559551677673));
#10940 = CARTESIAN_POINT('',(28.795478644702,-10.40004493163,
    6.570579683538));
#10941 = CARTESIAN_POINT('',(29.457312596064,-8.381622232573,
    6.581607280454));
#10942 = CARTESIAN_POINT('',(29.95712217329,-6.317273217616,
    6.592636798477));
#10943 = CARTESIAN_POINT('',(30.291526403266,-4.221964754052,
    6.603670125845));
#10944 = CARTESIAN_POINT('',(30.458734122635,-2.110994796533,
    6.614705942987));
#10945 = CARTESIAN_POINT('',(30.458734122635,5.684341886081E-14,
    6.625736448172));
#10946 = PCURVE('',#6147,#10947);
#10947 = DEFINITIONAL_REPRESENTATION('',(#10948),#11028);
#10948 = B_SPLINE_CURVE_WITH_KNOTS('',8,(#10949,#10950,#10951,#10952,
    #10953,#10954,#10955,#10956,#10957,#10958,#10959,#10960,#10961,
    #10962,#10963,#10964,#10965,#10966,#10967,#10968,#10969,#10970,
    #10971,#10972,#10973,#10974,#10975,#10976,#10977,#10978,#10979,
    #10980,#10981,#10982,#10983,#10984,#10985,#10986,#10987,#10988,
    #10989,#10990,#10991,#10992,#10993,#10994,#10995,#10996,#10997,
    #10998,#10999,#11000,#11001,#11002,#11003,#11004,#11005,#11006,
    #11007,#11008,#11009,#11010,#11011,#11012,#11013,#11014,#11015,
    #11016,#11017,#11018,#11019,#11020,#11021,#11022,#11023,#11024,
    #11025,#11026,#11027),.UNSPECIFIED.,.F.,.F.,(9,7,7,7,7,7,7,7,7,7,7,9
    ),(0.,0.140648131718,0.215015403856,0.248411931888,0.309762864827,
    0.401904879794,0.497293636019,0.597387144372,0.698939056596,
    0.803148457764,0.911752072939,1.),.UNSPECIFIED.);
#10949 = CARTESIAN_POINT('',(0.162779369583,50.898120923049));
#10950 = CARTESIAN_POINT('',(0.162774823637,51.009967510948));
#10951 = CARTESIAN_POINT('',(0.1627707124,51.121923748489));
#10952 = CARTESIAN_POINT('',(0.162769736516,51.23381029278));
#10953 = CARTESIAN_POINT('',(0.16277465705,51.345658029677));
#10954 = CARTESIAN_POINT('',(0.162787942981,51.457510404094));
#10955 = CARTESIAN_POINT('',(0.162800073682,51.569409737724));
#10956 = CARTESIAN_POINT('',(0.162803402434,51.681376609516));
#10957 = CARTESIAN_POINT('',(0.162796546341,51.852348894176));
#10958 = CARTESIAN_POINT('',(0.162791974235,51.911489342563));
#10959 = CARTESIAN_POINT('',(0.162785369232,51.970628932653));
#10960 = CARTESIAN_POINT('',(0.162777381711,52.029766895503));
#10961 = CARTESIAN_POINT('',(0.162769619829,52.08890547164));
#10962 = CARTESIAN_POINT('',(0.16276433452,52.148046526749));
#10963 = CARTESIAN_POINT('',(0.162763314209,52.207188211192));
#10964 = CARTESIAN_POINT('',(0.162767190503,52.292877054403));
#10965 = CARTESIAN_POINT('',(0.162769102236,52.319431840269));
#10966 = CARTESIAN_POINT('',(0.162771741417,52.34598720923));
#10967 = CARTESIAN_POINT('',(0.16277495603,52.372543810636));
#10968 = CARTESIAN_POINT('',(0.162778425047,52.39910175491));
#10969 = CARTESIAN_POINT('',(0.162781658429,52.425660613552));
#10970 = CARTESIAN_POINT('',(0.162783997125,52.452219419132));
#10971 = CARTESIAN_POINT('',(0.162785744599,52.527563528026));
#10972 = CARTESIAN_POINT('',(0.162780043988,52.576349096317));
#10973 = CARTESIAN_POINT('',(0.162772222436,52.625135155119));
#10974 = CARTESIAN_POINT('',(0.162765615953,52.673922619323));
#10975 = CARTESIAN_POINT('',(0.16276218536,52.722711533759));
#10976 = CARTESIAN_POINT('',(0.162762516294,52.771501073201));
#10977 = CARTESIAN_POINT('',(0.1627658192,52.820289542363));
#10978 = CARTESIAN_POINT('',(0.162776102293,52.942343561006));
#10979 = CARTESIAN_POINT('',(0.162785583801,53.015630186455));
#10980 = CARTESIAN_POINT('',(0.162795423917,53.088910116936));
#10981 = CARTESIAN_POINT('',(0.162801842276,53.16218206989));
#10982 = CARTESIAN_POINT('',(0.162803587567,53.235452030695));
#10983 = CARTESIAN_POINT('',(0.162801589098,53.308726793739));
#10984 = CARTESIAN_POINT('',(0.162797308658,53.382007825294));
#10985 = CARTESIAN_POINT('',(0.162786913178,53.531127183035));
#10986 = CARTESIAN_POINT('',(0.162780734372,53.606998160722));
#10987 = CARTESIAN_POINT('',(0.162775255067,53.682860838731));
#10988 = CARTESIAN_POINT('',(0.162772004565,53.758714321683));
#10989 = CARTESIAN_POINT('',(0.16277145282,53.834565620777));
#10990 = CARTESIAN_POINT('',(0.162772968968,53.910422777178));
#10991 = CARTESIAN_POINT('',(0.162775651887,53.986288003832));
#10992 = CARTESIAN_POINT('',(0.162781857394,54.141731599135));
#10993 = CARTESIAN_POINT('',(0.162785416668,54.221348683972));
#10994 = CARTESIAN_POINT('',(0.16278841545,54.300954702198));
#10995 = CARTESIAN_POINT('',(0.162790015755,54.380549538174));
#10996 = CARTESIAN_POINT('',(0.162790069509,54.460142363037));
#10997 = CARTESIAN_POINT('',(0.162789193142,54.539743372411));
#10998 = CARTESIAN_POINT('',(0.162788057592,54.619355546315));
#10999 = CARTESIAN_POINT('',(0.162786187398,54.779704441525));
#11000 = CARTESIAN_POINT('',(0.162785458287,54.860475289215));
#11001 = CARTESIAN_POINT('',(0.162785425165,54.941232775838));
#11002 = CARTESIAN_POINT('',(0.162786348445,55.021981008147));
#11003 = CARTESIAN_POINT('',(0.162787907092,55.102731390924));
#11004 = CARTESIAN_POINT('',(0.16278921902,55.183494110353));
#11005 = CARTESIAN_POINT('',(0.162789633201,55.26426936232));
#11006 = CARTESIAN_POINT('',(0.162788253654,55.427880116107));
#11007 = CARTESIAN_POINT('',(0.162786401502,55.51077010739));
#11008 = CARTESIAN_POINT('',(0.162783183107,55.593647353182));
#11009 = CARTESIAN_POINT('',(0.162778893644,55.676513451465));
#11010 = CARTESIAN_POINT('',(0.16277464518,55.759379589514));
#11011 = CARTESIAN_POINT('',(0.162772167843,55.842256982185));
#11012 = CARTESIAN_POINT('',(0.162772308876,55.925147314316));
#11013 = CARTESIAN_POINT('',(0.162777456463,56.094366904215));
#11014 = CARTESIAN_POINT('',(0.162782669146,56.180758205278));
#11015 = CARTESIAN_POINT('',(0.162790205136,56.267133208579));
#11016 = CARTESIAN_POINT('',(0.162798484092,56.353493701351));
#11017 = CARTESIAN_POINT('',(0.162804399415,56.439852851595));
#11018 = CARTESIAN_POINT('',(0.162804026486,56.526224419752));
#11019 = CARTESIAN_POINT('',(0.162797815021,56.612612062791));
#11020 = CARTESIAN_POINT('',(0.162781951506,56.769139355115));
#11021 = CARTESIAN_POINT('',(0.162773138599,56.839329776105));
#11022 = CARTESIAN_POINT('',(0.162764509337,56.909514200754));
#11023 = CARTESIAN_POINT('',(0.162758781896,56.979688851631));
#11024 = CARTESIAN_POINT('',(0.162760128598,57.049858241154));
#11025 = CARTESIAN_POINT('',(0.16277059981,57.120029315261));
#11026 = CARTESIAN_POINT('',(0.162784733159,57.190207178893));
#11027 = CARTESIAN_POINT('',(0.162784730449,57.260386184108));
#11028 = ( GEOMETRIC_REPRESENTATION_CONTEXT(2) 
PARAMETRIC_REPRESENTATION_CONTEXT() REPRESENTATION_CONTEXT('2D SPACE',''
  ) );
#11029 = PCURVE('',#9717,#11030);
#11030 = DEFINITIONAL_REPRESENTATION('',(#11031),#11111);
#11031 = B_SPLINE_CURVE_WITH_KNOTS('',8,(#11032,#11033,#11034,#11035,
    #11036,#11037,#11038,#11039,#11040,#11041,#11042,#11043,#11044,
    #11045,#11046,#11047,#11048,#11049,#11050,#11051,#11052,#11053,
    #11054,#11055,#11056,#11057,#11058,#11059,#11060,#11061,#11062,
    #11063,#11064,#11065,#11066,#11067,#11068,#11069,#11070,#11071,
    #11072,#11073,#11074,#11075,#11076,#11077,#11078,#11079,#11080,
    #11081,#11082,#11083,#11084,#11085,#11086,#11087,#11088,#11089,
    #11090,#11091,#11092,#11093,#11094,#11095,#11096,#11097,#11098,
    #11099,#11100,#11101,#11102,#11103,#11104,#11105,#11106,#11107,
    #11108,#11109,#11110),.UNSPECIFIED.,.F.,.F.,(9,7,7,7,7,7,7,7,7,7,7,9
    ),(0.,0.140648131718,0.215015403856,0.248411931888,0.309762864827,
    0.401904879794,0.497293636019,0.597387144372,0.698939056596,
    0.803148457764,0.911752072939,1.),.UNSPECIFIED.);
#11032 = CARTESIAN_POINT('',(0.,5.625734345301));
#11033 = CARTESIAN_POINT('',(0.110456519476,5.643312259794));
#11034 = CARTESIAN_POINT('',(0.22102125815,5.660907577528));
#11035 = CARTESIAN_POINT('',(0.331517051515,5.678493159087));
#11036 = CARTESIAN_POINT('',(0.441974395268,5.696074931588));
#11037 = CARTESIAN_POINT('',(0.552436330622,5.713660682677));
#11038 = CARTESIAN_POINT('',(0.66294481521,5.731253365894));
#11039 = CARTESIAN_POINT('',(0.773520049587,5.748853245274));
#11040 = CARTESIAN_POINT('',(0.942367270597,5.77572344576));
#11041 = CARTESIAN_POINT('',(1.000772635454,5.78501717167));
#11042 = CARTESIAN_POINT('',(1.059177134752,5.794309972963));
#11043 = CARTESIAN_POINT('',(1.117579989891,5.803601981429));
#11044 = CARTESIAN_POINT('',(1.175983414284,5.812894173942));
#11045 = CARTESIAN_POINT('',(1.234389280081,5.82218771816));
#11046 = CARTESIAN_POINT('',(1.292795806009,5.831483018103));
#11047 = CARTESIAN_POINT('',(1.377419590459,5.844952815699));
#11048 = CARTESIAN_POINT('',(1.40364432744,5.849127352633));
#11049 = CARTESIAN_POINT('',(1.429869656907,5.853302263804));
#11050 = CARTESIAN_POINT('',(1.456096220781,5.857477592222));
#11051 = CARTESIAN_POINT('',(1.482324123271,5.861653230536));
#11052 = CARTESIAN_POINT('',(1.508552930867,5.865828921031));
#11053 = CARTESIAN_POINT('',(1.534781672346,5.87000425563));
#11054 = CARTESIAN_POINT('',(1.609189330063,5.881847274786));
#11055 = CARTESIAN_POINT('',(1.65736861871,5.889513016163));
#11056 = CARTESIAN_POINT('',(1.705548401379,5.897178010722));
#11057 = CARTESIAN_POINT('',(1.753729537637,5.904843698191));
#11058 = CARTESIAN_POINT('',(1.801912049943,5.912510847331));
#11059 = CARTESIAN_POINT('',(1.850095123649,5.920179555934));
#11060 = CARTESIAN_POINT('',(1.898277107001,5.927849250827));
#11061 = CARTESIAN_POINT('',(2.018813909331,5.947037296448));
#11062 = CARTESIAN_POINT('',(2.091189527825,5.958559931508));
#11063 = CARTESIAN_POINT('',(2.163558586477,5.970081653582));
#11064 = CARTESIAN_POINT('',(2.235919829267,5.981600792535));
#11065 = CARTESIAN_POINT('',(2.308279127805,5.993117803038));
#11066 = CARTESIAN_POINT('',(2.380643148966,6.004634114015));
#11067 = CARTESIAN_POINT('',(2.453013333154,6.016150523785));
#11068 = CARTESIAN_POINT('',(2.60027915592,6.039584577843));
#11069 = CARTESIAN_POINT('',(2.675207038612,6.051507329414));
#11070 = CARTESIAN_POINT('',(2.750126699934,6.063429048202));
#11071 = CARTESIAN_POINT('',(2.825037277697,6.075350187557));
#11072 = CARTESIAN_POINT('',(2.899945731433,6.087272032037));
#11073 = CARTESIAN_POINT('',(2.974860020249,6.099195600457));
#11074 = CARTESIAN_POINT('',(3.049782327399,6.111120890585));
#11075 = CARTESIAN_POINT('',(3.203294002394,6.135555416524));
#11076 = CARTESIAN_POINT('',(3.281921608651,6.14807075187));
#11077 = CARTESIAN_POINT('',(3.360538305812,6.16058413007));
#11078 = CARTESIAN_POINT('',(3.439143947559,6.173095207418));
#11079 = CARTESIAN_POINT('',(3.517747552471,6.185605367884));
#11080 = CARTESIAN_POINT('',(3.596359171288,6.198116453443));
#11081 = CARTESIAN_POINT('',(3.674981752735,6.210629193122));
#11082 = CARTESIAN_POINT('',(3.833337397012,6.235831580897));
#11083 = CARTESIAN_POINT('',(3.91310416073,6.248526595015));
#11084 = CARTESIAN_POINT('',(3.99285770512,6.261219779453));
#11085 = CARTESIAN_POINT('',(4.072602120915,6.27391188086));
#11086 = CARTESIAN_POINT('',(4.152348711769,6.286604567088));
#11087 = CARTESIAN_POINT('',(4.232107557232,6.299299096509));
#11088 = CARTESIAN_POINT('',(4.311878844562,6.311995247008));
#11089 = CARTESIAN_POINT('',(4.473456152799,6.337710513633));
#11090 = CARTESIAN_POINT('',(4.555315988332,6.350738171539));
#11091 = CARTESIAN_POINT('',(4.637163261994,6.36376329541));
#11092 = CARTESIAN_POINT('',(4.718999514561,6.376786251077));
#11093 = CARTESIAN_POINT('',(4.800835751283,6.389809228922));
#11094 = CARTESIAN_POINT('',(4.882683033823,6.402834663755));
#11095 = CARTESIAN_POINT('',(4.964543044283,6.41586314952));
#11096 = CARTESIAN_POINT('',(5.131659195926,6.442462530213));
#11097 = CARTESIAN_POINT('',(5.21697660703,6.456043256978));
#11098 = CARTESIAN_POINT('',(5.302277927638,6.469622324641));
#11099 = CARTESIAN_POINT('',(5.387564960756,6.483199400204));
#11100 = CARTESIAN_POINT('',(5.472850745001,6.49677534656));
#11101 = CARTESIAN_POINT('',(5.558148819849,6.510350801947));
#11102 = CARTESIAN_POINT('',(5.643462726245,6.523926515855));
#11103 = CARTESIAN_POINT('',(5.798044400393,6.548522800662));
#11104 = CARTESIAN_POINT('',(5.867362327112,6.559551677673));
#11105 = CARTESIAN_POINT('',(5.936674289054,6.570579683538));
#11106 = CARTESIAN_POINT('',(6.00597658239,6.581607280454));
#11107 = CARTESIAN_POINT('',(6.075273716759,6.592636798477));
#11108 = CARTESIAN_POINT('',(6.144572682591,6.603670125845));
#11109 = CARTESIAN_POINT('',(6.213878592461,6.614705942987));
#11110 = CARTESIAN_POINT('',(6.28318530718,6.625736448172));
#11111 = ( GEOMETRIC_REPRESENTATION_CONTEXT(2) 
PARAMETRIC_REPRESENTATION_CONTEXT() REPRESENTATION_CONTEXT('2D SPACE',''
  ) );
#11112 = ORIENTED_EDGE('',*,*,#11113,.F.);
#11113 = EDGE_CURVE('',#11114,#10863,#11116,.T.);
#11114 = VERTEX_POINT('',#11115);
#11115 = CARTESIAN_POINT('',(30.458734122635,-7.460238249873E-15,
    4.625734386124));
#11116 = SURFACE_CURVE('',#11117,(#11197,#11280),.PCURVE_S1.);
#11117 = B_SPLINE_CURVE_WITH_KNOTS('',8,(#11118,#11119,#11120,#11121,
    #11122,#11123,#11124,#11125,#11126,#11127,#11128,#11129,#11130,
    #11131,#11132,#11133,#11134,#11135,#11136,#11137,#11138,#11139,
    #11140,#11141,#11142,#11143,#11144,#11145,#11146,#11147,#11148,
    #11149,#11150,#11151,#11152,#11153,#11154,#11155,#11156,#11157,
    #11158,#11159,#11160,#11161,#11162,#11163,#11164,#11165,#11166,
    #11167,#11168,#11169,#11170,#11171,#11172,#11173,#11174,#11175,
    #11176,#11177,#11178,#11179,#11180,#11181,#11182,#11183,#11184,
    #11185,#11186,#11187,#11188,#11189,#11190,#11191,#11192,#11193,
    #11194,#11195,#11196),.UNSPECIFIED.,.F.,.F.,(9,7,7,7,7,7,7,7,7,7,7,9
    ),(0.,9.662306888056E-02,0.187123895673,0.292269767368,
    0.384255543433,0.470995587227,0.524093471672,0.574303879017,
    0.653648192387,0.740682853404,0.866112547621,1.),.UNSPECIFIED.);
#11118 = CARTESIAN_POINT('',(30.458734122635,-7.105427357601E-15,
    4.625734386124));
#11119 = CARTESIAN_POINT('',(30.458734122635,2.310617159438,
    4.637809170655));
#11120 = CARTESIAN_POINT('',(30.258408647367,4.621881087727,
    4.649887411953));
#11121 = CARTESIAN_POINT('',(29.857561864456,6.912610257487,
    4.661963998412));
#11122 = CARTESIAN_POINT('',(29.258900935768,9.162481217796,
    4.674038554477));
#11123 = CARTESIAN_POINT('',(28.467374218346,11.351884043666,
    4.68611224125));
#11124 = CARTESIAN_POINT('',(27.490137232866,13.461941495781,
    4.698186625312));
#11125 = CARTESIAN_POINT('',(26.336526794069,15.474527286046,
    4.710262324018));
#11126 = CARTESIAN_POINT('',(23.784208341307,19.15019339604,
    4.733644276583));
#11127 = CARTESIAN_POINT('',(22.405310955159,20.827842661011,
    4.744954009799));
#11128 = CARTESIAN_POINT('',(20.891648059104,22.391327573023,
    4.756262585726));
#11129 = CARTESIAN_POINT('',(19.254359846791,23.828171609444,
    4.767570426392));
#11130 = CARTESIAN_POINT('',(17.505759431183,25.127305135948,
    4.778878617777));
#11131 = CARTESIAN_POINT('',(15.659256171272,26.27898876324,
    4.790188065322));
#11132 = CARTESIAN_POINT('',(13.729426575216,27.274917019222,
    4.80149867287));
#11133 = CARTESIAN_POINT('',(9.411810758577,29.077045885795,
    4.825945784846));
#11134 = CARTESIAN_POINT('',(6.999289961467,29.826950952222,
    4.839088157114));
#11135 = CARTESIAN_POINT('',(4.519759862803,30.347481563857,
    4.852227894073));
#11136 = CARTESIAN_POINT('',(1.998759025797,30.632113311611,
    4.865365394488));
#11137 = CARTESIAN_POINT('',(-0.537900149509,30.677511199982,
    4.878502803855));
#11138 = CARTESIAN_POINT('',(-3.064170893071,30.483589928467,
    4.891642579282));
#11139 = CARTESIAN_POINT('',(-5.553814598197,30.053487849796,
    4.904785361499));
#11140 = CARTESIAN_POINT('',(-10.10333447403,28.818327674359,
    4.929418908437));
#11141 = CARTESIAN_POINT('',(-12.17922559157,28.066604100821,
    4.940917190186));
#11142 = CARTESIAN_POINT('',(-14.19050555103,27.14411351488,
    4.952415603737));
#11143 = CARTESIAN_POINT('',(-16.1208096989,26.057556809656,
    4.963913838796));
#11144 = CARTESIAN_POINT('',(-17.95479292787,24.815295584909,
    4.975412298227));
#11145 = CARTESIAN_POINT('',(-19.67813495156,23.427321489786,
    4.986911109888));
#11146 = CARTESIAN_POINT('',(-21.27755397846,21.905250233426,
    4.998409709656));
#11147 = CARTESIAN_POINT('',(-24.12114109286,18.713860576908,
    5.020743903053));
#11148 = CARTESIAN_POINT('',(-25.3809464999,17.057237714746,
    5.031584430807));
#11149 = CARTESIAN_POINT('',(-26.51029787792,15.304115488409,
    5.042423485378));
#11150 = CARTESIAN_POINT('',(-27.50066531621,13.466609463123,
    5.053260896768));
#11151 = CARTESIAN_POINT('',(-28.34493590284,11.557543713985,
    5.064098399521));
#11152 = CARTESIAN_POINT('',(-29.03733409703,9.590393767088,
    5.074938293431));
#11153 = CARTESIAN_POINT('',(-29.57351211386,7.579316068382,
    5.085781357016));
#11154 = CARTESIAN_POINT('',(-30.18177327406,4.290446879227,
    5.103261341938));
#11155 = CARTESIAN_POINT('',(-30.35323569259,3.030477880446,
    5.109900685972));
#11156 = CARTESIAN_POINT('',(-30.46457571721,1.76280113162,
    5.116539947015));
#11157 = CARTESIAN_POINT('',(-30.51539738389,0.490827225453,
    5.123177818318));
#11158 = CARTESIAN_POINT('',(-30.50553062445,-0.782066800345,
    5.129813785242));
#11159 = CARTESIAN_POINT('',(-30.43503126649,-2.052537463057,
    5.13644812526));
#11160 = CARTESIAN_POINT('',(-30.30418103343,-3.317274834964,
    5.143081907955));
#11161 = CARTESIAN_POINT('',(-29.93316401826,-5.760443444447,
    5.15599126428));
#11162 = CARTESIAN_POINT('',(-29.69929863726,-6.939840077061,
    5.162266410799));
#11163 = CARTESIAN_POINT('',(-29.41235569705,-8.108276112066,
    5.168542159032));
#11164 = CARTESIAN_POINT('',(-29.07295633041,-9.262923717823,
    5.174818332282));
#11165 = CARTESIAN_POINT('',(-28.68187850735,-10.40104356017,
    5.181094852694));
#11166 = CARTESIAN_POINT('',(-28.24005703507,-11.51998480241,
    5.187371741258));
#11167 = CARTESIAN_POINT('',(-27.74858355801,-12.61718510535,
    5.193649117811));
#11168 = CARTESIAN_POINT('',(-26.35557327035,-15.38574140614,
    5.209848056659));
#11169 = CARTESIAN_POINT('',(-25.38153131388,-17.02085004491,
    5.219770779125));
#11170 = CARTESIAN_POINT('',(-24.29175352685,-18.58503994618,
    5.229692407317));
#11171 = CARTESIAN_POINT('',(-23.09239618272,-20.06874575963,
    5.239612001379));
#11172 = CARTESIAN_POINT('',(-21.79044366231,-21.46317541829,
    5.249529951771));
#11173 = CARTESIAN_POINT('',(-20.39363707615,-22.76026187473,
    5.259447217223));
#11174 = CARTESIAN_POINT('',(-18.91048683712,-23.95268453707,
    5.269364491608));
#11175 = CARTESIAN_POINT('',(-15.63903909047,-26.2200375747,
    5.290159281957));
#11176 = CARTESIAN_POINT('',(-13.83474905792,-27.2726194973,
    5.301038878767));
#11177 = CARTESIAN_POINT('',(-11.95005533764,-28.1828905792,
    5.311918023086));
#11178 = CARTESIAN_POINT('',(-9.998157520058,-28.94381224559,
    5.322796833915));
#11179 = CARTESIAN_POINT('',(-7.992785314249,-29.54985664819,
    5.333676344835));
#11180 = CARTESIAN_POINT('',(-5.948147625133,-29.99691745906,
    5.344557368456));
#11181 = CARTESIAN_POINT('',(-3.878943927386,-30.28239775045,
    5.355439496799));
#11182 = CARTESIAN_POINT('',(1.194993629345,-30.58284724761,
    5.382000978796));
#11183 = CARTESIAN_POINT('',(4.212626147936,-30.42309563715,
    5.397693838778));
#11184 = CARTESIAN_POINT('',(7.204823212179,-29.92252257814,
    5.413380472108));
#11185 = CARTESIAN_POINT('',(10.126856039649,-29.08672053523,
    5.429061404876));
#11186 = CARTESIAN_POINT('',(12.936013969147,-27.92709879333,
    5.444740675725));
#11187 = CARTESIAN_POINT('',(15.591835211228,-26.46132270915,
    5.460423442801));
#11188 = CARTESIAN_POINT('',(18.056022527224,-24.71274162314,
    5.476112276577));
#11189 = CARTESIAN_POINT('',(22.682430259578,-20.57917097222,
    5.508529674802));
#11190 = CARTESIAN_POINT('',(24.816711942942,-18.1559772835,
    5.525282392854));
#11191 = CARTESIAN_POINT('',(26.652233280942,-15.4818423662,
    5.542027408729));
#11192 = CARTESIAN_POINT('',(28.156144138047,-12.60065681361,
    5.558767091386));
#11193 = CARTESIAN_POINT('',(29.302598550696,-9.559556762897,
    5.575505667582));
#11194 = CARTESIAN_POINT('',(30.073720629069,-6.409221084188,
    5.592248065632));
#11195 = CARTESIAN_POINT('',(30.458734122635,-3.203298678916,
    5.608997963376));
#11196 = CARTESIAN_POINT('',(30.458734122635,5.329070518201E-14,
    5.625734345301));
#11197 = PCURVE('',#6147,#11198);
#11198 = DEFINITIONAL_REPRESENTATION('',(#11199),#11279);
#11199 = B_SPLINE_CURVE_WITH_KNOTS('',8,(#11200,#11201,#11202,#11203,
    #11204,#11205,#11206,#11207,#11208,#11209,#11210,#11211,#11212,
    #11213,#11214,#11215,#11216,#11217,#11218,#11219,#11220,#11221,
    #11222,#11223,#11224,#11225,#11226,#11227,#11228,#11229,#11230,
    #11231,#11232,#11233,#11234,#11235,#11236,#11237,#11238,#11239,
    #11240,#11241,#11242,#11243,#11244,#11245,#11246,#11247,#11248,
    #11249,#11250,#11251,#11252,#11253,#11254,#11255,#11256,#11257,
    #11258,#11259,#11260,#11261,#11262,#11263,#11264,#11265,#11266,
    #11267,#11268,#11269,#11270,#11271,#11272,#11273,#11274,#11275,
    #11276,#11277,#11278),.UNSPECIFIED.,.F.,.F.,(9,7,7,7,7,7,7,7,7,7,7,9
    ),(0.,9.662306888056E-02,0.187123895673,0.292269767368,
    0.384255543433,0.470995587227,0.524093471672,0.574303879017,
    0.653648192387,0.740682853404,0.866112547621,1.),.UNSPECIFIED.);
#11200 = CARTESIAN_POINT('',(0.162779369887,44.535856050461));
#11201 = CARTESIAN_POINT('',(0.162782491933,44.612671314831));
#11202 = CARTESIAN_POINT('',(0.162785829266,44.689508039979));
#11203 = CARTESIAN_POINT('',(0.16278855198,44.766335755648));
#11204 = CARTESIAN_POINT('',(0.162789970684,44.843153776312));
#11205 = CARTESIAN_POINT('',(0.162789998188,44.919969704704));
#11206 = CARTESIAN_POINT('',(0.162789174241,44.99679217381));
#11207 = CARTESIAN_POINT('',(0.162788095776,45.073623636086));
#11208 = CARTESIAN_POINT('',(0.162786340142,45.2223901567));
#11209 = CARTESIAN_POINT('',(0.162785642564,45.294347402071));
#11210 = CARTESIAN_POINT('',(0.162785438408,45.366296064952));
#11211 = CARTESIAN_POINT('',(0.16278595824,45.438238260556));
#11212 = CARTESIAN_POINT('',(0.162787051815,45.510181269505));
#11213 = CARTESIAN_POINT('',(0.162788260821,45.582131985185));
#11214 = CARTESIAN_POINT('',(0.162789072561,45.654091062965));
#11215 = CARTESIAN_POINT('',(0.162789333484,45.809629426182));
#11216 = CARTESIAN_POINT('',(0.162788539663,45.89324664496));
#11217 = CARTESIAN_POINT('',(0.16278633905,45.976850574126));
#11218 = CARTESIAN_POINT('',(0.162782619641,46.060444027557));
#11219 = CARTESIAN_POINT('',(0.162778055943,46.144038988398));
#11220 = CARTESIAN_POINT('',(0.162774325325,46.227646943763));
#11221 = CARTESIAN_POINT('',(0.162772689713,46.311268851255));
#11222 = CARTESIAN_POINT('',(0.162774118697,46.467990476232));
#11223 = CARTESIAN_POINT('',(0.162776620711,46.541139409481));
#11224 = CARTESIAN_POINT('',(0.162781166278,46.614284130581));
#11225 = CARTESIAN_POINT('',(0.162787390095,46.687423568237));
#11226 = CARTESIAN_POINT('',(0.162794117113,46.760563189725));
#11227 = CARTESIAN_POINT('',(0.162799289362,46.833708894854));
#11228 = CARTESIAN_POINT('',(0.162801369854,46.906860893224));
#11229 = CARTESIAN_POINT('',(0.162798918231,47.048963012374));
#11230 = CARTESIAN_POINT('',(0.162794729286,47.117943677207));
#11231 = CARTESIAN_POINT('',(0.16278745822,47.186922586809));
#11232 = CARTESIAN_POINT('',(0.162777635728,47.255897347974));
#11233 = CARTESIAN_POINT('',(0.162767795617,47.324872733964));
#11234 = CARTESIAN_POINT('',(0.162761919752,47.39385353538));
#11235 = CARTESIAN_POINT('',(0.162762938547,47.462837462768));
#11236 = CARTESIAN_POINT('',(0.162771561029,47.574028450634));
#11237 = CARTESIAN_POINT('',(0.162778324607,47.616253001299));
#11238 = CARTESIAN_POINT('',(0.162784495987,47.658478487592));
#11239 = CARTESIAN_POINT('',(0.16278753037,47.700702885166));
#11240 = CARTESIAN_POINT('',(0.162786419898,47.742925410708));
#11241 = CARTESIAN_POINT('',(0.162781693647,47.78514652194));
#11242 = CARTESIAN_POINT('',(0.16277541763,47.82736791762));
#11243 = CARTESIAN_POINT('',(0.162767201603,47.909520971381));
#11244 = CARTESIAN_POINT('',(0.16276447301,47.949451861068));
#11245 = CARTESIAN_POINT('',(0.162763391361,47.989382508554));
#11246 = CARTESIAN_POINT('',(0.162764098929,48.029311438004));
#11247 = CARTESIAN_POINT('',(0.162766497919,48.069238395797));
#11248 = CARTESIAN_POINT('',(0.162770250466,48.109164350524));
#11249 = CARTESIAN_POINT('',(0.162774778633,48.149091492989));
#11250 = CARTESIAN_POINT('',(0.162786353011,48.252124830387));
#11251 = CARTESIAN_POINT('',(0.162793809009,48.315237393837));
#11252 = CARTESIAN_POINT('',(0.162799662546,48.378346955746));
#11253 = CARTESIAN_POINT('',(0.162802654842,48.441450647626));
#11254 = CARTESIAN_POINT('',(0.162802520356,48.504551609965));
#11255 = CARTESIAN_POINT('',(0.1627999101,48.567654333473));
#11256 = CARTESIAN_POINT('',(0.162795956106,48.630760434903));
#11257 = CARTESIAN_POINT('',(0.162786563847,48.76308561769));
#11258 = CARTESIAN_POINT('',(0.162781034006,48.832318164279));
#11259 = CARTESIAN_POINT('',(0.162776131087,48.901546282538));
#11260 = CARTESIAN_POINT('',(0.162772905425,48.970768133661));
#11261 = CARTESIAN_POINT('',(0.16277180076,49.039989196852));
#11262 = CARTESIAN_POINT('',(0.162772568228,49.109215257214));
#11263 = CARTESIAN_POINT('',(0.162774507729,49.178445449394));
#11264 = CARTESIAN_POINT('',(0.162780681188,49.347421382266));
#11265 = CARTESIAN_POINT('',(0.162785529643,49.447251535055));
#11266 = CARTESIAN_POINT('',(0.162789713299,49.547043715297));
#11267 = CARTESIAN_POINT('',(0.162791174001,49.646806356912));
#11268 = CARTESIAN_POINT('',(0.162789893849,49.746565199056));
#11269 = CARTESIAN_POINT('',(0.162787958629,49.84634790414));
#11270 = CARTESIAN_POINT('',(0.162786570101,49.946167856013));
#11271 = CARTESIAN_POINT('',(0.162785582432,50.152418379447));
#11272 = CARTESIAN_POINT('',(0.162786111026,50.259002306934));
#11273 = CARTESIAN_POINT('',(0.162788065335,50.365533707431));
#11274 = CARTESIAN_POINT('',(0.162790790226,50.472029272069));
#11275 = CARTESIAN_POINT('',(0.162791408796,50.578523002936));
#11276 = CARTESIAN_POINT('',(0.162788437684,50.68504992146));
#11277 = CARTESIAN_POINT('',(0.162783697895,50.791628926357));
#11278 = CARTESIAN_POINT('',(0.162779369583,50.898120923049));
#11279 = ( GEOMETRIC_REPRESENTATION_CONTEXT(2) 
PARAMETRIC_REPRESENTATION_CONTEXT() REPRESENTATION_CONTEXT('2D SPACE',''
  ) );
#11280 = PCURVE('',#9475,#11281);
#11281 = DEFINITIONAL_REPRESENTATION('',(#11282),#11362);
#11282 = B_SPLINE_CURVE_WITH_KNOTS('',8,(#11283,#11284,#11285,#11286,
    #11287,#11288,#11289,#11290,#11291,#11292,#11293,#11294,#11295,
    #11296,#11297,#11298,#11299,#11300,#11301,#11302,#11303,#11304,
    #11305,#11306,#11307,#11308,#11309,#11310,#11311,#11312,#11313,
    #11314,#11315,#11316,#11317,#11318,#11319,#11320,#11321,#11322,
    #11323,#11324,#11325,#11326,#11327,#11328,#11329,#11330,#11331,
    #11332,#11333,#11334,#11335,#11336,#11337,#11338,#11339,#11340,
    #11341,#11342,#11343,#11344,#11345,#11346,#11347,#11348,#11349,
    #11350,#11351,#11352,#11353,#11354,#11355,#11356,#11357,#11358,
    #11359,#11360,#11361),.UNSPECIFIED.,.F.,.F.,(9,7,7,7,7,7,7,7,7,7,7,9
    ),(0.,9.662306888056E-02,0.187123895673,0.292269767368,
    0.384255543433,0.470995587227,0.524093471672,0.574303879017,
    0.653648192387,0.740682853404,0.866112547621,1.),.UNSPECIFIED.);
#11283 = CARTESIAN_POINT('',(0.,4.625734386124));
#11284 = CARTESIAN_POINT('',(7.586057746638E-02,4.637809170655));
#11285 = CARTESIAN_POINT('',(0.151742380764,4.649887411953));
#11286 = CARTESIAN_POINT('',(0.227615301235,4.661963998412));
#11287 = CARTESIAN_POINT('',(0.303478632618,4.674038554477));
#11288 = CARTESIAN_POINT('',(0.379339849974,4.68611224125));
#11289 = CARTESIAN_POINT('',(0.455207463419,4.698186625312));
#11290 = CARTESIAN_POINT('',(0.531083899729,4.710262324018));
#11291 = CARTESIAN_POINT('',(0.678001151195,4.733644276583));
#11292 = CARTESIAN_POINT('',(0.749063882685,4.744954009799));
#11293 = CARTESIAN_POINT('',(0.820118115996,4.756262585726));
#11294 = CARTESIAN_POINT('',(0.891165963822,4.767570426392));
#11295 = CARTESIAN_POINT('',(0.962214643644,4.778878617777));
#11296 = CARTESIAN_POINT('',(1.033270982566,4.790188065322));
#11297 = CARTESIAN_POINT('',(1.1043356314,4.80149867287));
#11298 = CARTESIAN_POINT('',(1.257940796968,4.825945784846));
#11299 = CARTESIAN_POINT('',(1.340518791063,4.839088157114));
#11300 = CARTESIAN_POINT('',(1.423083708661,4.852227894073));
#11301 = CARTESIAN_POINT('',(1.505638296396,4.865365394488));
#11302 = CARTESIAN_POINT('',(1.588194339981,4.878502803855));
#11303 = CARTESIAN_POINT('',(1.670763152711,4.891642579282));
#11304 = CARTESIAN_POINT('',(1.753345684194,4.904785361499));
#11305 = CARTESIAN_POINT('',(1.908119267957,4.929418908437));
#11306 = CARTESIAN_POINT('',(1.980358933577,4.940917190186));
#11307 = CARTESIAN_POINT('',(2.052594422714,4.952415603737));
#11308 = CARTESIAN_POINT('',(2.124824700692,4.963913838796));
#11309 = CARTESIAN_POINT('',(2.19705519387,4.975412298227));
#11310 = CARTESIAN_POINT('',(2.269291736487,4.986911109888));
#11311 = CARTESIAN_POINT('',(2.341534514883,4.998409709656));
#11312 = CARTESIAN_POINT('',(2.481870413979,5.020743903053));
#11313 = CARTESIAN_POINT('',(2.549993696627,5.031584430807));
#11314 = CARTESIAN_POINT('',(2.618115232992,5.042423485378));
#11315 = CARTESIAN_POINT('',(2.686232615671,5.053260896768));
#11316 = CARTESIAN_POINT('',(2.754350554222,5.064098399521));
#11317 = CARTESIAN_POINT('',(2.82247383586,5.074938293431));
#11318 = CARTESIAN_POINT('',(2.890600282035,5.085781357016));
#11319 = CARTESIAN_POINT('',(3.000409304023,5.103261341938));
#11320 = CARTESIAN_POINT('',(3.042109083422,5.109900685972));
#11321 = CARTESIAN_POINT('',(3.083809801365,5.116539947015));
#11322 = CARTESIAN_POINT('',(3.125509448661,5.123177818318));
#11323 = CARTESIAN_POINT('',(3.167207244638,5.129813785242));
#11324 = CARTESIAN_POINT('',(3.208903637144,5.13644812526));
#11325 = CARTESIAN_POINT('',(3.250600302547,5.143081907955));
#11326 = CARTESIAN_POINT('',(3.331732340338,5.15599126428));
#11327 = CARTESIAN_POINT('',(3.371166925084,5.162266410799));
#11328 = CARTESIAN_POINT('',(3.410601241853,5.168542159032));
#11329 = CARTESIAN_POINT('',(3.450033840215,5.174818332282));
#11330 = CARTESIAN_POINT('',(3.489464477422,5.181094852694));
#11331 = CARTESIAN_POINT('',(3.528894118411,5.187371741258));
#11332 = CARTESIAN_POINT('',(3.568324935802,5.193649117811));
#11333 = CARTESIAN_POINT('',(3.670077523523,5.209848056659));
#11334 = CARTESIAN_POINT('',(3.732405593417,5.219770779125));
#11335 = CARTESIAN_POINT('',(3.794730738231,5.229692407317));
#11336 = CARTESIAN_POINT('',(3.857050111348,5.239612001379));
#11337 = CARTESIAN_POINT('',(3.919366791397,5.249529951771));
#11338 = CARTESIAN_POINT('',(3.98168519499,5.259447217223));
#11339 = CARTESIAN_POINT('',(4.044006911705,5.269364491608));
#11340 = CARTESIAN_POINT('',(4.17468730321,5.290159281957));
#11341 = CARTESIAN_POINT('',(4.243059272052,5.301038878767));
#11342 = CARTESIAN_POINT('',(4.311426846908,5.311918023086));
#11343 = CARTESIAN_POINT('',(4.379788231341,5.322796833915));
#11344 = CARTESIAN_POINT('',(4.448148858936,5.333676344835));
#11345 = CARTESIAN_POINT('',(4.516514458566,5.344557368456));
#11346 = CARTESIAN_POINT('',(4.584884179397,5.355439496799));
#11347 = CARTESIAN_POINT('',(4.751759966184,5.382000978796));
#11348 = CARTESIAN_POINT('',(4.850349430235,5.397693838778));
#11349 = CARTESIAN_POINT('',(4.948901438073,5.413380472108));
#11350 = CARTESIAN_POINT('',(5.047424254264,5.429061404876));
#11351 = CARTESIAN_POINT('',(5.145943204968,5.444740675725));
#11352 = CARTESIAN_POINT('',(5.244485596071,5.460423442801));
#11353 = CARTESIAN_POINT('',(5.343064689761,5.476112276577));
#11354 = CARTESIAN_POINT('',(5.546751269176,5.508529674802));
#11355 = CARTESIAN_POINT('',(5.652010200984,5.525282392854));
#11356 = CARTESIAN_POINT('',(5.75721729922,5.542027408729));
#11357 = CARTESIAN_POINT('',(5.862389132403,5.558767091386));
#11358 = CARTESIAN_POINT('',(5.967559323851,5.575505667582));
#11359 = CARTESIAN_POINT('',(6.072762365266,5.592248065632));
#11360 = CARTESIAN_POINT('',(6.178016830183,5.608997963376));
#11361 = CARTESIAN_POINT('',(6.28318530718,5.625734345301));
#11362 = ( GEOMETRIC_REPRESENTATION_CONTEXT(2) 
PARAMETRIC_REPRESENTATION_CONTEXT() REPRESENTATION_CONTEXT('2D SPACE',''
  ) );
#11363 = ORIENTED_EDGE('',*,*,#11364,.F.);
#11364 = EDGE_CURVE('',#11365,#11114,#11367,.T.);
#11365 = VERTEX_POINT('',#11366);
#11366 = CARTESIAN_POINT('',(30.458734122635,-7.460238249873E-15,
    3.625736448172));
#11367 = SURFACE_CURVE('',#11368,(#11441,#11517),.PCURVE_S1.);
#11368 = B_SPLINE_CURVE_WITH_KNOTS('',8,(#11369,#11370,#11371,#11372,
    #11373,#11374,#11375,#11376,#11377,#11378,#11379,#11380,#11381,
    #11382,#11383,#11384,#11385,#11386,#11387,#11388,#11389,#11390,
    #11391,#11392,#11393,#11394,#11395,#11396,#11397,#11398,#11399,
    #11400,#11401,#11402,#11403,#11404,#11405,#11406,#11407,#11408,
    #11409,#11410,#11411,#11412,#11413,#11414,#11415,#11416,#11417,
    #11418,#11419,#11420,#11421,#11422,#11423,#11424,#11425,#11426,
    #11427,#11428,#11429,#11430,#11431,#11432,#11433,#11434,#11435,
    #11436,#11437,#11438,#11439,#11440),.UNSPECIFIED.,.F.,.F.,(9,7,7,7,7
    ,7,7,7,7,7,9),(0.,0.106119730099,0.228720657091,0.335804450093,
    0.443374278622,0.567451802154,0.650773014775,0.707774073702,
    0.758264039435,0.871884124264,1.),.UNSPECIFIED.);
#11369 = CARTESIAN_POINT('',(30.458734122635,6.394884621841E-14,
    3.625736448172));
#11370 = CARTESIAN_POINT('',(30.458734122635,2.538130101769,
    3.638998848105));
#11371 = CARTESIAN_POINT('',(30.217016677417,5.077225754497,
    3.652258290719));
#11372 = CARTESIAN_POINT('',(29.733260750583,7.589046907462,
    3.665519658467));
#11373 = CARTESIAN_POINT('',(29.011458593997,10.046707949862,
    3.678785383885));
#11374 = CARTESIAN_POINT('',(28.058767631615,12.424397456161,
    3.692053437598));
#11375 = CARTESIAN_POINT('',(26.8855337575,14.697428586908,
    3.705323423586));
#11376 = CARTESIAN_POINT('',(25.505212251569,16.842257511312,
    3.718594367431));
#11377 = CARTESIAN_POINT('',(22.121822890846,21.141408308197,
    3.747184528186));
#11378 = CARTESIAN_POINT('',(20.053583324675,23.247691529075,
    3.762516510031));
#11379 = CARTESIAN_POINT('',(17.757475862675,25.120686196483,
    3.777840724396));
#11380 = CARTESIAN_POINT('',(15.264822844714,26.732503025627,
    3.793160083376));
#11381 = CARTESIAN_POINT('',(12.609852026479,28.060095985188,
    3.808480784694));
#11382 = CARTESIAN_POINT('',(9.829806405141,29.085677072345,
    3.823806946919));
#11383 = CARTESIAN_POINT('',(6.964673905748,29.796428072832,
    3.839139492656));
#11384 = CARTESIAN_POINT('',(1.519887919317,30.528425019895,
    3.867847665206));
#11385 = CARTESIAN_POINT('',(-1.05227963307,30.625859974544,
    3.881237363646));
#11386 = CARTESIAN_POINT('',(-3.629462048333,30.475295558188,
    3.894624823642));
#11387 = CARTESIAN_POINT('',(-6.183769038871,30.077165843764,
    3.908009875641));
#11388 = CARTESIAN_POINT('',(-8.687959060322,29.435283980559,
    3.921394186414));
#11389 = CARTESIAN_POINT('',(-11.11549591646,28.556894907417,
    3.934779926766));
#11390 = CARTESIAN_POINT('',(-13.4405801477,27.4526043133,3.948167781579
    ));
#11391 = CARTESIAN_POINT('',(-17.84639201866,24.816539980643,
    3.97499455967));
#11392 = CARTESIAN_POINT('',(-19.92753747703,23.281906481564,
    3.988443021147));
#11393 = CARTESIAN_POINT('',(-21.85656656129,21.548476438696,
    4.001889142397));
#11394 = CARTESIAN_POINT('',(-23.61166172206,19.634228266143,
    4.015333599143));
#11395 = CARTESIAN_POINT('',(-25.17366372078,17.559413445716,
    4.028778471605));
#11396 = CARTESIAN_POINT('',(-26.52615514938,15.34656379772,
    4.042225472835));
#11397 = CARTESIAN_POINT('',(-27.65543817075,13.020410620144,
    4.055674709503));
#11398 = CARTESIAN_POINT('',(-29.58521847264,7.826677011407,
    4.084625861918));
#11399 = CARTESIAN_POINT('',(-30.30979352393,4.927754243965,
    4.100142959117));
#11400 = CARTESIAN_POINT('',(-30.70856859167,1.954587787979,
    4.11565437435));
#11401 = CARTESIAN_POINT('',(-30.77386034561,-1.049912003411,
    4.131161313993));
#11402 = CARTESIAN_POINT('',(-30.50394744978,-4.042983580735,
    4.146668474421));
#11403 = CARTESIAN_POINT('',(-29.90348286753,-6.982099226577,
    4.162181029681));
#11404 = CARTESIAN_POINT('',(-28.9829493174,-9.825050552616,
    4.177700837242));
#11405 = CARTESIAN_POINT('',(-26.94210729133,-14.34675899897,
    4.203626630033));
#11406 = CARTESIAN_POINT('',(-25.98625448291,-16.10226063653,
    4.214044002474));
#11407 = CARTESIAN_POINT('',(-24.89988970614,-17.78446796035,
    4.224461160117));
#11408 = CARTESIAN_POINT('',(-23.68968216439,-19.38210719086,
    4.234877497565));
#11409 = CARTESIAN_POINT('',(-22.36335443974,-20.88473303295,
    4.245293143982));
#11410 = CARTESIAN_POINT('',(-20.92962297334,-22.28269823774,
    4.255708255836));
#11411 = CARTESIAN_POINT('',(-19.39825019497,-23.56721685341,
    4.266122316126));
#11412 = CARTESIAN_POINT('',(-16.67328608602,-25.52635184894,
    4.283655817104));
#11413 = CARTESIAN_POINT('',(-15.52557917204,-26.26560394592,
    4.290778011587));
#11414 = CARTESIAN_POINT('',(-14.34053954936,-26.94580099522,
    4.297900061396));
#11415 = CARTESIAN_POINT('',(-13.12174003666,-27.56474161576,
    4.305022065242));
#11416 = CARTESIAN_POINT('',(-11.87287428182,-28.1204995061,
    4.312144182682));
#11417 = CARTESIAN_POINT('',(-10.59775676193,-28.61142344448,
    4.319266634118));
#11418 = CARTESIAN_POINT('',(-9.300322783326,-29.03613728884,
    4.326389700797));
#11419 = CARTESIAN_POINT('',(-6.819222759878,-29.71011741945,
    4.339823988778));
#11420 = CARTESIAN_POINT('',(-5.639540496736,-29.97388150118,
    4.3461347099));
#11421 = CARTESIAN_POINT('',(-4.448321862722,-30.18407594845,
    4.352446078495));
#11422 = CARTESIAN_POINT('',(-3.248362067825,-30.34012502212,
    4.358758017033));
#11423 = CARTESIAN_POINT('',(-2.042511361382,-30.44163351739,
    4.365070180131));
#11424 = CARTESIAN_POINT('',(-0.833675032087,-30.48838676383,
    4.371381954556));
#11425 = CARTESIAN_POINT('',(0.375186592014,-30.48035062537,
    4.377692459223));
#11426 = CARTESIAN_POINT('',(4.294690961185,-30.27662154304,
    4.398195945273));
#11427 = CARTESIAN_POINT('',(6.995224276296,-29.85883101218,
    4.412394357063));
#11428 = CARTESIAN_POINT('',(9.647828721312,-29.16565280692,
    4.42659638165));
#11429 = CARTESIAN_POINT('',(12.219876279431,-28.20411281526,
    4.440801526887));
#11430 = CARTESIAN_POINT('',(14.680412651463,-26.98520431609,
    4.455006876541));
#11431 = CARTESIAN_POINT('',(17.000263116776,-25.52399837129,
    4.469213156818));
#11432 = CARTESIAN_POINT('',(19.15202204653,-23.83944221844,
    4.483420533075));
#11433 = CARTESIAN_POINT('',(23.31963165442,-19.83225074302,
    4.513630513274));
#11434 = CARTESIAN_POINT('',(25.285841897768,-17.45300942361,
    4.529650613251));
#11435 = CARTESIAN_POINT('',(26.972316899268,-14.85277700328,
    4.545662698186));
#11436 = CARTESIAN_POINT('',(28.351274408507,-12.07062019013,
    4.561670902851));
#11437 = CARTESIAN_POINT('',(29.400993411759,-9.148317945783,
    4.577681413387));
#11438 = CARTESIAN_POINT('',(30.106442722679,-6.130475534088,
    4.593698000693));
#11439 = CARTESIAN_POINT('',(30.458734122635,-3.064154326953,
    4.609721779658));
#11440 = CARTESIAN_POINT('',(30.458734122635,-7.105427357601E-15,
    4.625734386124));
#11441 = PCURVE('',#6147,#11442);
#11442 = DEFINITIONAL_REPRESENTATION('',(#11443),#11516);
#11443 = B_SPLINE_CURVE_WITH_KNOTS('',8,(#11444,#11445,#11446,#11447,
    #11448,#11449,#11450,#11451,#11452,#11453,#11454,#11455,#11456,
    #11457,#11458,#11459,#11460,#11461,#11462,#11463,#11464,#11465,
    #11466,#11467,#11468,#11469,#11470,#11471,#11472,#11473,#11474,
    #11475,#11476,#11477,#11478,#11479,#11480,#11481,#11482,#11483,
    #11484,#11485,#11486,#11487,#11488,#11489,#11490,#11491,#11492,
    #11493,#11494,#11495,#11496,#11497,#11498,#11499,#11500,#11501,
    #11502,#11503,#11504,#11505,#11506,#11507,#11508,#11509,#11510,
    #11511,#11512,#11513,#11514,#11515),.UNSPECIFIED.,.F.,.F.,(9,7,7,7,7
    ,7,7,7,7,7,9),(0.,0.106119730099,0.228720657091,0.335804450093,
    0.443374278622,0.567451802154,0.650773014775,0.707774073702,
    0.758264039435,0.871884124264,1.),.UNSPECIFIED.);
#11444 = CARTESIAN_POINT('',(0.162784730451,38.173590789406));
#11445 = CARTESIAN_POINT('',(0.162784727193,38.257969702107));
#11446 = CARTESIAN_POINT('',(0.162764321979,38.342380223575));
#11447 = CARTESIAN_POINT('',(0.162754233219,38.426777495858));
#11448 = CARTESIAN_POINT('',(0.162760349595,38.511162441328));
#11449 = CARTESIAN_POINT('',(0.162772645109,38.595546928124));
#11450 = CARTESIAN_POINT('',(0.162785009084,38.679943539357));
#11451 = CARTESIAN_POINT('',(0.162793676507,38.764355380868));
#11452 = CARTESIAN_POINT('',(0.162802975678,38.946230580579));
#11453 = CARTESIAN_POINT('',(0.162802144291,39.043778768864));
#11454 = CARTESIAN_POINT('',(0.16279430102,39.141294868451));
#11455 = CARTESIAN_POINT('',(0.162783197326,39.238788135027));
#11456 = CARTESIAN_POINT('',(0.162775327761,39.336281948661));
#11457 = CARTESIAN_POINT('',(0.162771906697,39.433799511443));
#11458 = CARTESIAN_POINT('',(0.162772225344,39.531348445018));
#11459 = CARTESIAN_POINT('',(0.162776805169,39.713986131058));
#11460 = CARTESIAN_POINT('',(0.162780567175,39.799165644664));
#11461 = CARTESIAN_POINT('',(0.162784912733,39.884329474427));
#11462 = CARTESIAN_POINT('',(0.162788358327,39.96948020816));
#11463 = CARTESIAN_POINT('',(0.162789912048,40.054630901834));
#11464 = CARTESIAN_POINT('',(0.162789899251,40.139794562567));
#11465 = CARTESIAN_POINT('',(0.162789046421,40.224973752226));
#11466 = CARTESIAN_POINT('',(0.162786997218,40.395657891726));
#11467 = CARTESIAN_POINT('',(0.162785798308,40.481223532397));
#11468 = CARTESIAN_POINT('',(0.162785101693,40.56677304248));
#11469 = CARTESIAN_POINT('',(0.16278551461,40.652309220311));
#11470 = CARTESIAN_POINT('',(0.162787009447,40.737845369045));
#11471 = CARTESIAN_POINT('',(0.162788610708,40.823394798533));
#11472 = CARTESIAN_POINT('',(0.162789452778,40.908960326836));
#11473 = CARTESIAN_POINT('',(0.162788824312,41.093156787634));
#11474 = CARTESIAN_POINT('',(0.162786978206,41.191885236789));
#11475 = CARTESIAN_POINT('',(0.162783052289,41.290582676078));
#11476 = CARTESIAN_POINT('',(0.162777333298,41.389256072114));
#11477 = CARTESIAN_POINT('',(0.162771946059,41.487930052912));
#11478 = CARTESIAN_POINT('',(0.162770453174,41.58662873205));
#11479 = CARTESIAN_POINT('',(0.162773302482,41.685362820399));
#11480 = CARTESIAN_POINT('',(0.162782488483,41.850286884416));
#11481 = CARTESIAN_POINT('',(0.16278735665,41.916552938053));
#11482 = CARTESIAN_POINT('',(0.162792959276,41.982815809847));
#11483 = CARTESIAN_POINT('',(0.162798228417,42.049074287558));
#11484 = CARTESIAN_POINT('',(0.162801829566,42.115332491238));
#11485 = CARTESIAN_POINT('',(0.16280260679,42.181594273301));
#11486 = CARTESIAN_POINT('',(0.162800114927,42.247857444669));
#11487 = CARTESIAN_POINT('',(0.162791903031,42.35943052251));
#11488 = CARTESIAN_POINT('',(0.162787281645,42.40475523401));
#11489 = CARTESIAN_POINT('',(0.162781911343,42.450080876028));
#11490 = CARTESIAN_POINT('',(0.162776361532,42.495406669282));
#11491 = CARTESIAN_POINT('',(0.162771234354,42.540732140701));
#11492 = CARTESIAN_POINT('',(0.162767164687,42.586057123419));
#11493 = CARTESIAN_POINT('',(0.162764820145,42.631381756778));
#11494 = CARTESIAN_POINT('',(0.162764972763,42.716853881567));
#11495 = CARTESIAN_POINT('',(0.162767363596,42.756998453505));
#11496 = CARTESIAN_POINT('',(0.16277146328,42.79714292137));
#11497 = CARTESIAN_POINT('',(0.162776458364,42.837288802353));
#11498 = CARTESIAN_POINT('',(0.162781332242,42.877436411609));
#11499 = CARTESIAN_POINT('',(0.162784865153,42.917584862259));
#11500 = CARTESIAN_POINT('',(0.162785634182,42.957732065384));
#11501 = CARTESIAN_POINT('',(0.162773864915,43.088209767833));
#11502 = CARTESIAN_POINT('',(0.162756277801,43.178587295139));
#11503 = CARTESIAN_POINT('',(0.162755939155,43.26894517794));
#11504 = CARTESIAN_POINT('',(0.162770428509,43.359286267319));
#11505 = CARTESIAN_POINT('',(0.16278548705,43.449627250502));
#11506 = CARTESIAN_POINT('',(0.162796155065,43.539985005855));
#11507 = CARTESIAN_POINT('',(0.162800669905,43.630364941873));
#11508 = CARTESIAN_POINT('',(0.162800039106,43.822570404558));
#11509 = CARTESIAN_POINT('',(0.162793573247,43.924510508595));
#11510 = CARTESIAN_POINT('',(0.162782631018,44.026410682285));
#11511 = CARTESIAN_POINT('',(0.162773204194,44.128282423313));
#11512 = CARTESIAN_POINT('',(0.162770051455,44.230153328315));
#11513 = CARTESIAN_POINT('',(0.162771456704,44.332051630147));
#11514 = CARTESIAN_POINT('',(0.162775229682,44.433989835311));
#11515 = CARTESIAN_POINT('',(0.162779369887,44.535856050461));
#11516 = ( GEOMETRIC_REPRESENTATION_CONTEXT(2) 
PARAMETRIC_REPRESENTATION_CONTEXT() REPRESENTATION_CONTEXT('2D SPACE',''
  ) );
#11517 = PCURVE('',#9254,#11518);
#11518 = DEFINITIONAL_REPRESENTATION('',(#11519),#11592);
#11519 = B_SPLINE_CURVE_WITH_KNOTS('',8,(#11520,#11521,#11522,#11523,
    #11524,#11525,#11526,#11527,#11528,#11529,#11530,#11531,#11532,
    #11533,#11534,#11535,#11536,#11537,#11538,#11539,#11540,#11541,
    #11542,#11543,#11544,#11545,#11546,#11547,#11548,#11549,#11550,
    #11551,#11552,#11553,#11554,#11555,#11556,#11557,#11558,#11559,
    #11560,#11561,#11562,#11563,#11564,#11565,#11566,#11567,#11568,
    #11569,#11570,#11571,#11572,#11573,#11574,#11575,#11576,#11577,
    #11578,#11579,#11580,#11581,#11582,#11583,#11584,#11585,#11586,
    #11587,#11588,#11589,#11590,#11591),.UNSPECIFIED.,.F.,.F.,(9,7,7,7,7
    ,7,7,7,7,7,9),(0.,0.106119730099,0.228720657091,0.335804450093,
    0.443374278622,0.567451802154,0.650773014775,0.707774073702,
    0.758264039435,0.871884124264,1.),.UNSPECIFIED.);
#11520 = CARTESIAN_POINT('',(0.,3.625736448172));
#11521 = CARTESIAN_POINT('',(8.333012434298E-02,3.638998848105));
#11522 = CARTESIAN_POINT('',(0.166691931546,3.652258290719));
#11523 = CARTESIAN_POINT('',(0.250040140563,3.665519658467));
#11524 = CARTESIAN_POINT('',(0.333376024247,3.678785383885));
#11525 = CARTESIAN_POINT('',(0.416711497005,3.692053437598));
#11526 = CARTESIAN_POINT('',(0.500059028484,3.705323423586));
#11527 = CARTESIAN_POINT('',(0.583421661911,3.718594367431));
#11528 = CARTESIAN_POINT('',(0.763036272838,3.747184528186));
#11529 = CARTESIAN_POINT('',(0.859372034102,3.762516510031));
#11530 = CARTESIAN_POINT('',(0.95567608434,3.777840724396));
#11531 = CARTESIAN_POINT('',(1.051957480274,3.793160083376));
#11532 = CARTESIAN_POINT('',(1.148239353514,3.808480784694));
#11533 = CARTESIAN_POINT('',(1.244544714465,3.823806946919));
#11534 = CARTESIAN_POINT('',(1.340881127231,3.839139492656));
#11535 = CARTESIAN_POINT('',(1.521248782929,3.867847665206));
#11536 = CARTESIAN_POINT('',(1.605369641991,3.881237363646));
#11537 = CARTESIAN_POINT('',(1.689475065324,3.894624823642));
#11538 = CARTESIAN_POINT('',(1.773567583459,3.908009875641));
#11539 = CARTESIAN_POINT('',(1.857660037815,3.921394186414));
#11540 = CARTESIAN_POINT('',(1.941765232928,3.934779926766));
#11541 = CARTESIAN_POINT('',(2.025885689314,3.948167781579));
#11542 = CARTESIAN_POINT('',(2.194448189197,3.97499455967));
#11543 = CARTESIAN_POINT('',(2.278950168559,3.988443021147));
#11544 = CARTESIAN_POINT('',(2.363436168372,4.001889142397));
#11545 = CARTESIAN_POINT('',(2.447908987823,4.015333599143));
#11546 = CARTESIAN_POINT('',(2.53238181825,4.028778471605));
#11547 = CARTESIAN_POINT('',(2.616867839218,4.042225472835));
#11548 = CARTESIAN_POINT('',(2.701369834962,4.055674709503));
#11549 = CARTESIAN_POINT('',(2.883276957609,4.084625861918));
#11550 = CARTESIAN_POINT('',(2.980778408056,4.100142959117));
#11551 = CARTESIAN_POINT('',(3.078249280271,4.11565437435));
#11552 = CARTESIAN_POINT('',(3.175696390527,4.131161313992));
#11553 = CARTESIAN_POINT('',(3.273143974035,4.146668474422));
#11554 = CARTESIAN_POINT('',(3.370615841513,4.162181029681));
#11555 = CARTESIAN_POINT('',(3.468122629197,4.177700837242));
#11556 = CARTESIAN_POINT('',(3.630996625317,4.203626630033));
#11557 = CARTESIAN_POINT('',(3.696438966919,4.214044002474));
#11558 = CARTESIAN_POINT('',(3.761878179503,4.224461160117));
#11559 = CARTESIAN_POINT('',(3.827313081477,4.234877497565));
#11560 = CARTESIAN_POINT('',(3.892747743913,4.245293143982));
#11561 = CARTESIAN_POINT('',(3.958185956319,4.255708255836));
#11562 = CARTESIAN_POINT('',(4.02362553226,4.266122316126));
#11563 = CARTESIAN_POINT('',(4.133811811423,4.283655817104));
#11564 = CARTESIAN_POINT('',(4.178573148471,4.290778011587));
#11565 = CARTESIAN_POINT('',(4.223335387759,4.297900061396));
#11566 = CARTESIAN_POINT('',(4.26809775865,4.305022065242));
#11567 = CARTESIAN_POINT('',(4.31285979807,4.312144182682));
#11568 = CARTESIAN_POINT('',(4.357621350511,4.319266634118));
#11569 = CARTESIAN_POINT('',(4.402382568028,4.326389700797));
#11570 = CARTESIAN_POINT('',(4.486792272522,4.339823988778));
#11571 = CARTESIAN_POINT('',(4.526437898704,4.3461347099));
#11572 = CARTESIAN_POINT('',(4.566083444409,4.352446078495));
#11573 = CARTESIAN_POINT('',(4.605730388251,4.358758017033));
#11574 = CARTESIAN_POINT('',(4.645379031841,4.365070180131));
#11575 = CARTESIAN_POINT('',(4.685028499784,4.371381954556));
#11576 = CARTESIAN_POINT('',(4.72467673968,4.377692459223));
#11577 = CARTESIAN_POINT('',(4.853532900453,4.398195945273));
#11578 = CARTESIAN_POINT('',(4.942787374813,4.412394357063));
#11579 = CARTESIAN_POINT('',(5.032021917473,4.42659638165));
#11580 = CARTESIAN_POINT('',(5.121239894083,4.440801526887));
#11581 = CARTESIAN_POINT('',(5.210457888315,4.455006876541));
#11582 = CARTESIAN_POINT('',(5.299692542903,4.469213156818));
#11583 = CARTESIAN_POINT('',(5.388949134025,4.483420533075));
#11584 = CARTESIAN_POINT('',(5.578765628818,4.513630513274));
#11585 = CARTESIAN_POINT('',(5.679438683057,4.529650613251));
#11586 = CARTESIAN_POINT('',(5.780072233965,4.545662698186));
#11587 = CARTESIAN_POINT('',(5.880677605377,4.561670902851));
#11588 = CARTESIAN_POINT('',(5.981282172246,4.577681413387));
#11589 = CARTESIAN_POINT('',(6.081913895273,4.593698000693));
#11590 = CARTESIAN_POINT('',(6.182585120888,4.609721779658));
#11591 = CARTESIAN_POINT('',(6.28318530718,4.625734386124));
#11592 = ( GEOMETRIC_REPRESENTATION_CONTEXT(2) 
PARAMETRIC_REPRESENTATION_CONTEXT() REPRESENTATION_CONTEXT('2D SPACE',''
  ) );
#11593 = ORIENTED_EDGE('',*,*,#11594,.F.);
#11594 = EDGE_CURVE('',#11595,#11365,#11597,.T.);
#11595 = VERTEX_POINT('',#11596);
#11596 = CARTESIAN_POINT('',(30.458734122635,-7.460238249873E-15,
    2.625734345301));
#11597 = SURFACE_CURVE('',#11598,(#11671,#11747),.PCURVE_S1.);
#11598 = B_SPLINE_CURVE_WITH_KNOTS('',8,(#11599,#11600,#11601,#11602,
    #11603,#11604,#11605,#11606,#11607,#11608,#11609,#11610,#11611,
    #11612,#11613,#11614,#11615,#11616,#11617,#11618,#11619,#11620,
    #11621,#11622,#11623,#11624,#11625,#11626,#11627,#11628,#11629,
    #11630,#11631,#11632,#11633,#11634,#11635,#11636,#11637,#11638,
    #11639,#11640,#11641,#11642,#11643,#11644,#11645,#11646,#11647,
    #11648,#11649,#11650,#11651,#11652,#11653,#11654,#11655,#11656,
    #11657,#11658,#11659,#11660,#11661,#11662,#11663,#11664,#11665,
    #11666,#11667,#11668,#11669,#11670),.UNSPECIFIED.,.F.,.F.,(9,7,7,7,7
    ,7,7,7,7,7,9),(0.,0.104801398425,0.214375750929,0.25488268073,
    0.398668782703,0.506342534568,0.592965234978,0.70722589545,
    0.81965092502,0.91312967139,1.),.UNSPECIFIED.);
#11599 = CARTESIAN_POINT('',(30.458734122635,2.13162820728E-14,
    2.625734345301));
#11600 = CARTESIAN_POINT('',(30.458734122635,2.506465083851,
    2.638829957396));
#11601 = CARTESIAN_POINT('',(30.22301027893,5.013796351875,
    2.651930195955));
#11602 = CARTESIAN_POINT('',(29.751278062018,7.494858666534,
    2.665028859669));
#11603 = CARTESIAN_POINT('',(29.047323795055,9.923770773653,
    2.678126643238));
#11604 = CARTESIAN_POINT('',(28.117954020423,12.275657403495,
    2.691225728119));
#11605 = CARTESIAN_POINT('',(26.973014720072,14.526694327444,
    2.704327620895));
#11606 = CARTESIAN_POINT('',(25.625321537632,16.65413424034,
    2.717431820394));
#11607 = CARTESIAN_POINT('',(22.488115764113,20.709593088637,
    2.744227208658));
#11608 = CARTESIAN_POINT('',(20.680188359374,22.625524088383,
    2.757927241503));
#11609 = CARTESIAN_POINT('',(18.68660339757,24.359761604153,
    2.771622672635));
#11610 = CARTESIAN_POINT('',(16.529006642295,25.891771333484,
    2.785313514525));
#11611 = CARTESIAN_POINT('',(14.231123279589,27.204105189118,
    2.79900200897));
#11612 = CARTESIAN_POINT('',(11.818766973794,28.28254075749,
    2.81269292735));
#11613 = CARTESIAN_POINT('',(9.319771252991,29.116039533841,
    2.82639027189));
#11614 = CARTESIAN_POINT('',(5.820076494872,29.913202652449,
    2.845147407687));
#11615 = CARTESIAN_POINT('',(4.867652071821,30.0940317341,2.850210618534
    ));
#11616 = CARTESIAN_POINT('',(3.90883439,30.24019588919,2.855274388362));
#11617 = CARTESIAN_POINT('',(2.945099639264,30.351432670658,
    2.860338519148));
#11618 = CARTESIAN_POINT('',(1.97793645688,30.427556910924,
    2.865402716797));
#11619 = CARTESIAN_POINT('',(1.008845927523,30.468460721894,
    2.87046659114));
#11620 = CARTESIAN_POINT('',(3.934158327876E-02,30.474113494956,
    2.875529655936));
#11621 = CARTESIAN_POINT('',(-4.366520120068,30.339663590363,2.898558581
    ));
#11622 = CARTESIAN_POINT('',(-7.794519406734,29.791072404976,
    2.916537843037));
#11623 = CARTESIAN_POINT('',(-11.13986350887,28.799195975801,
    2.934521300525));
#11624 = CARTESIAN_POINT('',(-14.33666766682,27.380801319624,
    2.952505848712));
#11625 = CARTESIAN_POINT('',(-17.32351735893,25.561409128018,
    2.970484241006));
#11626 = CARTESIAN_POINT('',(-20.04447431343,23.376989325022,
    2.988465441062));
#11627 = CARTESIAN_POINT('',(-22.4482468037,20.871957069047,
    3.006455652366));
#11628 = CARTESIAN_POINT('',(-26.0236609192,16.035470076409,
    3.037878283114));
#11629 = CARTESIAN_POINT('',(-27.3550658207,13.815818180703,
    3.051337566024));
#11630 = CARTESIAN_POINT('',(-28.46912337874,11.470992264671,
    3.064794601585));
#11631 = CARTESIAN_POINT('',(-29.35257768281,9.026065173379,
    3.078250743352));
#11632 = CARTESIAN_POINT('',(-29.99551730704,6.507184616311,
    3.091708279581));
#11633 = CARTESIAN_POINT('',(-30.39145468622,3.94154746551,
    3.105168797991));
#11634 = CARTESIAN_POINT('',(-30.53727075347,1.357333111455,
    3.118632212513));
#11635 = CARTESIAN_POINT('',(-30.3517316964,-3.286282154767,
    3.142918117573));
#11636 = CARTESIAN_POINT('',(-30.10805032742,-5.35058026246,
    3.153747903542));
#11637 = CARTESIAN_POINT('',(-29.70388831231,-7.393701696246,
    3.164576692753));
#11638 = CARTESIAN_POINT('',(-29.14155098087,-9.401016017677,
    3.175403942349));
#11639 = CARTESIAN_POINT('',(-28.42484712484,-11.35842668184,
    3.186230308526));
#11640 = CARTESIAN_POINT('',(-27.55896890058,-13.25234260924,
    3.197056795469));
#11641 = CARTESIAN_POINT('',(-26.55054722373,-15.06970217329,
    3.207883930663));
#11642 = CARTESIAN_POINT('',(-23.9005823481,-19.07789642756,
    3.232990545554));
#11643 = CARTESIAN_POINT('',(-22.15885230447,-21.20415666768,
    3.247277288933));
#11644 = CARTESIAN_POINT('',(-20.20184070735,-23.14707449629,
    3.261560855015));
#11645 = CARTESIAN_POINT('',(-18.05254773955,-24.88174865622,
    3.275842278527));
#11646 = CARTESIAN_POINT('',(-15.73660497427,-26.38676160887,
    3.290124109963));
#11647 = CARTESIAN_POINT('',(-13.28232532821,-27.64437063467,
    3.304408473008));
#11648 = CARTESIAN_POINT('',(-10.72055844152,-28.64041260524,
    3.318695699294));
#11649 = CARTESIAN_POINT('',(-5.493060849212,-30.07975781891,
    3.347026073559));
#11650 = CARTESIAN_POINT('',(-2.827265246054,-30.53234369677,
    3.361082430981));
#11651 = CARTESIAN_POINT('',(-0.120699189644,-30.71428877924,
    3.375135153252));
#11652 = CARTESIAN_POINT('',(2.59447586459,-30.62202973699,
    3.389184951462));
#11653 = CARTESIAN_POINT('',(5.286406410576,-30.25614731233,
    3.40323497131));
#11654 = CARTESIAN_POINT('',(7.923632691825,-29.62147470641,
    3.417288552033));
#11655 = CARTESIAN_POINT('',(10.475145509052,-28.72693428243,
    3.431346471004));
#11656 = CARTESIAN_POINT('',(14.935745267526,-26.63939057176,
    3.457084223693));
#11657 = CARTESIAN_POINT('',(16.881794047137,-25.52154705441,
    3.46877226951));
#11658 = CARTESIAN_POINT('',(18.731434284308,-24.24155128737,
    3.48045935412));
#11659 = CARTESIAN_POINT('',(20.468996113978,-22.80933684927,
    3.492144815917));
#11660 = CARTESIAN_POINT('',(22.080191226237,-21.2363750546,
    3.503828903731));
#11661 = CARTESIAN_POINT('',(23.552113536152,-19.53564059919,
    3.515512117182));
#11662 = CARTESIAN_POINT('',(24.873253706158,-17.72159479156,
    3.527194975861));
#11663 = CARTESIAN_POINT('',(27.112414150881,-14.03455830126,
    3.549729467483));
#11664 = CARTESIAN_POINT('',(28.052730288225,-12.1741403967,
    3.560585501946));
#11665 = CARTESIAN_POINT('',(28.846752160765,-10.24231953064,
    3.571440790122));
#11666 = CARTESIAN_POINT('',(29.488283842287,-8.252653276014,
    3.582296114754));
#11667 = CARTESIAN_POINT('',(29.972678611024,-6.219094413183,
    3.593153733849));
#11668 = CARTESIAN_POINT('',(30.296728580452,-4.155951281749,
    3.604015234819));
#11669 = CARTESIAN_POINT('',(30.458734122635,-2.077896839936,
    3.61487888855));
#11670 = CARTESIAN_POINT('',(30.458734122635,6.394884621841E-14,
    3.625736448172));
#11671 = PCURVE('',#6147,#11672);
#11672 = DEFINITIONAL_REPRESENTATION('',(#11673),#11746);
#11673 = B_SPLINE_CURVE_WITH_KNOTS('',8,(#11674,#11675,#11676,#11677,
    #11678,#11679,#11680,#11681,#11682,#11683,#11684,#11685,#11686,
    #11687,#11688,#11689,#11690,#11691,#11692,#11693,#11694,#11695,
    #11696,#11697,#11698,#11699,#11700,#11701,#11702,#11703,#11704,
    #11705,#11706,#11707,#11708,#11709,#11710,#11711,#11712,#11713,
    #11714,#11715,#11716,#11717,#11718,#11719,#11720,#11721,#11722,
    #11723,#11724,#11725,#11726,#11727,#11728,#11729,#11730,#11731,
    #11732,#11733,#11734,#11735,#11736,#11737,#11738,#11739,#11740,
    #11741,#11742,#11743,#11744,#11745),.UNSPECIFIED.,.F.,.F.,(9,7,7,7,7
    ,7,7,7,7,7,9),(0.,0.104801398425,0.214375750929,0.25488268073,
    0.398668782703,0.506342534568,0.592965234978,0.70722589545,
    0.81965092502,0.91312967139,1.),.UNSPECIFIED.);
#11674 = CARTESIAN_POINT('',(0.162779369583,31.811325528347));
#11675 = CARTESIAN_POINT('',(0.162775982836,31.894651654997));
#11676 = CARTESIAN_POINT('',(0.162772846476,31.978006597602));
#11677 = CARTESIAN_POINT('',(0.162771031781,32.061348254087));
#11678 = CARTESIAN_POINT('',(0.162771776292,32.144677985711));
#11679 = CARTESIAN_POINT('',(0.162776012324,32.228007367229));
#11680 = CARTESIAN_POINT('',(0.16278284915,32.311348185386));
#11681 = CARTESIAN_POINT('',(0.162789880886,32.394703197807));
#11682 = CARTESIAN_POINT('',(0.162800403485,32.565156555347));
#11683 = CARTESIAN_POINT('',(0.162803727243,32.652311581851));
#11684 = CARTESIAN_POINT('',(0.162802550228,32.739448454833));
#11685 = CARTESIAN_POINT('',(0.162794984039,32.826571920861));
#11686 = CARTESIAN_POINT('',(0.16278085401,32.913696674534));
#11687 = CARTESIAN_POINT('',(0.162766693354,33.000836925625));
#11688 = CARTESIAN_POINT('',(0.162762214031,33.087994133962));
#11689 = CARTESIAN_POINT('',(0.162767123769,33.207319870455));
#11690 = CARTESIAN_POINT('',(0.162769731021,33.239526916381));
#11691 = CARTESIAN_POINT('',(0.162773335635,33.271735053687));
#11692 = CARTESIAN_POINT('',(0.162777471969,33.303944173343));
#11693 = CARTESIAN_POINT('',(0.162781493498,33.336154002143));
#11694 = CARTESIAN_POINT('',(0.162784572807,33.368364102706));
#11695 = CARTESIAN_POINT('',(0.162785701598,33.400573873478));
#11696 = CARTESIAN_POINT('',(0.162776552606,33.547112612423));
#11697 = CARTESIAN_POINT('',(0.162745907883,33.661577183669));
#11698 = CARTESIAN_POINT('',(0.162755487622,33.775969031591));
#11699 = CARTESIAN_POINT('',(0.162786876117,33.890313917876));
#11700 = CARTESIAN_POINT('',(0.16280213367,34.004659506827));
#11701 = CARTESIAN_POINT('',(0.162806139373,34.119050768753));
#11702 = CARTESIAN_POINT('',(0.162801199296,34.233521472385));
#11703 = CARTESIAN_POINT('',(0.162787920658,34.43347339886));
#11704 = CARTESIAN_POINT('',(0.162780684879,34.519122808644));
#11705 = CARTESIAN_POINT('',(0.162774186247,34.604756098325));
#11706 = CARTESIAN_POINT('',(0.162770845553,34.690375896515));
#11707 = CARTESIAN_POINT('',(0.162771187909,34.775995463879));
#11708 = CARTESIAN_POINT('',(0.162773882391,34.861628191321));
#11709 = CARTESIAN_POINT('',(0.162777518571,34.947277017162));
#11710 = CARTESIAN_POINT('',(0.162783848399,35.101774739766));
#11711 = CARTESIAN_POINT('',(0.162786588924,35.170669936133));
#11712 = CARTESIAN_POINT('',(0.162788700938,35.239560344246));
#11713 = CARTESIAN_POINT('',(0.162789782633,35.308443503386));
#11714 = CARTESIAN_POINT('',(0.162789840909,35.377323571384));
#11715 = CARTESIAN_POINT('',(0.162789208315,35.446206115232));
#11716 = CARTESIAN_POINT('',(0.162788308717,35.515093443331));
#11717 = CARTESIAN_POINT('',(0.162786356629,35.674833208465));
#11718 = CARTESIAN_POINT('',(0.162785347721,35.765731751253));
#11719 = CARTESIAN_POINT('',(0.162785188325,35.85660797964));
#11720 = CARTESIAN_POINT('',(0.162786378559,35.94746724079));
#11721 = CARTESIAN_POINT('',(0.162788424833,36.038326981524));
#11722 = CARTESIAN_POINT('',(0.16278983361,36.12920440462));
#11723 = CARTESIAN_POINT('',(0.162789789717,36.220103634724));
#11724 = CARTESIAN_POINT('',(0.162786831834,36.400356297569));
#11725 = CARTESIAN_POINT('',(0.162783962523,36.489793661856));
#11726 = CARTESIAN_POINT('',(0.162779703666,36.579211332649));
#11727 = CARTESIAN_POINT('',(0.162774836464,36.668611903332));
#11728 = CARTESIAN_POINT('',(0.162771256896,36.758010701711));
#11729 = CARTESIAN_POINT('',(0.162771082654,36.847423738963));
#11730 = CARTESIAN_POINT('',(0.162774331005,36.936855918265));
#11731 = CARTESIAN_POINT('',(0.162783973663,37.10058249266));
#11732 = CARTESIAN_POINT('',(0.162789747382,37.174930669113));
#11733 = CARTESIAN_POINT('',(0.162796106669,37.249271282857));
#11734 = CARTESIAN_POINT('',(0.162801539598,37.32360386136));
#11735 = CARTESIAN_POINT('',(0.162804025116,37.397934982824));
#11736 = CARTESIAN_POINT('',(0.162801906521,37.472271920555));
#11737 = CARTESIAN_POINT('',(0.162795880809,37.546616257682));
#11738 = CARTESIAN_POINT('',(0.162780990317,37.690023470257));
#11739 = CARTESIAN_POINT('',(0.16277233602,37.759113829127));
#11740 = CARTESIAN_POINT('',(0.162764084422,37.828198444638));
#11741 = CARTESIAN_POINT('',(0.162758878887,37.897275763663));
#11742 = CARTESIAN_POINT('',(0.162760616053,37.96635052159));
#11743 = CARTESIAN_POINT('',(0.162771042508,38.035428501211));
#11744 = CARTESIAN_POINT('',(0.162784733118,38.104512109816));
#11745 = CARTESIAN_POINT('',(0.162784730451,38.173590789406));
#11746 = ( GEOMETRIC_REPRESENTATION_CONTEXT(2) 
PARAMETRIC_REPRESENTATION_CONTEXT() REPRESENTATION_CONTEXT('2D SPACE',''
  ) );
#11747 = PCURVE('',#9012,#11748);
#11748 = DEFINITIONAL_REPRESENTATION('',(#11749),#11822);
#11749 = B_SPLINE_CURVE_WITH_KNOTS('',8,(#11750,#11751,#11752,#11753,
    #11754,#11755,#11756,#11757,#11758,#11759,#11760,#11761,#11762,
    #11763,#11764,#11765,#11766,#11767,#11768,#11769,#11770,#11771,
    #11772,#11773,#11774,#11775,#11776,#11777,#11778,#11779,#11780,
    #11781,#11782,#11783,#11784,#11785,#11786,#11787,#11788,#11789,
    #11790,#11791,#11792,#11793,#11794,#11795,#11796,#11797,#11798,
    #11799,#11800,#11801,#11802,#11803,#11804,#11805,#11806,#11807,
    #11808,#11809,#11810,#11811,#11812,#11813,#11814,#11815,#11816,
    #11817,#11818,#11819,#11820,#11821),.UNSPECIFIED.,.F.,.F.,(9,7,7,7,7
    ,7,7,7,7,7,9),(0.,0.104801398425,0.214375750929,0.25488268073,
    0.398668782703,0.506342534568,0.592965234978,0.70722589545,
    0.81965092502,0.91312967139,1.),.UNSPECIFIED.);
#11750 = CARTESIAN_POINT('',(0.,2.625734345301));
#11751 = CARTESIAN_POINT('',(8.22905204714E-02,2.638829957396));
#11752 = CARTESIAN_POINT('',(0.164609461374,2.651930195955));
#11753 = CARTESIAN_POINT('',(0.246915222069,2.665028859669));
#11754 = CARTESIAN_POINT('',(0.329209141979,2.678126643238));
#11755 = CARTESIAN_POINT('',(0.411502677707,2.691225728119));
#11756 = CARTESIAN_POINT('',(0.493807522662,2.704327620895));
#11757 = CARTESIAN_POINT('',(0.576126424069,2.717431820394));
#11758 = CARTESIAN_POINT('',(0.744461099233,2.744227208658));
#11759 = CARTESIAN_POINT('',(0.830532852865,2.757927241503));
#11760 = CARTESIAN_POINT('',(0.916586711573,2.771622672635));
#11761 = CARTESIAN_POINT('',(1.002627318482,2.785313514525));
#11762 = CARTESIAN_POINT('',(1.088669120993,2.79900200897));
#11763 = CARTESIAN_POINT('',(1.174726066764,2.81269292735));
#11764 = CARTESIAN_POINT('',(1.260799825015,2.82639027189));
#11765 = CARTESIAN_POINT('',(1.378642408959,2.845147407687));
#11766 = CARTESIAN_POINT('',(1.41044917708,2.850210618534));
#11767 = CARTESIAN_POINT('',(1.44225703804,2.855274388362));
#11768 = CARTESIAN_POINT('',(1.474065868601,2.860338519148));
#11769 = CARTESIAN_POINT('',(1.505875390671,2.865402716797));
#11770 = CARTESIAN_POINT('',(1.537685171308,2.87046659114));
#11771 = CARTESIAN_POINT('',(1.569494622717,2.875529655936));
#11772 = CARTESIAN_POINT('',(1.714212149534,2.898558581));
#11773 = CARTESIAN_POINT('',(1.827254567735,2.916537843037));
#11774 = CARTESIAN_POINT('',(1.940223853301,2.934521300525));
#11775 = CARTESIAN_POINT('',(2.053147342882,2.952505848712));
#11776 = CARTESIAN_POINT('',(2.166071713337,2.970484241007));
#11777 = CARTESIAN_POINT('',(2.279041253473,2.988465441062));
#11778 = CARTESIAN_POINT('',(2.392089174721,3.006455652366));
#11779 = CARTESIAN_POINT('',(2.589555741595,3.037878283114));
#11780 = CARTESIAN_POINT('',(2.674140511147,3.051337566024));
#11781 = CARTESIAN_POINT('',(2.758709324725,3.064794601585));
#11782 = CARTESIAN_POINT('',(2.843264809744,3.078250743352));
#11783 = CARTESIAN_POINT('',(2.92782012008,3.091708279582));
#11784 = CARTESIAN_POINT('',(3.012388499517,3.105168797991));
#11785 = CARTESIAN_POINT('',(3.096972836161,3.118632212513));
#11786 = CARTESIAN_POINT('',(3.249550433244,3.142918117573));
#11787 = CARTESIAN_POINT('',(3.317589407203,3.153747903542));
#11788 = CARTESIAN_POINT('',(3.385623657148,3.164576692753));
#11789 = CARTESIAN_POINT('',(3.453650731343,3.175403942349));
#11790 = CARTESIAN_POINT('',(3.521674715189,3.186230308526));
#11791 = CARTESIAN_POINT('',(3.589701095156,3.197056795469));
#11792 = CARTESIAN_POINT('',(3.657732153261,3.207883930663));
#11793 = CARTESIAN_POINT('',(3.815486267983,3.232990545554));
#11794 = CARTESIAN_POINT('',(3.905254830459,3.247277288933));
#11795 = CARTESIAN_POINT('',(3.995001317309,3.261560855015));
#11796 = CARTESIAN_POINT('',(4.084731059171,3.275842278527));
#11797 = CARTESIAN_POINT('',(4.174461349964,3.290124109963));
#11798 = CARTESIAN_POINT('',(4.26420920212,3.304408473008));
#11799 = CARTESIAN_POINT('',(4.353978668793,3.318695699294));
#11800 = CARTESIAN_POINT('',(4.531991101447,3.347026073559));
#11801 = CARTESIAN_POINT('',(4.62031695451,3.361082430981));
#11802 = CARTESIAN_POINT('',(4.708623365425,3.375135153252));
#11803 = CARTESIAN_POINT('',(4.796912846354,3.389184951462));
#11804 = CARTESIAN_POINT('',(4.885200488767,3.40323497131));
#11805 = CARTESIAN_POINT('',(4.973502117158,3.417288552033));
#11806 = CARTESIAN_POINT('',(5.061822617777,3.431346471004));
#11807 = CARTESIAN_POINT('',(5.223514009849,3.457084223693));
#11808 = CARTESIAN_POINT('',(5.296938013087,3.46877226951));
#11809 = CARTESIAN_POINT('',(5.370354570599,3.48045935412));
#11810 = CARTESIAN_POINT('',(5.443763231628,3.492144815918));
#11811 = CARTESIAN_POINT('',(5.517170494028,3.503828903731));
#11812 = CARTESIAN_POINT('',(5.590583502628,3.515512117182));
#11813 = CARTESIAN_POINT('',(5.664003782917,3.527194975861));
#11814 = CARTESIAN_POINT('',(5.805628450683,3.549729467483));
#11815 = CARTESIAN_POINT('',(5.87385998574,3.560585501946));
#11816 = CARTESIAN_POINT('',(5.942085808997,3.571440790122));
#11817 = CARTESIAN_POINT('',(6.010304414187,3.582296114754));
#11818 = CARTESIAN_POINT('',(6.078520531885,3.593153733849));
#11819 = CARTESIAN_POINT('',(6.146739995637,3.604015234819));
#11820 = CARTESIAN_POINT('',(6.21496524158,3.61487888855));
#11821 = CARTESIAN_POINT('',(6.28318530718,3.625736448172));
#11822 = ( GEOMETRIC_REPRESENTATION_CONTEXT(2) 
PARAMETRIC_REPRESENTATION_CONTEXT() REPRESENTATION_CONTEXT('2D SPACE',''
  ) );
#11823 = ORIENTED_EDGE('',*,*,#11824,.F.);
#11824 = EDGE_CURVE('',#11825,#11595,#11827,.T.);
#11825 = VERTEX_POINT('',#11826);
#11826 = CARTESIAN_POINT('',(30.458734122635,-7.460238249873E-15,
    1.625734386124));
#11827 = SURFACE_CURVE('',#11828,(#11894,#11963),.PCURVE_S1.);
#11828 = B_SPLINE_CURVE_WITH_KNOTS('',8,(#11829,#11830,#11831,#11832,
    #11833,#11834,#11835,#11836,#11837,#11838,#11839,#11840,#11841,
    #11842,#11843,#11844,#11845,#11846,#11847,#11848,#11849,#11850,
    #11851,#11852,#11853,#11854,#11855,#11856,#11857,#11858,#11859,
    #11860,#11861,#11862,#11863,#11864,#11865,#11866,#11867,#11868,
    #11869,#11870,#11871,#11872,#11873,#11874,#11875,#11876,#11877,
    #11878,#11879,#11880,#11881,#11882,#11883,#11884,#11885,#11886,
    #11887,#11888,#11889,#11890,#11891,#11892,#11893),.UNSPECIFIED.,.F.,
  .F.,(9,7,7,7,7,7,7,7,7,9),(0.,0.104464798232,0.18370338558,
    0.293385270984,0.404436761685,0.500233190077,0.61667118192,
    0.740696151127,0.885625865768,1.),.UNSPECIFIED.);
#11829 = CARTESIAN_POINT('',(30.458734122635,-1.42108547152E-14,
    1.625734386124));
#11830 = CARTESIAN_POINT('',(30.458734122635,2.498435253355,
    1.638790667311));
#11831 = CARTESIAN_POINT('',(30.224518199813,4.997773329556,
    1.65185175516));
#11832 = CARTESIAN_POINT('',(29.755790802933,7.471083234871,
    1.664910396304));
#11833 = CARTESIAN_POINT('',(29.056304173515,9.892706134168,
    1.677966359425));
#11834 = CARTESIAN_POINT('',(28.132796041475,12.238001145184,
    1.691021442322));
#11835 = CARTESIAN_POINT('',(26.994994976211,14.483378666647,
    1.704077887785));
#11836 = CARTESIAN_POINT('',(25.655548796785,16.606323546579,
    1.717136550948));
#11837 = CARTESIAN_POINT('',(22.974517029675,20.087254413839,
    1.740094398291));
#11838 = CARTESIAN_POINT('',(21.711336343827,21.506451968421,
    1.749996900766));
#11839 = CARTESIAN_POINT('',(20.34832756157,22.834420425822,
    1.759898681908));
#11840 = CARTESIAN_POINT('',(18.893184387058,24.063096520211,
    1.769800144432));
#11841 = CARTESIAN_POINT('',(17.354291572774,25.185215046917,
    1.779702079195));
#11842 = CARTESIAN_POINT('',(15.740703092105,26.19429246665,
    1.789605031785));
#11843 = CARTESIAN_POINT('',(14.062184341087,27.084695305634,
    1.799508640084));
#11844 = CARTESIAN_POINT('',(9.93068894767,28.913608848241,
    1.823117689292));
#11845 = CARTESIAN_POINT('',(7.426624632895,29.73975116172,
    1.836829361535));
#11846 = CARTESIAN_POINT('',(4.84548912032,30.317283995913,
    1.850537786066));
#11847 = CARTESIAN_POINT('',(2.216209929599,30.638400237648,
    1.864243433843));
#11848 = CARTESIAN_POINT('',(-0.431944196927,30.699034674805,
    1.877948827043));
#11849 = CARTESIAN_POINT('',(-3.069411461259,30.49897125277,
    1.891656946299));
#11850 = CARTESIAN_POINT('',(-5.666397968241,30.041763315847,
    1.905368732408));
#11851 = CARTESIAN_POINT('',(-10.75096924019,28.62176082232,
    1.932954397565));
#11852 = CARTESIAN_POINT('',(-13.23905213067,27.65209057855,
    1.946840464633));
#11853 = CARTESIAN_POINT('',(-15.62569680587,26.435486417604,
    1.960725090579));
#11854 = CARTESIAN_POINT('',(-17.88251618909,24.984895430663,
    1.974608127359));
#11855 = CARTESIAN_POINT('',(-19.98342152976,23.31650778561,
    1.988490774499));
#11856 = CARTESIAN_POINT('',(-21.90471054877,21.44980492855,
    2.002373580058));
#11857 = CARTESIAN_POINT('',(-23.62503183269,19.40740544308,
    2.016256865101));
#11858 = CARTESIAN_POINT('',(-26.42146010773,15.326147679705,
    2.042102923728));
#11859 = CARTESIAN_POINT('',(-27.55444588269,13.324108359735,
    2.054075354802));
#11860 = CARTESIAN_POINT('',(-28.51343930332,11.227139551265,
    2.066045830653));
#11861 = CARTESIAN_POINT('',(-29.2893952989,9.053101491171,
    2.078015491785));
#11862 = CARTESIAN_POINT('',(-29.87546558718,6.820486193292,
    2.089987345307));
#11863 = CARTESIAN_POINT('',(-30.26696407207,4.548385887862,
    2.101964769034));
#11864 = CARTESIAN_POINT('',(-30.46134230099,2.256461331811,
    2.113945919698));
#11865 = CARTESIAN_POINT('',(-30.45551956342,-2.820067830092,
    2.140471951282));
#11866 = CARTESIAN_POINT('',(-30.16127046856,-5.606150940321,
    2.155022125722));
#11867 = CARTESIAN_POINT('',(-29.57554186965,-8.355655693054,
    2.169574788003));
#11868 = CARTESIAN_POINT('',(-28.70428096953,-11.03319027376,
    2.18413239307));
#11869 = CARTESIAN_POINT('',(-27.55784504352,-13.60496772338,
    2.198691444899));
#11870 = CARTESIAN_POINT('',(-26.15116693205,-16.03895558563,
    2.213252426027));
#11871 = CARTESIAN_POINT('',(-24.50353278938,-18.30487226923,
    2.227814996359));
#11872 = CARTESIAN_POINT('',(-20.65595016672,-22.58023468047,
    2.25787047546));
#11873 = CARTESIAN_POINT('',(-18.42491510454,-24.56567509803,
    2.273378505823));
#11874 = CARTESIAN_POINT('',(-15.97732736693,-26.29715781861,
    2.288879178444));
#11875 = CARTESIAN_POINT('',(-13.34743326019,-27.74811564278,
    2.304376343436));
#11876 = CARTESIAN_POINT('',(-10.5721871202,-28.89719606755,
    2.319876071595));
#11877 = CARTESIAN_POINT('',(-7.691344188446,-29.7287294495,
    2.335381993036));
#11878 = CARTESIAN_POINT('',(-4.747244457036,-30.23239226661,
    2.350894474958));
#11879 = CARTESIAN_POINT('',(1.674430792753,-30.60958127438,
    2.384510270341));
#11880 = CARTESIAN_POINT('',(5.16535438698,-30.36300080906,
    2.402646515955));
#11881 = CARTESIAN_POINT('',(8.612057360412,-29.6603525555,
    2.420769661985));
#11882 = CARTESIAN_POINT('',(11.94591487881,-28.51289742267,
    2.438883453503));
#11883 = CARTESIAN_POINT('',(15.101984538945,-26.94127241217,
    2.456995633371));
#11884 = CARTESIAN_POINT('',(18.020045674996,-24.97732797433,
    2.47511536052));
#11885 = CARTESIAN_POINT('',(20.644081118029,-22.66215092592,
    2.493247874372));
#11886 = CARTESIAN_POINT('',(24.727363197817,-17.99377254079,
    2.525656374782));
#11887 = CARTESIAN_POINT('',(26.317951701003,-15.74874642286,
    2.539958510332));
#11888 = CARTESIAN_POINT('',(27.674210127896,-13.34437234899,
    2.554257149501));
#11889 = CARTESIAN_POINT('',(28.778140924799,-10.80960558025,
    2.568552403131));
#11890 = CARTESIAN_POINT('',(29.615889470589,-8.174981591189,
    2.582846323488));
#11891 = CARTESIAN_POINT('',(30.177894174057,-5.472569555075,
    2.597141757255));
#11892 = CARTESIAN_POINT('',(30.458734122635,-2.735831431006,
    2.611440355167));
#11893 = CARTESIAN_POINT('',(30.458734122635,2.13162820728E-14,
    2.625734345301));
#11894 = PCURVE('',#6147,#11895);
#11895 = DEFINITIONAL_REPRESENTATION('',(#11896),#11962);
#11896 = B_SPLINE_CURVE_WITH_KNOTS('',8,(#11897,#11898,#11899,#11900,
    #11901,#11902,#11903,#11904,#11905,#11906,#11907,#11908,#11909,
    #11910,#11911,#11912,#11913,#11914,#11915,#11916,#11917,#11918,
    #11919,#11920,#11921,#11922,#11923,#11924,#11925,#11926,#11927,
    #11928,#11929,#11930,#11931,#11932,#11933,#11934,#11935,#11936,
    #11937,#11938,#11939,#11940,#11941,#11942,#11943,#11944,#11945,
    #11946,#11947,#11948,#11949,#11950,#11951,#11952,#11953,#11954,
    #11955,#11956,#11957,#11958,#11959,#11960,#11961),.UNSPECIFIED.,.F.,
  .F.,(9,7,7,7,7,7,7,7,7,9),(0.,0.104464798232,0.18370338558,
    0.293385270984,0.404436761685,0.500233190077,0.61667118192,
    0.740696151127,0.885625865768,1.),.UNSPECIFIED.);
#11897 = CARTESIAN_POINT('',(0.162779369887,25.449060655759));
#11898 = CARTESIAN_POINT('',(0.162782745708,25.532119834868));
#11899 = CARTESIAN_POINT('',(0.162786373227,25.615208973152));
#11900 = CARTESIAN_POINT('',(0.162789204592,25.698284512568));
#11901 = CARTESIAN_POINT('',(0.162790377225,25.781347113295));
#11902 = CARTESIAN_POINT('',(0.162789918857,25.86440814487));
#11903 = CARTESIAN_POINT('',(0.16278869275,25.947479742939));
#11904 = CARTESIAN_POINT('',(0.162787458303,26.03056547122));
#11905 = CARTESIAN_POINT('',(0.162786025163,26.17663292491));
#11906 = CARTESIAN_POINT('',(0.16278564624,26.23963620764));
#11907 = CARTESIAN_POINT('',(0.162785698456,26.30263383549));
#11908 = CARTESIAN_POINT('',(0.162786242306,26.365628221118));
#11909 = CARTESIAN_POINT('',(0.162787152563,26.428624705666));
#11910 = CARTESIAN_POINT('',(0.162788143515,26.491627466466));
#11911 = CARTESIAN_POINT('',(0.162788873768,26.554635043379));
#11912 = CARTESIAN_POINT('',(0.162789486142,26.704840560448));
#11913 = CARTESIAN_POINT('',(0.162788930347,26.792079228316));
#11914 = CARTESIAN_POINT('',(0.162786866,26.879300961812));
#11915 = CARTESIAN_POINT('',(0.162783055346,26.96650934491));
#11916 = CARTESIAN_POINT('',(0.162778168853,27.053718767287));
#11917 = CARTESIAN_POINT('',(0.162774180784,27.140943313067));
#11918 = CARTESIAN_POINT('',(0.162772539022,27.228185389382));
#11919 = CARTESIAN_POINT('',(0.162774526889,27.403687791876));
#11920 = CARTESIAN_POINT('',(0.162778222356,27.492025498747));
#11921 = CARTESIAN_POINT('',(0.162784923806,27.580346607446));
#11922 = CARTESIAN_POINT('',(0.162793667611,27.668652557705));
#11923 = CARTESIAN_POINT('',(0.162801720557,27.756957736457));
#11924 = CARTESIAN_POINT('',(0.162804432086,27.845277124573));
#11925 = CARTESIAN_POINT('',(0.162800853081,27.933615110527));
#11926 = CARTESIAN_POINT('',(0.162787028869,28.098088755047));
#11927 = CARTESIAN_POINT('',(0.162777769049,28.174283421716));
#11928 = CARTESIAN_POINT('',(0.162767161949,28.250468978577));
#11929 = CARTESIAN_POINT('',(0.162758829233,28.326643730779));
#11930 = CARTESIAN_POINT('',(0.162757470681,28.402815194692));
#11931 = CARTESIAN_POINT('',(0.162768303528,28.478991966356));
#11932 = CARTESIAN_POINT('',(0.16278495166,28.555178077133));
#11933 = CARTESIAN_POINT('',(0.16278445775,28.723944943675));
#11934 = CARTESIAN_POINT('',(0.162759988116,28.816577488561));
#11935 = CARTESIAN_POINT('',(0.162751712712,28.909185837262));
#11936 = CARTESIAN_POINT('',(0.162763751466,29.001775426253));
#11937 = CARTESIAN_POINT('',(0.162779405807,29.094365283908));
#11938 = CARTESIAN_POINT('',(0.16279218887,29.186974512721));
#11939 = CARTESIAN_POINT('',(0.162798844742,29.279608995996));
#11940 = CARTESIAN_POINT('',(0.162801619487,29.470823064829));
#11941 = CARTESIAN_POINT('',(0.162797002716,29.56950067615));
#11942 = CARTESIAN_POINT('',(0.162787051932,29.66814465872));
#11943 = CARTESIAN_POINT('',(0.162776801312,29.766767065891));
#11944 = CARTESIAN_POINT('',(0.162771591153,29.86539332296));
#11945 = CARTESIAN_POINT('',(0.16277099966,29.964047568166));
#11946 = CARTESIAN_POINT('',(0.162773446367,30.062736043897));
#11947 = CARTESIAN_POINT('',(0.162781270272,30.276589309732));
#11948 = CARTESIAN_POINT('',(0.16278707876,30.391962556973));
#11949 = CARTESIAN_POINT('',(0.162791644946,30.507255531581));
#11950 = CARTESIAN_POINT('',(0.162791591452,30.622500407968));
#11951 = CARTESIAN_POINT('',(0.162788299969,30.737743033394));
#11952 = CARTESIAN_POINT('',(0.162786030223,30.853031151365));
#11953 = CARTESIAN_POINT('',(0.162785499369,30.968396324011));
#11954 = CARTESIAN_POINT('',(0.162786660307,31.174584926846));
#11955 = CARTESIAN_POINT('',(0.162787903174,31.265575833385));
#11956 = CARTESIAN_POINT('',(0.162789560395,31.356543470929));
#11957 = CARTESIAN_POINT('',(0.162790726222,31.447490783272));
#11958 = CARTESIAN_POINT('',(0.162789991063,31.538434311316));
#11959 = CARTESIAN_POINT('',(0.162787064056,31.629392885293));
#11960 = CARTESIAN_POINT('',(0.162783066251,31.720374236912));
#11961 = CARTESIAN_POINT('',(0.162779369583,31.811325528347));
#11962 = ( GEOMETRIC_REPRESENTATION_CONTEXT(2) 
PARAMETRIC_REPRESENTATION_CONTEXT() REPRESENTATION_CONTEXT('2D SPACE',''
  ) );
#11963 = PCURVE('',#8756,#11964);
#11964 = DEFINITIONAL_REPRESENTATION('',(#11965),#12031);
#11965 = B_SPLINE_CURVE_WITH_KNOTS('',8,(#11966,#11967,#11968,#11969,
    #11970,#11971,#11972,#11973,#11974,#11975,#11976,#11977,#11978,
    #11979,#11980,#11981,#11982,#11983,#11984,#11985,#11986,#11987,
    #11988,#11989,#11990,#11991,#11992,#11993,#11994,#11995,#11996,
    #11997,#11998,#11999,#12000,#12001,#12002,#12003,#12004,#12005,
    #12006,#12007,#12008,#12009,#12010,#12011,#12012,#12013,#12014,
    #12015,#12016,#12017,#12018,#12019,#12020,#12021,#12022,#12023,
    #12024,#12025,#12026,#12027,#12028,#12029,#12030),.UNSPECIFIED.,.F.,
  .F.,(9,7,7,7,7,7,7,7,7,9),(0.,0.104464798232,0.18370338558,
    0.293385270984,0.404436761685,0.500233190077,0.61667118192,
    0.740696151127,0.885625865768,1.),.UNSPECIFIED.);
#11966 = CARTESIAN_POINT('',(0.,1.625734386124));
#11967 = CARTESIAN_POINT('',(8.202689065461E-02,1.638790667311));
#11968 = CARTESIAN_POINT('',(0.164083405294,1.65185175516));
#11969 = CARTESIAN_POINT('',(0.246126505609,1.664910396304));
#11970 = CARTESIAN_POINT('',(0.328156805377,1.677966359425));
#11971 = CARTESIAN_POINT('',(0.410185490022,1.691021442322));
#11972 = CARTESIAN_POINT('',(0.492224530833,1.704077887785));
#11973 = CARTESIAN_POINT('',(0.574277461591,1.717136550948));
#11974 = CARTESIAN_POINT('',(0.718529157463,1.740094398291));
#11975 = CARTESIAN_POINT('',(0.780749227892,1.749996900766));
#11976 = CARTESIAN_POINT('',(0.842963703771,1.759898681908));
#11977 = CARTESIAN_POINT('',(0.905174984798,1.769800144432));
#11978 = CARTESIAN_POINT('',(0.967388362151,1.779702079195));
#11979 = CARTESIAN_POINT('',(1.0296079727,1.789605031785));
#11980 = CARTESIAN_POINT('',(1.091832378486,1.799508640084));
#11981 = CARTESIAN_POINT('',(1.240170955512,1.823117689292));
#11982 = CARTESIAN_POINT('',(1.326325380505,1.836829361535));
#11983 = CARTESIAN_POINT('',(1.412463139228,1.850537786066));
#11984 = CARTESIAN_POINT('',(1.49858773665,1.864243433843));
#11985 = CARTESIAN_POINT('',(1.584713326388,1.877948827043));
#11986 = CARTESIAN_POINT('',(1.670853780181,1.891656946299));
#11987 = CARTESIAN_POINT('',(1.757011480891,1.905368732408));
#11988 = CARTESIAN_POINT('',(1.930332391853,1.932954397565));
#11989 = CARTESIAN_POINT('',(2.017572019841,1.946840464633));
#11990 = CARTESIAN_POINT('',(2.104795238896,1.960725090579));
#11991 = CARTESIAN_POINT('',(2.192003513538,1.974608127359));
#11992 = CARTESIAN_POINT('',(2.279211104844,1.988490774499));
#11993 = CARTESIAN_POINT('',(2.366432783477,2.002373580058));
#11994 = CARTESIAN_POINT('',(2.453672808718,2.016256865101));
#11995 = CARTESIAN_POINT('',(2.616102107666,2.042102923728));
#11996 = CARTESIAN_POINT('',(2.69134967438,2.054075354802));
#11997 = CARTESIAN_POINT('',(2.766588153221,2.066045830653));
#11998 = CARTESIAN_POINT('',(2.841816016099,2.078015491785));
#11999 = CARTESIAN_POINT('',(2.917040481564,2.089987345307));
#12000 = CARTESIAN_POINT('',(2.99227053588,2.101964769034));
#12001 = CARTESIAN_POINT('',(3.067510033402,2.113945919698));
#12002 = CARTESIAN_POINT('',(3.234179221976,2.140471951282));
#12003 = CARTESIAN_POINT('',(3.325660946244,2.155022125722));
#12004 = CARTESIAN_POINT('',(3.417118044464,2.169574788003));
#12005 = CARTESIAN_POINT('',(3.508556537403,2.18413239307));
#12006 = CARTESIAN_POINT('',(3.599995407053,2.198691444899));
#12007 = CARTESIAN_POINT('',(3.691453520197,2.213252426027));
#12008 = CARTESIAN_POINT('',(3.78293662526,2.227814996359));
#12009 = CARTESIAN_POINT('',(3.971774050664,2.25787047546));
#12010 = CARTESIAN_POINT('',(4.069225178676,2.273378505823));
#12011 = CARTESIAN_POINT('',(4.166643041962,2.288879178444));
#12012 = CARTESIAN_POINT('',(4.264039495755,2.304376343436));
#12013 = CARTESIAN_POINT('',(4.361439735547,2.319876071595));
#12014 = CARTESIAN_POINT('',(4.458867687243,2.335381993036));
#12015 = CARTESIAN_POINT('',(4.556329531016,2.350894474958));
#12016 = CARTESIAN_POINT('',(4.76752488582,2.384510270341));
#12017 = CARTESIAN_POINT('',(4.881464287079,2.402646515955));
#12018 = CARTESIAN_POINT('',(4.995324467507,2.420769661985));
#12019 = CARTESIAN_POINT('',(5.109137092514,2.438883453503));
#12020 = CARTESIAN_POINT('',(5.22294728142,2.456995633371));
#12021 = CARTESIAN_POINT('',(5.336802238617,2.47511536052));
#12022 = CARTESIAN_POINT('',(5.450733246161,2.493247874372));
#12023 = CARTESIAN_POINT('',(5.654358679972,2.525656374782));
#12024 = CARTESIAN_POINT('',(5.74421848592,2.539958510332));
#12025 = CARTESIAN_POINT('',(5.834055378576,2.554257149501));
#12026 = CARTESIAN_POINT('',(5.923872297329,2.568552403131));
#12027 = CARTESIAN_POINT('',(6.013685572185,2.582846323488));
#12028 = CARTESIAN_POINT('',(6.103513741945,2.597141757255));
#12029 = CARTESIAN_POINT('',(6.193364390132,2.611440355167));
#12030 = CARTESIAN_POINT('',(6.28318530718,2.625734345301));
#12031 = ( GEOMETRIC_REPRESENTATION_CONTEXT(2) 
PARAMETRIC_REPRESENTATION_CONTEXT() REPRESENTATION_CONTEXT('2D SPACE',''
  ) );
#12032 = ORIENTED_EDGE('',*,*,#12033,.F.);
#12033 = EDGE_CURVE('',#10370,#11825,#12034,.T.);
#12034 = SURFACE_CURVE('',#12035,(#12115,#12198),.PCURVE_S1.);
#12035 = B_SPLINE_CURVE_WITH_KNOTS('',8,(#12036,#12037,#12038,#12039,
    #12040,#12041,#12042,#12043,#12044,#12045,#12046,#12047,#12048,
    #12049,#12050,#12051,#12052,#12053,#12054,#12055,#12056,#12057,
    #12058,#12059,#12060,#12061,#12062,#12063,#12064,#12065,#12066,
    #12067,#12068,#12069,#12070,#12071,#12072,#12073,#12074,#12075,
    #12076,#12077,#12078,#12079,#12080,#12081,#12082,#12083,#12084,
    #12085,#12086,#12087,#12088,#12089,#12090,#12091,#12092,#12093,
    #12094,#12095,#12096,#12097,#12098,#12099,#12100,#12101,#12102,
    #12103,#12104,#12105,#12106,#12107,#12108,#12109,#12110,#12111,
    #12112,#12113,#12114),.UNSPECIFIED.,.F.,.F.,(9,7,7,7,7,7,7,7,7,7,7,9
    ),(0.,5.541570297266E-02,0.150095068842,0.229915819807,
    0.338456381198,0.43288823387,0.547442567477,0.659700540834,
    0.717894541249,0.774541483866,0.886559138627,1.),.UNSPECIFIED.);
#12036 = CARTESIAN_POINT('',(30.458734122635,-1.42108547152E-14,
    0.625736448172));
#12037 = CARTESIAN_POINT('',(30.458734122635,1.325572114937,
    0.632662912467));
#12038 = CARTESIAN_POINT('',(30.392803616585,2.651163385582,
    0.63958729282));
#12039 = CARTESIAN_POINT('',(30.260938992026,3.972959638064,
    0.646511384514));
#12040 = CARTESIAN_POINT('',(30.063400459513,5.287158031259,
    0.653436271737));
#12041 = CARTESIAN_POINT('',(29.800706131515,6.589966332604,
    0.660362435552));
#12042 = CARTESIAN_POINT('',(29.473639583723,7.87760477917,
    0.667289823358));
#12043 = CARTESIAN_POINT('',(29.083270898783,9.146310523992,
    0.674217879836));
#12044 = CARTESIAN_POINT('',(27.858257950895,12.521230818043,
    0.692981650416));
#12045 = CARTESIAN_POINT('',(26.904418500536,14.584994359029,
    0.70482246808));
#12046 = CARTESIAN_POINT('',(25.77609507387,16.56488818496,
    0.716662681817));
#12047 = CARTESIAN_POINT('',(24.482143539894,18.443777084275,
    0.728500419716));
#12048 = CARTESIAN_POINT('',(23.033157124422,20.205830432836,
    0.740336077972));
#12049 = CARTESIAN_POINT('',(21.441436345274,21.83652864885,
    0.752171123095));
#12050 = CARTESIAN_POINT('',(19.720968616738,23.322679372904,
    0.764006364708));
#12051 = CARTESIAN_POINT('',(16.342409287588,25.774133614971,
    0.785814222591));
#12052 = CARTESIAN_POINT('',(14.716484578492,26.784877134643,
    0.795790333854));
#12053 = CARTESIAN_POINT('',(13.019521206932,27.678097337604,
    0.805766132401));
#12054 = CARTESIAN_POINT('',(11.26147758271,28.448055775099,
    0.815741900612));
#12055 = CARTESIAN_POINT('',(9.452758649645,29.090044243198,
    0.825718370997));
#12056 = CARTESIAN_POINT('',(7.604191492526,29.600350388157,
    0.835695976977));
#12057 = CARTESIAN_POINT('',(5.727040559382,29.976330111293,
    0.845674146889));
#12058 = CARTESIAN_POINT('',(1.257623913892,30.543288698144,
    0.869216716286));
#12059 = CARTESIAN_POINT('',(-1.350715811472,30.619257117061,
    0.882789075355));
#12060 = CARTESIAN_POINT('',(-3.961950187361,30.440313162755,
    0.89635918996));
#12061 = CARTESIAN_POINT('',(-6.546977986837,30.007192932332,
    0.9099266717));
#12062 = CARTESIAN_POINT('',(-9.077453515195,29.324199347379,
    0.923493222423));
#12063 = CARTESIAN_POINT('',(-11.52584330835,28.399253416073,
    0.937061153438));
#12064 = CARTESIAN_POINT('',(-13.86546022254,27.243779158789,
    0.950631347553));
#12065 = CARTESIAN_POINT('',(-17.98953459361,24.682236705303,
    0.975998433394));
#12066 = CARTESIAN_POINT('',(-19.80760432732,23.327656505763,
    0.987802569088));
#12067 = CARTESIAN_POINT('',(-21.50827799035,21.820501552854,
    0.999605323592));
#12068 = CARTESIAN_POINT('',(-23.07678042799,20.17284621025,
    1.011406989075));
#12069 = CARTESIAN_POINT('',(-24.49993694157,18.398173160427,
    1.023208815232));
#12070 = CARTESIAN_POINT('',(-25.76617470802,16.511341390455,
    1.03501193477));
#12071 = CARTESIAN_POINT('',(-26.86553880454,14.528565435428,
    1.046816518798));
#12072 = CARTESIAN_POINT('',(-28.91170335839,9.96773751025,
    1.072936830113));
#12073 = CARTESIAN_POINT('',(-29.77677782275,7.351303431827,
    1.087260610491));
#12074 = CARTESIAN_POINT('',(-30.37031112579,4.650821496057,
    1.10158024195));
#12075 = CARTESIAN_POINT('',(-30.68352623954,1.899319391485,
    1.115896432356));
#12076 = CARTESIAN_POINT('',(-30.71204556314,-0.869819900476,
    1.130212255707));
#12077 = CARTESIAN_POINT('',(-30.45608191335,-3.622919781977,
    1.144531378293));
#12078 = CARTESIAN_POINT('',(-29.92027427402,-6.326088334529,
    1.15885506643));
#12079 = CARTESIAN_POINT('',(-28.32699705878,-11.51197032176,
    1.187204110701));
#12080 = CARTESIAN_POINT('',(-27.27947809131,-14.00036674484,
    1.201242526428));
#12081 = CARTESIAN_POINT('',(-25.98247328303,-16.37823286818,
    1.215279018366));
#12082 = CARTESIAN_POINT('',(-24.45016247532,-18.6166626926,
    1.229313532048));
#12083 = CARTESIAN_POINT('',(-22.70003006427,-20.68921040289,
    1.243347280227));
#12084 = CARTESIAN_POINT('',(-20.75292655748,-22.57201114795,
    1.257380917602));
#12085 = CARTESIAN_POINT('',(-18.63290852983,-24.24374358745,
    1.271415149743));
#12086 = CARTESIAN_POINT('',(-15.19458837007,-26.43475952261,
    1.292713871427));
#12087 = CARTESIAN_POINT('',(-13.98160312417,-27.12150515126,
    1.299985120634));
#12088 = CARTESIAN_POINT('',(-12.73330205704,-27.74455084874,
    1.307256366242));
#12089 = CARTESIAN_POINT('',(-11.45359971976,-28.30178680059,
    1.314527895989));
#12090 = CARTESIAN_POINT('',(-10.14653251513,-28.79140428943,
    1.321799942581));
#12091 = CARTESIAN_POINT('',(-8.816258697695,-29.21189569501,
    1.329072683691));
#12092 = CARTESIAN_POINT('',(-7.467058373748,-29.5620544942,
    1.336346241959));
#12093 = CARTESIAN_POINT('',(-4.77586255858,-30.11248106148,
    1.350701740672));
#12094 = CARTESIAN_POINT('',(-3.434502611552,-30.31650719379,
    1.357784804766));
#12095 = CARTESIAN_POINT('',(-2.083344769235,-30.4522231485,
    1.364867877907));
#12096 = CARTESIAN_POINT('',(-0.726475826753,-30.519091302,
    1.371949685617));
#12097 = CARTESIAN_POINT('',(0.632021734633,-30.5168669164,
    1.379029678309));
#12098 = CARTESIAN_POINT('',(1.988069747526,-30.44559813957,
    1.386108031283));
#12099 = CARTESIAN_POINT('',(3.337594358393,-30.30562600513,
    1.39318564473));
#12100 = CARTESIAN_POINT('',(7.324223829733,-29.68618837129,
    1.414261666295));
#12101 = CARTESIAN_POINT('',(9.931576123059,-29.00844106283,
    1.428266670915));
#12102 = CARTESIAN_POINT('',(12.46568414133,-28.06909016587,
    1.442274204013));
#12103 = CARTESIAN_POINT('',(14.896198213193,-26.87791149062,
    1.456281484852));
#12104 = CARTESIAN_POINT('',(17.194623785112,-25.44825722686,
    1.470287150398));
#12105 = CARTESIAN_POINT('',(19.334456874506,-23.79718353451,
    1.484292944967));
#12106 = CARTESIAN_POINT('',(21.291190182542,-21.94534472624,
    1.4982994388));
#12107 = CARTESIAN_POINT('',(24.81763836841,-17.86564654291,
    1.526473880466));
#12108 = CARTESIAN_POINT('',(26.383894745686,-15.63125568169,
    1.540655782591));
#12109 = CARTESIAN_POINT('',(27.718951931608,-13.24119086408,
    1.554834157339));
#12110 = CARTESIAN_POINT('',(28.805339200919,-10.7237725158,
    1.569010721509));
#12111 = CARTESIAN_POINT('',(29.629611120643,-8.108856914814,
    1.583188618492));
#12112 = CARTESIAN_POINT('',(30.182494376533,-5.427801278661,
    1.597369983746));
#12113 = CARTESIAN_POINT('',(30.458734121411,-2.713331832946,
    1.611555102503));
#12114 = CARTESIAN_POINT('',(30.458734122635,-1.7763568394E-14,
    1.625734386124));
#12115 = PCURVE('',#6147,#12116);
#12116 = DEFINITIONAL_REPRESENTATION('',(#12117),#12197);
#12117 = B_SPLINE_CURVE_WITH_KNOTS('',8,(#12118,#12119,#12120,#12121,
    #12122,#12123,#12124,#12125,#12126,#12127,#12128,#12129,#12130,
    #12131,#12132,#12133,#12134,#12135,#12136,#12137,#12138,#12139,
    #12140,#12141,#12142,#12143,#12144,#12145,#12146,#12147,#12148,
    #12149,#12150,#12151,#12152,#12153,#12154,#12155,#12156,#12157,
    #12158,#12159,#12160,#12161,#12162,#12163,#12164,#12165,#12166,
    #12167,#12168,#12169,#12170,#12171,#12172,#12173,#12174,#12175,
    #12176,#12177,#12178,#12179,#12180,#12181,#12182,#12183,#12184,
    #12185,#12186,#12187,#12188,#12189,#12190,#12191,#12192,#12193,
    #12194,#12195,#12196),.UNSPECIFIED.,.F.,.F.,(9,7,7,7,7,7,7,7,7,7,7,9
    ),(0.,5.541570297266E-02,0.150095068842,0.229915819807,
    0.338456381198,0.43288823387,0.547442567477,0.659700540834,
    0.717894541249,0.774541483866,0.886559138627,1.),.UNSPECIFIED.);
#12118 = CARTESIAN_POINT('',(0.16278473045,19.086795394704));
#12119 = CARTESIAN_POINT('',(0.162784728748,19.130863401181));
#12120 = CARTESIAN_POINT('',(0.162779159808,19.174931908649));
#12121 = CARTESIAN_POINT('',(0.162772418295,19.21900147764));
#12122 = CARTESIAN_POINT('',(0.162766989379,19.26307286388));
#12123 = CARTESIAN_POINT('',(0.162763937078,19.307146498266));
#12124 = CARTESIAN_POINT('',(0.162763363802,19.351221793022));
#12125 = CARTESIAN_POINT('',(0.162764841086,19.395296274031));
#12126 = CARTESIAN_POINT('',(0.162772886553,19.514656472729));
#12127 = CARTESIAN_POINT('',(0.162782302878,19.589967621372));
#12128 = CARTESIAN_POINT('',(0.162793168269,19.665271346264));
#12129 = CARTESIAN_POINT('',(0.162800866893,19.740567145964));
#12130 = CARTESIAN_POINT('',(0.162803613797,19.815861952746));
#12131 = CARTESIAN_POINT('',(0.16280218192,19.891163186588));
#12132 = CARTESIAN_POINT('',(0.16279811939,19.966472172286));
#12133 = CARTESIAN_POINT('',(0.162788686117,20.105242860686));
#12134 = CARTESIAN_POINT('',(0.162783614548,20.168726060048));
#12135 = CARTESIAN_POINT('',(0.162778740854,20.232206780776));
#12136 = CARTESIAN_POINT('',(0.162774974795,20.295684570947));
#12137 = CARTESIAN_POINT('',(0.162772841422,20.359162793306));
#12138 = CARTESIAN_POINT('',(0.162772365629,20.422644143861));
#12139 = CARTESIAN_POINT('',(0.162773181274,20.486125890484));
#12140 = CARTESIAN_POINT('',(0.162777154283,20.635900139462));
#12141 = CARTESIAN_POINT('',(0.162781042713,20.722241475952));
#12142 = CARTESIAN_POINT('',(0.162785421331,20.808567321061));
#12143 = CARTESIAN_POINT('',(0.162788754136,20.894878999936));
#12144 = CARTESIAN_POINT('',(0.16279008586,20.981189701163));
#12145 = CARTESIAN_POINT('',(0.162789861185,21.067513030856));
#12146 = CARTESIAN_POINT('',(0.162788877127,21.153852635832));
#12147 = CARTESIAN_POINT('',(0.162786899706,21.315249648819));
#12148 = CARTESIAN_POINT('',(0.162785923348,21.390353102849));
#12149 = CARTESIAN_POINT('',(0.162785339017,21.465446800477));
#12150 = CARTESIAN_POINT('',(0.162785521267,21.540531674837));
#12151 = CARTESIAN_POINT('',(0.162786490765,21.615615625741));
#12152 = CARTESIAN_POINT('',(0.162787761541,21.690707060865));
#12153 = CARTESIAN_POINT('',(0.162788763512,21.765808477818));
#12154 = CARTESIAN_POINT('',(0.162789527576,21.931990935315));
#12155 = CARTESIAN_POINT('',(0.162788980461,22.023123975983));
#12156 = CARTESIAN_POINT('',(0.162786772488,22.114234724974));
#12157 = CARTESIAN_POINT('',(0.162782616447,22.205328395786));
#12158 = CARTESIAN_POINT('',(0.162777324294,22.29642253923));
#12159 = CARTESIAN_POINT('',(0.162773323695,22.387534481163));
#12160 = CARTESIAN_POINT('',(0.162772168773,22.478668437177));
#12161 = CARTESIAN_POINT('',(0.162775647009,22.659023976497));
#12162 = CARTESIAN_POINT('',(0.162780165082,22.748328932835));
#12163 = CARTESIAN_POINT('',(0.162787556946,22.837614546861));
#12164 = CARTESIAN_POINT('',(0.162796478293,22.926883794537));
#12165 = CARTESIAN_POINT('',(0.162803749355,23.016152250608));
#12166 = CARTESIAN_POINT('',(0.162804611873,23.105435840607));
#12167 = CARTESIAN_POINT('',(0.16279903481,23.194739130274));
#12168 = CARTESIAN_POINT('',(0.162785864749,23.330279794772));
#12169 = CARTESIAN_POINT('',(0.162780266237,23.376555246943));
#12170 = CARTESIAN_POINT('',(0.162774516095,23.422831050978));
#12171 = CARTESIAN_POINT('',(0.162769424779,23.469107034471));
#12172 = CARTESIAN_POINT('',(0.162765662716,23.515383020979));
#12173 = CARTESIAN_POINT('',(0.162763760303,23.561658830021));
#12174 = CARTESIAN_POINT('',(0.162764107901,23.607934277073));
#12175 = CARTESIAN_POINT('',(0.162769728074,23.69925387557));
#12176 = CARTESIAN_POINT('',(0.162776880379,23.744300530155));
#12177 = CARTESIAN_POINT('',(0.162783753285,23.789347932842));
#12178 = CARTESIAN_POINT('',(0.162787401673,23.834395254011));
#12179 = CARTESIAN_POINT('',(0.162786594779,23.879442038905));
#12180 = CARTESIAN_POINT('',(0.162781816192,23.924488207634));
#12181 = CARTESIAN_POINT('',(0.162775263856,23.969534055172));
#12182 = CARTESIAN_POINT('',(0.162762121929,24.103657772928));
#12183 = CARTESIAN_POINT('',(0.162758786822,24.192769568296));
#12184 = CARTESIAN_POINT('',(0.162770019337,24.281861446229));
#12185 = CARTESIAN_POINT('',(0.162786416621,24.37093895435));
#12186 = CARTESIAN_POINT('',(0.162797867539,24.460018410632));
#12187 = CARTESIAN_POINT('',(0.162802764734,24.549114885503));
#12188 = CARTESIAN_POINT('',(0.162802019658,24.638229754308));
#12189 = CARTESIAN_POINT('',(0.162793926347,24.817503024965));
#12190 = CARTESIAN_POINT('',(0.162786464496,24.907750447092));
#12191 = CARTESIAN_POINT('',(0.162778084473,24.997977938986));
#12192 = CARTESIAN_POINT('',(0.162771995737,25.088187605877));
#12193 = CARTESIAN_POINT('',(0.16277073708,25.178394812711));
#12194 = CARTESIAN_POINT('',(0.16277226559,25.268616224633));
#12195 = CARTESIAN_POINT('',(0.162775713485,25.358857350865));
#12196 = CARTESIAN_POINT('',(0.16277937834,25.449060654846));
#12197 = ( GEOMETRIC_REPRESENTATION_CONTEXT(2) 
PARAMETRIC_REPRESENTATION_CONTEXT() REPRESENTATION_CONTEXT('2D SPACE',''
  ) );
#12198 = PCURVE('',#8500,#12199);
#12199 = DEFINITIONAL_REPRESENTATION('',(#12200),#12280);
#12200 = B_SPLINE_CURVE_WITH_KNOTS('',8,(#12201,#12202,#12203,#12204,
    #12205,#12206,#12207,#12208,#12209,#12210,#12211,#12212,#12213,
    #12214,#12215,#12216,#12217,#12218,#12219,#12220,#12221,#12222,
    #12223,#12224,#12225,#12226,#12227,#12228,#12229,#12230,#12231,
    #12232,#12233,#12234,#12235,#12236,#12237,#12238,#12239,#12240,
    #12241,#12242,#12243,#12244,#12245,#12246,#12247,#12248,#12249,
    #12250,#12251,#12252,#12253,#12254,#12255,#12256,#12257,#12258,
    #12259,#12260,#12261,#12262,#12263,#12264,#12265,#12266,#12267,
    #12268,#12269,#12270,#12271,#12272,#12273,#12274,#12275,#12276,
    #12277,#12278,#12279),.UNSPECIFIED.,.F.,.F.,(9,7,7,7,7,7,7,7,7,7,7,9
    ),(0.,5.541570297266E-02,0.150095068842,0.229915819807,
    0.338456381198,0.43288823387,0.547442567477,0.659700540834,
    0.717894541249,0.774541483866,0.886559138627,1.),.UNSPECIFIED.);
#12201 = CARTESIAN_POINT('',(0.,0.625736448172));
#12202 = CARTESIAN_POINT('',(4.35202628448E-02,0.632662912467));
#12203 = CARTESIAN_POINT('',(8.704114753234E-02,0.63958729282));
#12204 = CARTESIAN_POINT('',(0.130563069317,0.646511384514));
#12205 = CARTESIAN_POINT('',(0.174086732182,0.653436271737));
#12206 = CARTESIAN_POINT('',(0.217612564763,0.660362435552));
#12207 = CARTESIAN_POINT('',(0.261140002435,0.667289823358));
#12208 = CARTESIAN_POINT('',(0.304666615546,0.674217879836));
#12209 = CARTESIAN_POINT('',(0.422543089726,0.692981650416));
#12210 = CARTESIAN_POINT('',(0.496918052207,0.70482246808));
#12211 = CARTESIAN_POINT('',(0.571285728114,0.716662681817));
#12212 = CARTESIAN_POINT('',(0.645645657881,0.728500419716));
#12213 = CARTESIAN_POINT('',(0.720004632756,0.740336077972));
#12214 = CARTESIAN_POINT('',(0.794369943406,0.752171123095));
#12215 = CARTESIAN_POINT('',(0.868742879651,0.764006364708));
#12216 = CARTESIAN_POINT('',(1.005788672702,0.785814222591));
#12217 = CARTESIAN_POINT('',(1.068482767298,0.795790333854));
#12218 = CARTESIAN_POINT('',(1.131174394119,0.805766132401));
#12219 = CARTESIAN_POINT('',(1.193863119148,0.815741900612));
#12220 = CARTESIAN_POINT('',(1.256552279937,0.825718370997));
#12221 = CARTESIAN_POINT('',(1.319244553514,0.835695976977));
#12222 = CARTESIAN_POINT('',(1.381937249591,0.845674146889));
#12223 = CARTESIAN_POINT('',(1.529849940029,0.869216716286));
#12224 = CARTESIAN_POINT('',(1.615118187135,0.882789075355));
#12225 = CARTESIAN_POINT('',(1.700371188492,0.89635918996));
#12226 = CARTESIAN_POINT('',(1.785610224891,0.9099266717));
#12227 = CARTESIAN_POINT('',(1.870848265379,0.923493222423));
#12228 = CARTESIAN_POINT('',(1.956098706323,0.937061153438));
#12229 = CARTESIAN_POINT('',(2.041365142685,0.950631347553));
#12230 = CARTESIAN_POINT('',(2.200755937024,0.975998433394));
#12231 = CARTESIAN_POINT('',(2.274925783594,0.987802569088));
#12232 = CARTESIAN_POINT('',(2.349085959196,0.999605323592));
#12233 = CARTESIAN_POINT('',(2.42323740915,1.011406989075));
#12234 = CARTESIAN_POINT('',(2.497387968166,1.023208815232));
#12235 = CARTESIAN_POINT('',(2.571545965351,1.03501193477));
#12236 = CARTESIAN_POINT('',(2.645713875888,1.046816518798));
#12237 = CARTESIAN_POINT('',(2.809830805662,1.072936830113));
#12238 = CARTESIAN_POINT('',(2.899831202377,1.087260610491));
#12239 = CARTESIAN_POINT('',(2.989809648312,1.10158024195));
#12240 = CARTESIAN_POINT('',(3.079771252755,1.115896432356));
#12241 = CARTESIAN_POINT('',(3.16973328028,1.130212255707));
#12242 = CARTESIAN_POINT('',(3.259712801393,1.144531378293));
#12243 = CARTESIAN_POINT('',(3.349713992668,1.15885506643));
#12244 = CARTESIAN_POINT('',(3.527827695028,1.187204110701));
#12245 = CARTESIAN_POINT('',(3.616022544281,1.201242526428));
#12246 = CARTESIAN_POINT('',(3.704198284344,1.215279018366));
#12247 = CARTESIAN_POINT('',(3.792357897936,1.229313532048));
#12248 = CARTESIAN_POINT('',(3.880516815681,1.243347280227));
#12249 = CARTESIAN_POINT('',(3.968690721028,1.257380917602));
#12250 = CARTESIAN_POINT('',(4.056884042059,1.271415149743));
#12251 = CARTESIAN_POINT('',(4.190739960887,1.292713871427));
#12252 = CARTESIAN_POINT('',(4.236440200534,1.299985120634));
#12253 = CARTESIAN_POINT('',(4.282140771194,1.307256366242));
#12254 = CARTESIAN_POINT('',(4.327841507262,1.314527895989));
#12255 = CARTESIAN_POINT('',(4.373542243151,1.321799942581));
#12256 = CARTESIAN_POINT('',(4.4192428133,1.329072683691));
#12257 = CARTESIAN_POINT('',(4.464943052167,1.336346241959));
#12258 = CARTESIAN_POINT('',(4.555127631981,1.350701740672));
#12259 = CARTESIAN_POINT('',(4.59961443871,1.357784804766));
#12260 = CARTESIAN_POINT('',(4.644102005067,1.364867877907));
#12261 = CARTESIAN_POINT('',(4.688589496715,1.371949685617));
#12262 = CARTESIAN_POINT('',(4.733076454337,1.379029678309));
#12263 = CARTESIAN_POINT('',(4.77756279363,1.386108031283));
#12264 = CARTESIAN_POINT('',(4.82204880531,1.39318564473));
#12265 = CARTESIAN_POINT('',(4.954505596993,1.414261666295));
#12266 = CARTESIAN_POINT('',(5.042509741345,1.428266670915));
#12267 = CARTESIAN_POINT('',(5.13049399177,1.442274204013));
#12268 = CARTESIAN_POINT('',(5.218464201837,1.456281484852));
#12269 = CARTESIAN_POINT('',(5.306436447493,1.470287150398));
#12270 = CARTESIAN_POINT('',(5.394425547188,1.484292944967));
#12271 = CARTESIAN_POINT('',(5.482432798309,1.4982994388));
#12272 = CARTESIAN_POINT('',(5.659477797473,1.526473880466));
#12273 = CARTESIAN_POINT('',(5.748603456449,1.540655782591));
#12274 = CARTESIAN_POINT('',(5.837709389398,1.554834157339));
#12275 = CARTESIAN_POINT('',(5.926797651382,1.569010721509));
#12276 = CARTESIAN_POINT('',(6.015883565026,1.583188618492));
#12277 = CARTESIAN_POINT('',(6.104983539907,1.597369983746));
#12278 = CARTESIAN_POINT('',(6.194103081306,1.611555102503));
#12279 = CARTESIAN_POINT('',(6.28318530718,1.625734386124));
#12280 = ( GEOMETRIC_REPRESENTATION_CONTEXT(2) 
PARAMETRIC_REPRESENTATION_CONTEXT() REPRESENTATION_CONTEXT('2D SPACE',''
  ) );
#12281 = ADVANCED_FACE('',(#12282,#12646),#7638,.F.);
#12282 = FACE_BOUND('',#12283,.F.);
#12283 = EDGE_LOOP('',(#12284,#12379,#12380,#12460));
#12284 = ORIENTED_EDGE('',*,*,#12285,.F.);
#12285 = EDGE_CURVE('',#3678,#12286,#12288,.T.);
#12286 = VERTEX_POINT('',#12287);
#12287 = CARTESIAN_POINT('',(-22.49216157274,22.492160466229,
    8.983368171521E-17));
#12288 = SURFACE_CURVE('',#12289,(#12317,#12348),.PCURVE_S1.);
#12289 = B_SPLINE_CURVE_WITH_KNOTS('',6,(#12290,#12291,#12292,#12293,
    #12294,#12295,#12296,#12297,#12298,#12299,#12300,#12301,#12302,
    #12303,#12304,#12305,#12306,#12307,#12308,#12309,#12310,#12311,
    #12312,#12313,#12314,#12315,#12316),.UNSPECIFIED.,.F.,.F.,(7,5,5,5,5
    ,7),(0.,0.257037374909,0.50667958813,0.630507293303,0.754004815906,
    1.),.UNSPECIFIED.);
#12290 = CARTESIAN_POINT('',(30.026089910048,12.437218528676,0.));
#12291 = CARTESIAN_POINT('',(28.9640076014,14.924741497205,0.));
#12292 = CARTESIAN_POINT('',(27.653317729736,17.306575586219,0.));
#12293 = CARTESIAN_POINT('',(26.107156357694,19.550640799239,0.));
#12294 = CARTESIAN_POINT('',(24.343840731585,21.62849980964,0.));
#12295 = CARTESIAN_POINT('',(22.385549771181,23.514452878693,0.));
#12296 = CARTESIAN_POINT('',(18.194929180013,26.810791336614,0.));
#12297 = CARTESIAN_POINT('',(15.971510824763,28.233765950168,0.));
#12298 = CARTESIAN_POINT('',(13.61430914254,29.435409247076,0.));
#12299 = CARTESIAN_POINT('',(11.150773939891,30.400623172342,0.));
#12300 = CARTESIAN_POINT('',(8.610267124576,31.118171869218,0.));
#12301 = CARTESIAN_POINT('',(4.742086977297,31.812252622733,0.));
#12302 = CARTESIAN_POINT('',(3.448349827262,31.980005576109,0.));
#12303 = CARTESIAN_POINT('',(2.147219033984,32.08465451974,0.));
#12304 = CARTESIAN_POINT('',(0.842531427813,32.125790294355,0.));
#12305 = CARTESIAN_POINT('',(-0.461848479391,32.103315739107,0.));
#12306 = CARTESIAN_POINT('',(-3.05874091967,31.931791919837,0.));
#12307 = CARTESIAN_POINT('',(-4.351299094747,31.783079386079,0.));
#12308 = CARTESIAN_POINT('',(-5.63584058936,31.571509775488,0.));
#12309 = CARTESIAN_POINT('',(-6.908552610213,31.297609716817,0.));
#12310 = CARTESIAN_POINT('',(-8.165668310621,30.962203372989,0.));
#12311 = CARTESIAN_POINT('',(-11.86905819815,29.778107726004,0.));
#12312 = CARTESIAN_POINT('',(-14.25840881828,28.750163817503,0.));
#12313 = CARTESIAN_POINT('',(-16.54154105659,27.491709587069,0.));
#12314 = CARTESIAN_POINT('',(-18.69118846055,26.016683360081,0.));
#12315 = CARTESIAN_POINT('',(-20.68215644725,24.342678822983,0.));
#12316 = CARTESIAN_POINT('',(-22.49216157274,22.492160466229,0.));
#12317 = PCURVE('',#7638,#12318);
#12318 = DEFINITIONAL_REPRESENTATION('',(#12319),#12347);
#12319 = B_SPLINE_CURVE_WITH_KNOTS('',6,(#12320,#12321,#12322,#12323,
    #12324,#12325,#12326,#12327,#12328,#12329,#12330,#12331,#12332,
    #12333,#12334,#12335,#12336,#12337,#12338,#12339,#12340,#12341,
    #12342,#12343,#12344,#12345,#12346),.UNSPECIFIED.,.F.,.F.,(7,5,5,5,5
    ,7),(0.,0.257037374909,0.50667958813,0.630507293303,0.754004815906,
    1.),.UNSPECIFIED.);
#12320 = CARTESIAN_POINT('',(30.026089910048,12.437218528676));
#12321 = CARTESIAN_POINT('',(28.9640076014,14.924741497205));
#12322 = CARTESIAN_POINT('',(27.653317729736,17.306575586219));
#12323 = CARTESIAN_POINT('',(26.107156357694,19.550640799239));
#12324 = CARTESIAN_POINT('',(24.343840731585,21.62849980964));
#12325 = CARTESIAN_POINT('',(22.385549771181,23.514452878693));
#12326 = CARTESIAN_POINT('',(18.194929180013,26.810791336614));
#12327 = CARTESIAN_POINT('',(15.971510824763,28.233765950168));
#12328 = CARTESIAN_POINT('',(13.61430914254,29.435409247076));
#12329 = CARTESIAN_POINT('',(11.150773939891,30.400623172342));
#12330 = CARTESIAN_POINT('',(8.610267124576,31.118171869218));
#12331 = CARTESIAN_POINT('',(4.742086977297,31.812252622733));
#12332 = CARTESIAN_POINT('',(3.448349827262,31.980005576109));
#12333 = CARTESIAN_POINT('',(2.147219033984,32.08465451974));
#12334 = CARTESIAN_POINT('',(0.842531427813,32.125790294355));
#12335 = CARTESIAN_POINT('',(-0.461848479391,32.103315739107));
#12336 = CARTESIAN_POINT('',(-3.05874091967,31.931791919837));
#12337 = CARTESIAN_POINT('',(-4.351299094747,31.783079386079));
#12338 = CARTESIAN_POINT('',(-5.63584058936,31.571509775488));
#12339 = CARTESIAN_POINT('',(-6.908552610213,31.297609716817));
#12340 = CARTESIAN_POINT('',(-8.165668310621,30.962203372989));
#12341 = CARTESIAN_POINT('',(-11.86905819815,29.778107726004));
#12342 = CARTESIAN_POINT('',(-14.25840881828,28.750163817503));
#12343 = CARTESIAN_POINT('',(-16.54154105659,27.491709587069));
#12344 = CARTESIAN_POINT('',(-18.69118846055,26.016683360081));
#12345 = CARTESIAN_POINT('',(-20.68215644725,24.342678822983));
#12346 = CARTESIAN_POINT('',(-22.49216157274,22.492160466229));
#12347 = ( GEOMETRIC_REPRESENTATION_CONTEXT(2) 
PARAMETRIC_REPRESENTATION_CONTEXT() REPRESENTATION_CONTEXT('2D SPACE',''
  ) );
#12348 = PCURVE('',#7674,#12349);
#12349 = DEFINITIONAL_REPRESENTATION('',(#12350),#12378);
#12350 = B_SPLINE_CURVE_WITH_KNOTS('',6,(#12351,#12352,#12353,#12354,
    #12355,#12356,#12357,#12358,#12359,#12360,#12361,#12362,#12363,
    #12364,#12365,#12366,#12367,#12368,#12369,#12370,#12371,#12372,
    #12373,#12374,#12375,#12376,#12377),.UNSPECIFIED.,.F.,.F.,(7,5,5,5,5
    ,7),(0.,0.257037374909,0.50667958813,0.630507293303,0.754004815906,
    1.),.UNSPECIFIED.);
#12351 = CARTESIAN_POINT('',(30.026089910048,12.437218528676));
#12352 = CARTESIAN_POINT('',(28.9640076014,14.924741497205));
#12353 = CARTESIAN_POINT('',(27.653317729736,17.306575586219));
#12354 = CARTESIAN_POINT('',(26.107156357694,19.550640799239));
#12355 = CARTESIAN_POINT('',(24.343840731585,21.62849980964));
#12356 = CARTESIAN_POINT('',(22.385549771181,23.514452878693));
#12357 = CARTESIAN_POINT('',(18.194929180013,26.810791336614));
#12358 = CARTESIAN_POINT('',(15.971510824763,28.233765950168));
#12359 = CARTESIAN_POINT('',(13.61430914254,29.435409247076));
#12360 = CARTESIAN_POINT('',(11.150773939891,30.400623172342));
#12361 = CARTESIAN_POINT('',(8.610267124576,31.118171869218));
#12362 = CARTESIAN_POINT('',(4.742086977297,31.812252622733));
#12363 = CARTESIAN_POINT('',(3.448349827262,31.980005576109));
#12364 = CARTESIAN_POINT('',(2.147219033984,32.08465451974));
#12365 = CARTESIAN_POINT('',(0.842531427813,32.125790294355));
#12366 = CARTESIAN_POINT('',(-0.461848479391,32.103315739107));
#12367 = CARTESIAN_POINT('',(-3.05874091967,31.931791919837));
#12368 = CARTESIAN_POINT('',(-4.351299094747,31.783079386079));
#12369 = CARTESIAN_POINT('',(-5.63584058936,31.571509775488));
#12370 = CARTESIAN_POINT('',(-6.908552610213,31.297609716817));
#12371 = CARTESIAN_POINT('',(-8.165668310621,30.962203372989));
#12372 = CARTESIAN_POINT('',(-11.86905819815,29.778107726004));
#12373 = CARTESIAN_POINT('',(-14.25840881828,28.750163817503));
#12374 = CARTESIAN_POINT('',(-16.54154105659,27.491709587069));
#12375 = CARTESIAN_POINT('',(-18.69118846055,26.016683360081));
#12376 = CARTESIAN_POINT('',(-20.68215644725,24.342678822983));
#12377 = CARTESIAN_POINT('',(-22.49216157274,22.492160466229));
#12378 = ( GEOMETRIC_REPRESENTATION_CONTEXT(2) 
PARAMETRIC_REPRESENTATION_CONTEXT() REPRESENTATION_CONTEXT('2D SPACE',''
  ) );
#12379 = ORIENTED_EDGE('',*,*,#7623,.T.);
#12380 = ORIENTED_EDGE('',*,*,#12381,.F.);
#12381 = EDGE_CURVE('',#12382,#1362,#12384,.T.);
#12382 = VERTEX_POINT('',#12383);
#12383 = CARTESIAN_POINT('',(-22.49216046685,-22.49216157218,
    2.008559777797E-16));
#12384 = SURFACE_CURVE('',#12385,(#12408,#12434),.PCURVE_S1.);
#12385 = B_SPLINE_CURVE_WITH_KNOTS('',6,(#12386,#12387,#12388,#12389,
    #12390,#12391,#12392,#12393,#12394,#12395,#12396,#12397,#12398,
    #12399,#12400,#12401,#12402,#12403,#12404,#12405,#12406,#12407),
  .UNSPECIFIED.,.F.,.F.,(7,5,5,5,7),(0.,0.245996821169,0.492315614058,
    0.743965323353,1.),.UNSPECIFIED.);
#12386 = CARTESIAN_POINT('',(-22.49216046685,-22.49216157218,0.));
#12387 = CARTESIAN_POINT('',(-20.68215702276,-24.34268104765,0.));
#12388 = CARTESIAN_POINT('',(-18.69119004622,-26.01668746396,0.));
#12389 = CARTESIAN_POINT('',(-16.54154226503,-27.49171320067,0.));
#12390 = CARTESIAN_POINT('',(-14.25840722325,-28.75016196742,0.));
#12391 = CARTESIAN_POINT('',(-11.86905434451,-29.77810110198,0.));
#12392 = CARTESIAN_POINT('',(-6.934655638959,-31.35578904709,0.));
#12393 = CARTESIAN_POINT('',(-4.388738414219,-31.90512467199,0.));
#12394 = CARTESIAN_POINT('',(-1.795713636895,-32.20507507092,0.));
#12395 = CARTESIAN_POINT('',(0.814127774259,-32.25188389419,0.));
#12396 = CARTESIAN_POINT('',(3.410371990349,-32.04596236148,0.));
#12397 = CARTESIAN_POINT('',(8.569786100174,-31.1306294021,0.));
#12398 = CARTESIAN_POINT('',(11.131757416222,-30.41028721844,0.));
#12399 = CARTESIAN_POINT('',(13.615747328665,-29.43818482761,0.));
#12400 = CARTESIAN_POINT('',(15.991673459758,-28.22580931341,0.));
#12401 = CARTESIAN_POINT('',(18.231423971086,-26.78863129875,0.));
#12402 = CARTESIAN_POINT('',(22.42382389696,-23.47755611004,0.));
#12403 = CARTESIAN_POINT('',(24.371417454972,-21.59598986661,0.));
#12404 = CARTESIAN_POINT('',(26.125293021696,-19.52431070904,0.));
#12405 = CARTESIAN_POINT('',(27.663563266419,-17.2879456759,0.));
#12406 = CARTESIAN_POINT('',(28.968150788143,-14.915016486,0.));
#12407 = CARTESIAN_POINT('',(30.026076041511,-12.43722103934,0.));
#12408 = PCURVE('',#7638,#12409);
#12409 = DEFINITIONAL_REPRESENTATION('',(#12410),#12433);
#12410 = B_SPLINE_CURVE_WITH_KNOTS('',6,(#12411,#12412,#12413,#12414,
    #12415,#12416,#12417,#12418,#12419,#12420,#12421,#12422,#12423,
    #12424,#12425,#12426,#12427,#12428,#12429,#12430,#12431,#12432),
  .UNSPECIFIED.,.F.,.F.,(7,5,5,5,7),(0.,0.245996821169,0.492315614058,
    0.743965323353,1.),.UNSPECIFIED.);
#12411 = CARTESIAN_POINT('',(-22.49216046685,-22.49216157218));
#12412 = CARTESIAN_POINT('',(-20.68215702276,-24.34268104765));
#12413 = CARTESIAN_POINT('',(-18.69119004622,-26.01668746396));
#12414 = CARTESIAN_POINT('',(-16.54154226503,-27.49171320067));
#12415 = CARTESIAN_POINT('',(-14.25840722325,-28.75016196742));
#12416 = CARTESIAN_POINT('',(-11.86905434451,-29.77810110198));
#12417 = CARTESIAN_POINT('',(-6.934655638959,-31.35578904709));
#12418 = CARTESIAN_POINT('',(-4.388738414219,-31.90512467199));
#12419 = CARTESIAN_POINT('',(-1.795713636895,-32.20507507092));
#12420 = CARTESIAN_POINT('',(0.814127774259,-32.25188389419));
#12421 = CARTESIAN_POINT('',(3.410371990349,-32.04596236148));
#12422 = CARTESIAN_POINT('',(8.569786100174,-31.1306294021));
#12423 = CARTESIAN_POINT('',(11.131757416222,-30.41028721844));
#12424 = CARTESIAN_POINT('',(13.615747328665,-29.43818482761));
#12425 = CARTESIAN_POINT('',(15.991673459758,-28.22580931341));
#12426 = CARTESIAN_POINT('',(18.231423971086,-26.78863129875));
#12427 = CARTESIAN_POINT('',(22.42382389696,-23.47755611004));
#12428 = CARTESIAN_POINT('',(24.371417454972,-21.59598986661));
#12429 = CARTESIAN_POINT('',(26.125293021696,-19.52431070904));
#12430 = CARTESIAN_POINT('',(27.663563266419,-17.2879456759));
#12431 = CARTESIAN_POINT('',(28.968150788143,-14.915016486));
#12432 = CARTESIAN_POINT('',(30.026076041511,-12.43722103934));
#12433 = ( GEOMETRIC_REPRESENTATION_CONTEXT(2) 
PARAMETRIC_REPRESENTATION_CONTEXT() REPRESENTATION_CONTEXT('2D SPACE',''
  ) );
#12434 = PCURVE('',#7674,#12435);
#12435 = DEFINITIONAL_REPRESENTATION('',(#12436),#12459);
#12436 = B_SPLINE_CURVE_WITH_KNOTS('',6,(#12437,#12438,#12439,#12440,
    #12441,#12442,#12443,#12444,#12445,#12446,#12447,#12448,#12449,
    #12450,#12451,#12452,#12453,#12454,#12455,#12456,#12457,#12458),
  .UNSPECIFIED.,.F.,.F.,(7,5,5,5,7),(0.,0.245996821169,0.492315614058,
    0.743965323353,1.),.UNSPECIFIED.);
#12437 = CARTESIAN_POINT('',(-22.49216046685,-22.49216157218));
#12438 = CARTESIAN_POINT('',(-20.68215702276,-24.34268104765));
#12439 = CARTESIAN_POINT('',(-18.69119004622,-26.01668746396));
#12440 = CARTESIAN_POINT('',(-16.54154226503,-27.49171320067));
#12441 = CARTESIAN_POINT('',(-14.25840722325,-28.75016196742));
#12442 = CARTESIAN_POINT('',(-11.86905434451,-29.77810110198));
#12443 = CARTESIAN_POINT('',(-6.934655638959,-31.35578904709));
#12444 = CARTESIAN_POINT('',(-4.388738414219,-31.90512467199));
#12445 = CARTESIAN_POINT('',(-1.795713636895,-32.20507507092));
#12446 = CARTESIAN_POINT('',(0.814127774259,-32.25188389419));
#12447 = CARTESIAN_POINT('',(3.410371990349,-32.04596236148));
#12448 = CARTESIAN_POINT('',(8.569786100174,-31.1306294021));
#12449 = CARTESIAN_POINT('',(11.131757416222,-30.41028721844));
#12450 = CARTESIAN_POINT('',(13.615747328665,-29.43818482761));
#12451 = CARTESIAN_POINT('',(15.991673459758,-28.22580931341));
#12452 = CARTESIAN_POINT('',(18.231423971086,-26.78863129875));
#12453 = CARTESIAN_POINT('',(22.42382389696,-23.47755611004));
#12454 = CARTESIAN_POINT('',(24.371417454972,-21.59598986661));
#12455 = CARTESIAN_POINT('',(26.125293021696,-19.52431070904));
#12456 = CARTESIAN_POINT('',(27.663563266419,-17.2879456759));
#12457 = CARTESIAN_POINT('',(28.968150788143,-14.915016486));
#12458 = CARTESIAN_POINT('',(30.026076041511,-12.43722103934));
#12459 = ( GEOMETRIC_REPRESENTATION_CONTEXT(2) 
PARAMETRIC_REPRESENTATION_CONTEXT() REPRESENTATION_CONTEXT('2D SPACE',''
  ) );
#12460 = ORIENTED_EDGE('',*,*,#12461,.F.);
#12461 = EDGE_CURVE('',#12286,#12382,#12462,.T.);
#12462 = SURFACE_CURVE('',#12463,(#12522,#12584),.PCURVE_S1.);
#12463 = B_SPLINE_CURVE_WITH_KNOTS('',8,(#12464,#12465,#12466,#12467,
    #12468,#12469,#12470,#12471,#12472,#12473,#12474,#12475,#12476,
    #12477,#12478,#12479,#12480,#12481,#12482,#12483,#12484,#12485,
    #12486,#12487,#12488,#12489,#12490,#12491,#12492,#12493,#12494,
    #12495,#12496,#12497,#12498,#12499,#12500,#12501,#12502,#12503,
    #12504,#12505,#12506,#12507,#12508,#12509,#12510,#12511,#12512,
    #12513,#12514,#12515,#12516,#12517,#12518,#12519,#12520,#12521),
  .UNSPECIFIED.,.F.,.F.,(9,7,7,7,7,7,7,7,9),(0.,0.151996610632,
    0.173999870271,0.277011238499,0.432005550598,0.58700003025,
    0.690011247747,0.845005690086,1.),.UNSPECIFIED.);
#12464 = CARTESIAN_POINT('',(-22.49216157274,22.492160466229,0.));
#12465 = CARTESIAN_POINT('',(-20.47866022139,24.505660273575,0.));
#12466 = CARTESIAN_POINT('',(-18.25825097521,26.314076795178,0.));
#12467 = CARTESIAN_POINT('',(-15.85659977999,27.891095482894,0.));
#12468 = CARTESIAN_POINT('',(-13.30225000535,29.216155066178,0.));
#12469 = CARTESIAN_POINT('',(-10.62568433134,30.272785640878,0.));
#12470 = CARTESIAN_POINT('',(-7.859333973237,31.048797453188,0.));
#12471 = CARTESIAN_POINT('',(-5.037442769149,31.536153581545,0.));
#12472 = CARTESIAN_POINT('',(-1.785487151744,31.761261043742,0.));
#12473 = CARTESIAN_POINT('',(-1.373837482624,31.783636756123,0.));
#12474 = CARTESIAN_POINT('',(-0.961871507994,31.799914964519,0.));
#12475 = CARTESIAN_POINT('',(-0.549694605147,31.810090688116,0.));
#12476 = CARTESIAN_POINT('',(-0.137412194561,31.81416108033,0.));
#12477 = CARTESIAN_POINT('',(0.274870260102,31.81212542881,0.));
#12478 = CARTESIAN_POINT('',(0.687047251996,31.803985155435,0.));
#12479 = CARTESIAN_POINT('',(3.027690157415,31.723070975449,0.));
#12480 = CARTESIAN_POINT('',(4.95193165014,31.522668880836,0.));
#12481 = CARTESIAN_POINT('',(6.860639125169,31.188868725161,0.));
#12482 = CARTESIAN_POINT('',(8.743024120328,30.72314939761,0.));
#12483 = CARTESIAN_POINT('',(10.588574575733,30.127990680671,0.));
#12484 = CARTESIAN_POINT('',(12.387048226202,29.406821863451,0.));
#12485 = CARTESIAN_POINT('',(14.128493105724,28.564065771502,0.));
#12486 = CARTESIAN_POINT('',(18.3232577408,26.162654737592,0.));
#12487 = CARTESIAN_POINT('',(20.69394704148,24.456429377346,0.));
#12488 = CARTESIAN_POINT('',(22.881212551633,22.505564190284,0.));
#12489 = CARTESIAN_POINT('',(24.856161899588,20.333668437382,0.));
#12490 = CARTESIAN_POINT('',(26.593617762268,17.967490327658,0.));
#12491 = CARTESIAN_POINT('',(28.072346098527,15.437004029906,0.));
#12492 = CARTESIAN_POINT('',(29.274930068521,12.7752063533,0.));
#12493 = CARTESIAN_POINT('',(31.104179601742,7.263453340855,0.));
#12494 = CARTESIAN_POINT('',(31.73173650721,4.410810195445,0.));
#12495 = CARTESIAN_POINT('',(32.059432409087,1.498312521374,0.));
#12496 = CARTESIAN_POINT('',(32.081498439968,-1.437176049644,0.));
#12497 = CARTESIAN_POINT('',(31.797032262394,-4.358932371505,0.));
#12498 = CARTESIAN_POINT('',(31.210219295366,-7.23046139809,0.));
#12499 = CARTESIAN_POINT('',(30.330103155889,-10.01556358532,0.));
#12500 = CARTESIAN_POINT('',(28.403516823804,-14.44852114972,0.));
#12501 = CARTESIAN_POINT('',(27.511515443763,-16.16525837422,0.));
#12502 = CARTESIAN_POINT('',(26.501105844264,-17.8186331686,0.));
#12503 = CARTESIAN_POINT('',(25.377621486598,-19.39915179039,0.));
#12504 = CARTESIAN_POINT('',(24.147222779104,-20.89794304541,0.));
#12505 = CARTESIAN_POINT('',(22.816853640318,-22.30673463796,0.));
#12506 = CARTESIAN_POINT('',(21.394275813774,-23.61788895434,0.));
#12507 = CARTESIAN_POINT('',(17.622055539557,-26.64000676592,0.));
#12508 = CARTESIAN_POINT('',(15.165418291711,-28.21998291614,0.));
#12509 = CARTESIAN_POINT('',(12.54843128741,-29.53960319268,0.));
#12510 = CARTESIAN_POINT('',(9.803653628485,-30.5806446514,0.));
#12511 = CARTESIAN_POINT('',(6.965204259548,-31.32949566455,0.));
#12512 = CARTESIAN_POINT('',(4.068756957567,-31.77739432315,0.));
#12513 = CARTESIAN_POINT('',(1.151397271234,-31.92023641331,0.));
#12514 = CARTESIAN_POINT('',(-4.647198704735,-31.60112587211,0.));
#12515 = CARTESIAN_POINT('',(-7.531265705159,-31.1390179788,0.));
#12516 = CARTESIAN_POINT('',(-10.36107082394,-30.37598764261,0.));
#12517 = CARTESIAN_POINT('',(-13.10020122838,-29.32018204636,0.));
#12518 = CARTESIAN_POINT('',(-15.71415979399,-27.9842250237,0.));
#12519 = CARTESIAN_POINT('',(-18.17052865798,-26.38539309869,0.));
#12520 = CARTESIAN_POINT('',(-20.43894710822,-24.54537650482,0.));
#12521 = CARTESIAN_POINT('',(-22.49216046685,-22.49216157218,0.));
#12522 = PCURVE('',#7638,#12523);
#12523 = DEFINITIONAL_REPRESENTATION('',(#12524),#12583);
#12524 = B_SPLINE_CURVE_WITH_KNOTS('',8,(#12525,#12526,#12527,#12528,
    #12529,#12530,#12531,#12532,#12533,#12534,#12535,#12536,#12537,
    #12538,#12539,#12540,#12541,#12542,#12543,#12544,#12545,#12546,
    #12547,#12548,#12549,#12550,#12551,#12552,#12553,#12554,#12555,
    #12556,#12557,#12558,#12559,#12560,#12561,#12562,#12563,#12564,
    #12565,#12566,#12567,#12568,#12569,#12570,#12571,#12572,#12573,
    #12574,#12575,#12576,#12577,#12578,#12579,#12580,#12581,#12582),
  .UNSPECIFIED.,.F.,.F.,(9,7,7,7,7,7,7,7,9),(0.,0.151996610632,
    0.173999870271,0.277011238499,0.432005550598,0.58700003025,
    0.690011247747,0.845005690086,1.),.UNSPECIFIED.);
#12525 = CARTESIAN_POINT('',(-22.49216157274,22.492160466229));
#12526 = CARTESIAN_POINT('',(-20.47866022139,24.505660273575));
#12527 = CARTESIAN_POINT('',(-18.25825097521,26.314076795178));
#12528 = CARTESIAN_POINT('',(-15.85659977999,27.891095482894));
#12529 = CARTESIAN_POINT('',(-13.30225000535,29.216155066178));
#12530 = CARTESIAN_POINT('',(-10.62568433134,30.272785640878));
#12531 = CARTESIAN_POINT('',(-7.859333973237,31.048797453188));
#12532 = CARTESIAN_POINT('',(-5.037442769149,31.536153581545));
#12533 = CARTESIAN_POINT('',(-1.785487151744,31.761261043742));
#12534 = CARTESIAN_POINT('',(-1.373837482624,31.783636756123));
#12535 = CARTESIAN_POINT('',(-0.961871507994,31.799914964519));
#12536 = CARTESIAN_POINT('',(-0.549694605147,31.810090688116));
#12537 = CARTESIAN_POINT('',(-0.137412194561,31.81416108033));
#12538 = CARTESIAN_POINT('',(0.274870260102,31.81212542881));
#12539 = CARTESIAN_POINT('',(0.687047251996,31.803985155435));
#12540 = CARTESIAN_POINT('',(3.027690157415,31.723070975449));
#12541 = CARTESIAN_POINT('',(4.95193165014,31.522668880836));
#12542 = CARTESIAN_POINT('',(6.860639125169,31.188868725161));
#12543 = CARTESIAN_POINT('',(8.743024120328,30.72314939761));
#12544 = CARTESIAN_POINT('',(10.588574575733,30.127990680671));
#12545 = CARTESIAN_POINT('',(12.387048226202,29.406821863451));
#12546 = CARTESIAN_POINT('',(14.128493105724,28.564065771502));
#12547 = CARTESIAN_POINT('',(18.3232577408,26.162654737592));
#12548 = CARTESIAN_POINT('',(20.69394704148,24.456429377346));
#12549 = CARTESIAN_POINT('',(22.881212551633,22.505564190284));
#12550 = CARTESIAN_POINT('',(24.856161899588,20.333668437382));
#12551 = CARTESIAN_POINT('',(26.593617762268,17.967490327658));
#12552 = CARTESIAN_POINT('',(28.072346098527,15.437004029906));
#12553 = CARTESIAN_POINT('',(29.274930068521,12.7752063533));
#12554 = CARTESIAN_POINT('',(31.104179601742,7.263453340855));
#12555 = CARTESIAN_POINT('',(31.73173650721,4.410810195445));
#12556 = CARTESIAN_POINT('',(32.059432409087,1.498312521374));
#12557 = CARTESIAN_POINT('',(32.081498439968,-1.437176049644));
#12558 = CARTESIAN_POINT('',(31.797032262394,-4.358932371505));
#12559 = CARTESIAN_POINT('',(31.210219295366,-7.23046139809));
#12560 = CARTESIAN_POINT('',(30.330103155889,-10.01556358532));
#12561 = CARTESIAN_POINT('',(28.403516823804,-14.44852114972));
#12562 = CARTESIAN_POINT('',(27.511515443763,-16.16525837422));
#12563 = CARTESIAN_POINT('',(26.501105844264,-17.8186331686));
#12564 = CARTESIAN_POINT('',(25.377621486598,-19.39915179039));
#12565 = CARTESIAN_POINT('',(24.147222779104,-20.89794304541));
#12566 = CARTESIAN_POINT('',(22.816853640318,-22.30673463796));
#12567 = CARTESIAN_POINT('',(21.394275813774,-23.61788895434));
#12568 = CARTESIAN_POINT('',(17.622055539557,-26.64000676592));
#12569 = CARTESIAN_POINT('',(15.165418291711,-28.21998291614));
#12570 = CARTESIAN_POINT('',(12.54843128741,-29.53960319268));
#12571 = CARTESIAN_POINT('',(9.803653628485,-30.5806446514));
#12572 = CARTESIAN_POINT('',(6.965204259548,-31.32949566455));
#12573 = CARTESIAN_POINT('',(4.068756957567,-31.77739432315));
#12574 = CARTESIAN_POINT('',(1.151397271234,-31.92023641331));
#12575 = CARTESIAN_POINT('',(-4.647198704735,-31.60112587211));
#12576 = CARTESIAN_POINT('',(-7.531265705159,-31.1390179788));
#12577 = CARTESIAN_POINT('',(-10.36107082394,-30.37598764261));
#12578 = CARTESIAN_POINT('',(-13.10020122838,-29.32018204636));
#12579 = CARTESIAN_POINT('',(-15.71415979399,-27.9842250237));
#12580 = CARTESIAN_POINT('',(-18.17052865798,-26.38539309869));
#12581 = CARTESIAN_POINT('',(-20.43894710822,-24.54537650482));
#12582 = CARTESIAN_POINT('',(-22.49216046685,-22.49216157218));
#12583 = ( GEOMETRIC_REPRESENTATION_CONTEXT(2) 
PARAMETRIC_REPRESENTATION_CONTEXT() REPRESENTATION_CONTEXT('2D SPACE',''
  ) );
#12584 = PCURVE('',#7674,#12585);
#12585 = DEFINITIONAL_REPRESENTATION('',(#12586),#12645);
#12586 = B_SPLINE_CURVE_WITH_KNOTS('',8,(#12587,#12588,#12589,#12590,
    #12591,#12592,#12593,#12594,#12595,#12596,#12597,#12598,#12599,
    #12600,#12601,#12602,#12603,#12604,#12605,#12606,#12607,#12608,
    #12609,#12610,#12611,#12612,#12613,#12614,#12615,#12616,#12617,
    #12618,#12619,#12620,#12621,#12622,#12623,#12624,#12625,#12626,
    #12627,#12628,#12629,#12630,#12631,#12632,#12633,#12634,#12635,
    #12636,#12637,#12638,#12639,#12640,#12641,#12642,#12643,#12644),
  .UNSPECIFIED.,.F.,.F.,(9,7,7,7,7,7,7,7,9),(0.,0.151996610632,
    0.173999870271,0.277011238499,0.432005550598,0.58700003025,
    0.690011247747,0.845005690086,1.),.UNSPECIFIED.);
#12587 = CARTESIAN_POINT('',(-22.49216157274,22.492160466229));
#12588 = CARTESIAN_POINT('',(-20.47866022139,24.505660273575));
#12589 = CARTESIAN_POINT('',(-18.25825097521,26.314076795178));
#12590 = CARTESIAN_POINT('',(-15.85659977999,27.891095482894));
#12591 = CARTESIAN_POINT('',(-13.30225000535,29.216155066178));
#12592 = CARTESIAN_POINT('',(-10.62568433134,30.272785640878));
#12593 = CARTESIAN_POINT('',(-7.859333973237,31.048797453188));
#12594 = CARTESIAN_POINT('',(-5.037442769149,31.536153581545));
#12595 = CARTESIAN_POINT('',(-1.785487151744,31.761261043742));
#12596 = CARTESIAN_POINT('',(-1.373837482624,31.783636756123));
#12597 = CARTESIAN_POINT('',(-0.961871507994,31.799914964519));
#12598 = CARTESIAN_POINT('',(-0.549694605147,31.810090688116));
#12599 = CARTESIAN_POINT('',(-0.137412194561,31.81416108033));
#12600 = CARTESIAN_POINT('',(0.274870260102,31.81212542881));
#12601 = CARTESIAN_POINT('',(0.687047251996,31.803985155435));
#12602 = CARTESIAN_POINT('',(3.027690157415,31.723070975449));
#12603 = CARTESIAN_POINT('',(4.95193165014,31.522668880836));
#12604 = CARTESIAN_POINT('',(6.860639125169,31.188868725161));
#12605 = CARTESIAN_POINT('',(8.743024120328,30.72314939761));
#12606 = CARTESIAN_POINT('',(10.588574575733,30.127990680671));
#12607 = CARTESIAN_POINT('',(12.387048226202,29.406821863451));
#12608 = CARTESIAN_POINT('',(14.128493105724,28.564065771502));
#12609 = CARTESIAN_POINT('',(18.3232577408,26.162654737592));
#12610 = CARTESIAN_POINT('',(20.69394704148,24.456429377346));
#12611 = CARTESIAN_POINT('',(22.881212551633,22.505564190284));
#12612 = CARTESIAN_POINT('',(24.856161899588,20.333668437382));
#12613 = CARTESIAN_POINT('',(26.593617762268,17.967490327658));
#12614 = CARTESIAN_POINT('',(28.072346098527,15.437004029906));
#12615 = CARTESIAN_POINT('',(29.274930068521,12.7752063533));
#12616 = CARTESIAN_POINT('',(31.104179601742,7.263453340855));
#12617 = CARTESIAN_POINT('',(31.73173650721,4.410810195445));
#12618 = CARTESIAN_POINT('',(32.059432409087,1.498312521374));
#12619 = CARTESIAN_POINT('',(32.081498439968,-1.437176049644));
#12620 = CARTESIAN_POINT('',(31.797032262394,-4.358932371505));
#12621 = CARTESIAN_POINT('',(31.210219295366,-7.23046139809));
#12622 = CARTESIAN_POINT('',(30.330103155889,-10.01556358532));
#12623 = CARTESIAN_POINT('',(28.403516823804,-14.44852114972));
#12624 = CARTESIAN_POINT('',(27.511515443763,-16.16525837422));
#12625 = CARTESIAN_POINT('',(26.501105844264,-17.8186331686));
#12626 = CARTESIAN_POINT('',(25.377621486598,-19.39915179039));
#12627 = CARTESIAN_POINT('',(24.147222779104,-20.89794304541));
#12628 = CARTESIAN_POINT('',(22.816853640318,-22.30673463796));
#12629 = CARTESIAN_POINT('',(21.394275813774,-23.61788895434));
#12630 = CARTESIAN_POINT('',(17.622055539557,-26.64000676592));
#12631 = CARTESIAN_POINT('',(15.165418291711,-28.21998291614));
#12632 = CARTESIAN_POINT('',(12.54843128741,-29.53960319268));
#12633 = CARTESIAN_POINT('',(9.803653628485,-30.5806446514));
#12634 = CARTESIAN_POINT('',(6.965204259548,-31.32949566455));
#12635 = CARTESIAN_POINT('',(4.068756957567,-31.77739432315));
#12636 = CARTESIAN_POINT('',(1.151397271234,-31.92023641331));
#12637 = CARTESIAN_POINT('',(-4.647198704735,-31.60112587211));
#12638 = CARTESIAN_POINT('',(-7.531265705159,-31.1390179788));
#12639 = CARTESIAN_POINT('',(-10.36107082394,-30.37598764261));
#12640 = CARTESIAN_POINT('',(-13.10020122838,-29.32018204636));
#12641 = CARTESIAN_POINT('',(-15.71415979399,-27.9842250237));
#12642 = CARTESIAN_POINT('',(-18.17052865798,-26.38539309869));
#12643 = CARTESIAN_POINT('',(-20.43894710822,-24.54537650482));
#12644 = CARTESIAN_POINT('',(-22.49216046685,-22.49216157218));
#12645 = ( GEOMETRIC_REPRESENTATION_CONTEXT(2) 
PARAMETRIC_REPRESENTATION_CONTEXT() REPRESENTATION_CONTEXT('2D SPACE',''
  ) );
#12646 = FACE_BOUND('',#12647,.F.);
#12647 = EDGE_LOOP('',(#12648,#12670,#12671,#12672));
#12648 = ORIENTED_EDGE('',*,*,#12649,.F.);
#12649 = EDGE_CURVE('',#10368,#8144,#12650,.T.);
#12650 = SURFACE_CURVE('',#12651,(#12656,#12663),.PCURVE_S1.);
#12651 = CIRCLE('',#12652,30.458734122635);
#12652 = AXIS2_PLACEMENT_3D('',#12653,#12654,#12655);
#12653 = CARTESIAN_POINT('',(0.,0.,0.));
#12654 = DIRECTION('',(0.,0.,1.));
#12655 = DIRECTION('',(1.,0.,-0.));
#12656 = PCURVE('',#7638,#12657);
#12657 = DEFINITIONAL_REPRESENTATION('',(#12658),#12662);
#12658 = CIRCLE('',#12659,30.458734122635);
#12659 = AXIS2_PLACEMENT_2D('',#12660,#12661);
#12660 = CARTESIAN_POINT('',(0.,0.));
#12661 = DIRECTION('',(1.,0.));
#12662 = ( GEOMETRIC_REPRESENTATION_CONTEXT(2) 
PARAMETRIC_REPRESENTATION_CONTEXT() REPRESENTATION_CONTEXT('2D SPACE',''
  ) );
#12663 = PCURVE('',#8293,#12664);
#12664 = DEFINITIONAL_REPRESENTATION('',(#12665),#12669);
#12665 = LINE('',#12666,#12667);
#12666 = CARTESIAN_POINT('',(0.,0.));
#12667 = VECTOR('',#12668,1.);
#12668 = DIRECTION('',(1.,0.));
#12669 = ( GEOMETRIC_REPRESENTATION_CONTEXT(2) 
PARAMETRIC_REPRESENTATION_CONTEXT() REPRESENTATION_CONTEXT('2D SPACE',''
  ) );
#12670 = ORIENTED_EDGE('',*,*,#10515,.F.);
#12671 = ORIENTED_EDGE('',*,*,#10224,.F.);
#12672 = ORIENTED_EDGE('',*,*,#8143,.F.);
#12673 = ADVANCED_FACE('',(#12674),#7674,.F.);
#12674 = FACE_BOUND('',#12675,.F.);
#12675 = EDGE_LOOP('',(#12676,#12677,#12678,#12679,#12680));
#12676 = ORIENTED_EDGE('',*,*,#7686,.T.);
#12677 = ORIENTED_EDGE('',*,*,#7657,.T.);
#12678 = ORIENTED_EDGE('',*,*,#12285,.T.);
#12679 = ORIENTED_EDGE('',*,*,#12461,.T.);
#12680 = ORIENTED_EDGE('',*,*,#12381,.T.);
#12681 = ADVANCED_FACE('',(#12682),#7840,.F.);
#12682 = FACE_BOUND('',#12683,.F.);
#12683 = EDGE_LOOP('',(#12684,#12685,#12686,#12707));
#12684 = ORIENTED_EDGE('',*,*,#7824,.T.);
#12685 = ORIENTED_EDGE('',*,*,#10611,.F.);
#12686 = ORIENTED_EDGE('',*,*,#12687,.F.);
#12687 = EDGE_CURVE('',#9550,#10612,#12688,.T.);
#12688 = SURFACE_CURVE('',#12689,(#12693,#12700),.PCURVE_S1.);
#12689 = LINE('',#12690,#12691);
#12690 = CARTESIAN_POINT('',(30.458734122635,-7.460238249873E-15,0.));
#12691 = VECTOR('',#12692,1.);
#12692 = DIRECTION('',(0.,0.,1.));
#12693 = PCURVE('',#7840,#12694);
#12694 = DEFINITIONAL_REPRESENTATION('',(#12695),#12699);
#12695 = LINE('',#12696,#12697);
#12696 = CARTESIAN_POINT('',(0.,-0.));
#12697 = VECTOR('',#12698,1.);
#12698 = DIRECTION('',(0.,1.));
#12699 = ( GEOMETRIC_REPRESENTATION_CONTEXT(2) 
PARAMETRIC_REPRESENTATION_CONTEXT() REPRESENTATION_CONTEXT('2D SPACE',''
  ) );
#12700 = PCURVE('',#9717,#12701);
#12701 = DEFINITIONAL_REPRESENTATION('',(#12702),#12706);
#12702 = LINE('',#12703,#12704);
#12703 = CARTESIAN_POINT('',(6.28318530718,-0.));
#12704 = VECTOR('',#12705,1.);
#12705 = DIRECTION('',(0.,1.));
#12706 = ( GEOMETRIC_REPRESENTATION_CONTEXT(2) 
PARAMETRIC_REPRESENTATION_CONTEXT() REPRESENTATION_CONTEXT('2D SPACE',''
  ) );
#12707 = ORIENTED_EDGE('',*,*,#9805,.T.);
#12708 = ADVANCED_FACE('',(#12709),#9717,.F.);
#12709 = FACE_BOUND('',#12710,.F.);
#12710 = EDGE_LOOP('',(#12711,#12712,#12713,#12734));
#12711 = ORIENTED_EDGE('',*,*,#12687,.T.);
#12712 = ORIENTED_EDGE('',*,*,#10862,.F.);
#12713 = ORIENTED_EDGE('',*,*,#12714,.F.);
#12714 = EDGE_CURVE('',#9336,#10863,#12715,.T.);
#12715 = SURFACE_CURVE('',#12716,(#12720,#12727),.PCURVE_S1.);
#12716 = LINE('',#12717,#12718);
#12717 = CARTESIAN_POINT('',(30.458734122635,-7.460238249873E-15,0.));
#12718 = VECTOR('',#12719,1.);
#12719 = DIRECTION('',(0.,0.,1.));
#12720 = PCURVE('',#9717,#12721);
#12721 = DEFINITIONAL_REPRESENTATION('',(#12722),#12726);
#12722 = LINE('',#12723,#12724);
#12723 = CARTESIAN_POINT('',(0.,-0.));
#12724 = VECTOR('',#12725,1.);
#12725 = DIRECTION('',(0.,1.));
#12726 = ( GEOMETRIC_REPRESENTATION_CONTEXT(2) 
PARAMETRIC_REPRESENTATION_CONTEXT() REPRESENTATION_CONTEXT('2D SPACE',''
  ) );
#12727 = PCURVE('',#9475,#12728);
#12728 = DEFINITIONAL_REPRESENTATION('',(#12729),#12733);
#12729 = LINE('',#12730,#12731);
#12730 = CARTESIAN_POINT('',(6.28318530718,-0.));
#12731 = VECTOR('',#12732,1.);
#12732 = DIRECTION('',(0.,1.));
#12733 = ( GEOMETRIC_REPRESENTATION_CONTEXT(2) 
PARAMETRIC_REPRESENTATION_CONTEXT() REPRESENTATION_CONTEXT('2D SPACE',''
  ) );
#12734 = ORIENTED_EDGE('',*,*,#9549,.T.);
#12735 = ADVANCED_FACE('',(#12736),#9475,.F.);
#12736 = FACE_BOUND('',#12737,.F.);
#12737 = EDGE_LOOP('',(#12738,#12739,#12740,#12761));
#12738 = ORIENTED_EDGE('',*,*,#12714,.T.);
#12739 = ORIENTED_EDGE('',*,*,#11113,.F.);
#12740 = ORIENTED_EDGE('',*,*,#12741,.F.);
#12741 = EDGE_CURVE('',#9101,#11114,#12742,.T.);
#12742 = SURFACE_CURVE('',#12743,(#12747,#12754),.PCURVE_S1.);
#12743 = LINE('',#12744,#12745);
#12744 = CARTESIAN_POINT('',(30.458734122635,-7.460238249873E-15,0.));
#12745 = VECTOR('',#12746,1.);
#12746 = DIRECTION('',(0.,0.,1.));
#12747 = PCURVE('',#9475,#12748);
#12748 = DEFINITIONAL_REPRESENTATION('',(#12749),#12753);
#12749 = LINE('',#12750,#12751);
#12750 = CARTESIAN_POINT('',(0.,-0.));
#12751 = VECTOR('',#12752,1.);
#12752 = DIRECTION('',(0.,1.));
#12753 = ( GEOMETRIC_REPRESENTATION_CONTEXT(2) 
PARAMETRIC_REPRESENTATION_CONTEXT() REPRESENTATION_CONTEXT('2D SPACE',''
  ) );
#12754 = PCURVE('',#9254,#12755);
#12755 = DEFINITIONAL_REPRESENTATION('',(#12756),#12760);
#12756 = LINE('',#12757,#12758);
#12757 = CARTESIAN_POINT('',(6.28318530718,-0.));
#12758 = VECTOR('',#12759,1.);
#12759 = DIRECTION('',(0.,1.));
#12760 = ( GEOMETRIC_REPRESENTATION_CONTEXT(2) 
PARAMETRIC_REPRESENTATION_CONTEXT() REPRESENTATION_CONTEXT('2D SPACE',''
  ) );
#12761 = ORIENTED_EDGE('',*,*,#9335,.T.);
#12762 = ADVANCED_FACE('',(#12763),#9254,.F.);
#12763 = FACE_BOUND('',#12764,.F.);
#12764 = EDGE_LOOP('',(#12765,#12766,#12767,#12788));
#12765 = ORIENTED_EDGE('',*,*,#12741,.T.);
#12766 = ORIENTED_EDGE('',*,*,#11364,.F.);
#12767 = ORIENTED_EDGE('',*,*,#12768,.F.);
#12768 = EDGE_CURVE('',#8845,#11365,#12769,.T.);
#12769 = SURFACE_CURVE('',#12770,(#12774,#12781),.PCURVE_S1.);
#12770 = LINE('',#12771,#12772);
#12771 = CARTESIAN_POINT('',(30.458734122635,-7.460238249873E-15,0.));
#12772 = VECTOR('',#12773,1.);
#12773 = DIRECTION('',(0.,0.,1.));
#12774 = PCURVE('',#9254,#12775);
#12775 = DEFINITIONAL_REPRESENTATION('',(#12776),#12780);
#12776 = LINE('',#12777,#12778);
#12777 = CARTESIAN_POINT('',(0.,-0.));
#12778 = VECTOR('',#12779,1.);
#12779 = DIRECTION('',(0.,1.));
#12780 = ( GEOMETRIC_REPRESENTATION_CONTEXT(2) 
PARAMETRIC_REPRESENTATION_CONTEXT() REPRESENTATION_CONTEXT('2D SPACE',''
  ) );
#12781 = PCURVE('',#9012,#12782);
#12782 = DEFINITIONAL_REPRESENTATION('',(#12783),#12787);
#12783 = LINE('',#12784,#12785);
#12784 = CARTESIAN_POINT('',(6.28318530718,-0.));
#12785 = VECTOR('',#12786,1.);
#12786 = DIRECTION('',(0.,1.));
#12787 = ( GEOMETRIC_REPRESENTATION_CONTEXT(2) 
PARAMETRIC_REPRESENTATION_CONTEXT() REPRESENTATION_CONTEXT('2D SPACE',''
  ) );
#12788 = ORIENTED_EDGE('',*,*,#9100,.T.);
#12789 = ADVANCED_FACE('',(#12790),#9012,.F.);
#12790 = FACE_BOUND('',#12791,.F.);
#12791 = EDGE_LOOP('',(#12792,#12793,#12794,#12815));
#12792 = ORIENTED_EDGE('',*,*,#12768,.T.);
#12793 = ORIENTED_EDGE('',*,*,#11594,.F.);
#12794 = ORIENTED_EDGE('',*,*,#12795,.F.);
#12795 = EDGE_CURVE('',#8589,#11595,#12796,.T.);
#12796 = SURFACE_CURVE('',#12797,(#12801,#12808),.PCURVE_S1.);
#12797 = LINE('',#12798,#12799);
#12798 = CARTESIAN_POINT('',(30.458734122635,-7.460238249873E-15,0.));
#12799 = VECTOR('',#12800,1.);
#12800 = DIRECTION('',(0.,0.,1.));
#12801 = PCURVE('',#9012,#12802);
#12802 = DEFINITIONAL_REPRESENTATION('',(#12803),#12807);
#12803 = LINE('',#12804,#12805);
#12804 = CARTESIAN_POINT('',(0.,-0.));
#12805 = VECTOR('',#12806,1.);
#12806 = DIRECTION('',(0.,1.));
#12807 = ( GEOMETRIC_REPRESENTATION_CONTEXT(2) 
PARAMETRIC_REPRESENTATION_CONTEXT() REPRESENTATION_CONTEXT('2D SPACE',''
  ) );
#12808 = PCURVE('',#8756,#12809);
#12809 = DEFINITIONAL_REPRESENTATION('',(#12810),#12814);
#12810 = LINE('',#12811,#12812);
#12811 = CARTESIAN_POINT('',(6.28318530718,-0.));
#12812 = VECTOR('',#12813,1.);
#12813 = DIRECTION('',(0.,1.));
#12814 = ( GEOMETRIC_REPRESENTATION_CONTEXT(2) 
PARAMETRIC_REPRESENTATION_CONTEXT() REPRESENTATION_CONTEXT('2D SPACE',''
  ) );
#12815 = ORIENTED_EDGE('',*,*,#8844,.T.);
#12816 = ADVANCED_FACE('',(#12817),#8756,.F.);
#12817 = FACE_BOUND('',#12818,.F.);
#12818 = EDGE_LOOP('',(#12819,#12820,#12821,#12842));
#12819 = ORIENTED_EDGE('',*,*,#12795,.T.);
#12820 = ORIENTED_EDGE('',*,*,#11824,.F.);
#12821 = ORIENTED_EDGE('',*,*,#12822,.F.);
#12822 = EDGE_CURVE('',#8333,#11825,#12823,.T.);
#12823 = SURFACE_CURVE('',#12824,(#12828,#12835),.PCURVE_S1.);
#12824 = LINE('',#12825,#12826);
#12825 = CARTESIAN_POINT('',(30.458734122635,-7.460238249873E-15,0.));
#12826 = VECTOR('',#12827,1.);
#12827 = DIRECTION('',(0.,0.,1.));
#12828 = PCURVE('',#8756,#12829);
#12829 = DEFINITIONAL_REPRESENTATION('',(#12830),#12834);
#12830 = LINE('',#12831,#12832);
#12831 = CARTESIAN_POINT('',(0.,-0.));
#12832 = VECTOR('',#12833,1.);
#12833 = DIRECTION('',(0.,1.));
#12834 = ( GEOMETRIC_REPRESENTATION_CONTEXT(2) 
PARAMETRIC_REPRESENTATION_CONTEXT() REPRESENTATION_CONTEXT('2D SPACE',''
  ) );
#12835 = PCURVE('',#8500,#12836);
#12836 = DEFINITIONAL_REPRESENTATION('',(#12837),#12841);
#12837 = LINE('',#12838,#12839);
#12838 = CARTESIAN_POINT('',(6.28318530718,-0.));
#12839 = VECTOR('',#12840,1.);
#12840 = DIRECTION('',(0.,1.));
#12841 = ( GEOMETRIC_REPRESENTATION_CONTEXT(2) 
PARAMETRIC_REPRESENTATION_CONTEXT() REPRESENTATION_CONTEXT('2D SPACE',''
  ) );
#12842 = ORIENTED_EDGE('',*,*,#8588,.T.);
#12843 = ADVANCED_FACE('',(#12844),#8500,.F.);
#12844 = FACE_BOUND('',#12845,.F.);
#12845 = EDGE_LOOP('',(#12846,#12847,#12848,#12869));
#12846 = ORIENTED_EDGE('',*,*,#12822,.T.);
#12847 = ORIENTED_EDGE('',*,*,#12033,.F.);
#12848 = ORIENTED_EDGE('',*,*,#12849,.F.);
#12849 = EDGE_CURVE('',#8224,#10370,#12850,.T.);
#12850 = SURFACE_CURVE('',#12851,(#12855,#12862),.PCURVE_S1.);
#12851 = LINE('',#12852,#12853);
#12852 = CARTESIAN_POINT('',(30.458734122635,-7.460238249873E-15,0.));
#12853 = VECTOR('',#12854,1.);
#12854 = DIRECTION('',(0.,0.,1.));
#12855 = PCURVE('',#8500,#12856);
#12856 = DEFINITIONAL_REPRESENTATION('',(#12857),#12861);
#12857 = LINE('',#12858,#12859);
#12858 = CARTESIAN_POINT('',(0.,-0.));
#12859 = VECTOR('',#12860,1.);
#12860 = DIRECTION('',(0.,1.));
#12861 = ( GEOMETRIC_REPRESENTATION_CONTEXT(2) 
PARAMETRIC_REPRESENTATION_CONTEXT() REPRESENTATION_CONTEXT('2D SPACE',''
  ) );
#12862 = PCURVE('',#8293,#12863);
#12863 = DEFINITIONAL_REPRESENTATION('',(#12864),#12868);
#12864 = LINE('',#12865,#12866);
#12865 = CARTESIAN_POINT('',(6.28318530718,-0.));
#12866 = VECTOR('',#12867,1.);
#12867 = DIRECTION('',(0.,1.));
#12868 = ( GEOMETRIC_REPRESENTATION_CONTEXT(2) 
PARAMETRIC_REPRESENTATION_CONTEXT() REPRESENTATION_CONTEXT('2D SPACE',''
  ) );
#12869 = ORIENTED_EDGE('',*,*,#8332,.T.);
#12870 = ADVANCED_FACE('',(#12871),#8293,.F.);
#12871 = FACE_BOUND('',#12872,.F.);
#12872 = EDGE_LOOP('',(#12873,#12874,#12875,#12876));
#12873 = ORIENTED_EDGE('',*,*,#12849,.T.);
#12874 = ORIENTED_EDGE('',*,*,#10367,.F.);
#12875 = ORIENTED_EDGE('',*,*,#12649,.T.);
#12876 = ORIENTED_EDGE('',*,*,#8223,.T.);
#12877 = ( GEOMETRIC_REPRESENTATION_CONTEXT(3) 
GLOBAL_UNCERTAINTY_ASSIGNED_CONTEXT((#12881)) 
GLOBAL_UNIT_ASSIGNED_CONTEXT((#12878,#12879,#12880)) 
REPRESENTATION_CONTEXT('Context #1',
  '3D Context with UNIT and UNCERTAINTY') );
#12878 = ( LENGTH_UNIT() NAMED_UNIT(*) SI_UNIT(.MILLI.,.METRE.) );
#12879 = ( NAMED_UNIT(*) PLANE_ANGLE_UNIT() SI_UNIT($,.RADIAN.) );
#12880 = ( NAMED_UNIT(*) SI_UNIT($,.STERADIAN.) SOLID_ANGLE_UNIT() );
#12881 = UNCERTAINTY_MEASURE_WITH_UNIT(LENGTH_MEASURE(1.E-05),#12878,
  'distance_accuracy_value','confusion accuracy');
#12882 = PRODUCT_RELATED_PRODUCT_CATEGORY('part',$,(#7));
ENDSEC;
END-ISO-10303-21;
